collision-id,report-number,report-version,is-preliminary,ncic-code,crash-date-time,crash-time-description,beat,city-id,city-code,city-name,county-code,city-is-active,city-is-incorporated,collision-type-code,collision-type-description,collision-type-other-desc,day-of-week,dispatch-notified,has-photographs,hit-run,is-attachments-mailed,is-deleted,is-highway-related,is-tow-away,judicial-district,motor-vehicle-involved-with-code,motor-vehicle-involved-with-desc,motor-vehicle-involved-with-other-desc,number-injured,number-killed,lighting-code,lighting-description,latitude,longitude,milepost-direction,milepost-distance,milepost-marker,milepost-unit-of-measure,pedestrian-action-code,pedestrian-action-desc,prepared-date,primary-collision-factor-code,primary-collision-factor-description,primary-collision-factor-is-cited,primary-collision-party-number,primary-road,reporting-district,reporting-district-code,reviewed-date,roadway-surface-code,secondary-direction,secondary-distance,secondary-road,secondary-unit-of-measure,sketch-desc,traffic-control-device-code,created-date,modified-date,is-county-road,is-freeway,chp-555-version,is-additonal-object-struck,notification-date,notification-time-description,has-digital-media-files,evidence-number,is-location-refer-to-narrative,is-aoi-one-same-as-location
1183143,9370-2020-00331,1,False,9370,1/29/2020 7:40:00 AM,740,052,14,109,Oakland,1,True,True,C,REAR END,,Wednesday,NotApplicable,False,M,,False,True,False,Oakland Superior,C,OTHER MOTOR VEHICLE,,0,0,A,DAYLIGHT,37.78651,-122.19511,,,,,A,NO PEDESTRIANS INVOLVED,1/29/2020 12:00:00 AM,A,22350,False,2,I-580 W/B,,,2/10/2020 6:19:39 AM,A,E,203.0,High St,F,,D,2/10/2020 6:21:47 AM,2/10/2020 6:21:47 AM,,True,2,,,,,,,
1183058,9370-2020-00420,1,False,9370,2/6/2020 6:25:00 AM,625,177,14,109,Oakland,1,True,True,B,SIDE SWIPE,,Thursday,NotApplicable,False,M,,False,True,False,Oakland Superior,C,OTHER MOTOR VEHICLE,,0,0,A,DAYLIGHT,37.797644,-122.272426,,,,,A,NO PEDESTRIANS INVOLVED,2/6/2020 12:00:00 AM,A,21658(a),False,1,I-880 N/B,,,2/9/2020 3:54:26 PM,A,S,735.0,Broadway,F,,D,2/9/2020 3:55:20 PM,2/9/2020 3:55:20 PM,,True,2,,,,,,,
1183056,9370-2020-00445,1,False,9370,2/7/2020 12:13:00 PM,1213,176,14,109,Oakland,1,True,True,C,REAR END,,Friday,NotApplicable,False,,,False,True,True,Oakland Superior,C,OTHER MOTOR VEHICLE,,0,0,A,DAYLIGHT,37.739532,-122.19536,,,,,A,NO PEDESTRIANS INVOLVED,2/7/2020 12:00:00 AM,A,22350,False,1,I-880 N/B,,,2/9/2020 3:27:21 PM,A,S,940.0,Hegenberger Rd,F,,D,2/9/2020 3:28:33 PM,2/9/2020 3:28:33 PM,,True,2,,,,,,,
1183054,9370-2020-00442,1,False,9370,2/7/2020 8:50:00 AM,850,176,14,109,Oakland,1,True,True,C,REAR END,,Friday,NotApplicable,False,,,False,True,True,Oakland Superior,C,OTHER MOTOR VEHICLE,,0,0,A,DAYLIGHT,37.774745,-122.232439,,,,,A,NO PEDESTRIANS INVOLVED,2/7/2020 12:00:00 AM,A,22350,False,1,I-880 N/B,,,2/9/2020 3:20:11 PM,A,S,275.0,29th Ave,F,,D,2/9/2020 3:21:28 PM,2/9/2020 3:21:28 PM,,True,2,,,,,,,
1183046,9370-2020-00381,1,False,9370,2/2/2020 1:30:00 PM,1330,053,14,109,Oakland,1,True,True,E,HIT OBJECT,,Sunday,NotApplicable,False,,,False,True,False,Oakland Superior,J,OTHER OBJECT,METAL SIGN,0,0,A,DAYLIGHT,37.800462,-122.338662,,,,,A,NO PEDESTRIANS INVOLVED,2/2/2020 12:00:00 AM,C,,,,I-580 E/B from Beaumont Ave,,,2/9/2020 2:23:12 PM,A,E,50.0,Beaumont Ave,F,,D,2/9/2020 2:23:43 PM,2/9/2020 2:23:43 PM,,True,2,,,,,,,
1183038,9370-2020-00446,2,False,9370,2/7/2020 2:01:00 PM,1401,176,14,109,Oakland,1,True,True,B,SIDE SWIPE,,Friday,NotApplicable,False,,,False,True,True,Oakland Superior,C,OTHER MOTOR VEHICLE,,1,0,A,DAYLIGHT,37.45468,-122.12571,,,,,A,NO PEDESTRIANS INVOLVED,2/7/2020 12:00:00 AM,A,21658(a),False,1,I-880 N/B,,,2/25/2020 7:13:24 AM,A,S,2290.0,High St,F,,D,2/9/2020 1:43:51 PM,2/25/2020 7:13:36 AM,,True,2,,,,,,,
1183035,9370-2020-00371,1,False,9370,1/31/2020 10:53:00 AM,1053,052,14,109,Oakland,1,True,True,C,REAR END,,Friday,Yes,False,,,False,True,True,Oakland Superior,C,OTHER MOTOR VEHICLE,,2,0,A,DAYLIGHT,37.45308,-122.8527,,,,,A,NO PEDESTRIANS INVOLVED,1/31/2020 12:00:00 AM,A,22350,False,1,I-580 E/B,,,2/9/2020 1:28:24 PM,A,E,40.0,Twin Oaks Way,F,,D,2/9/2020 1:29:15 PM,2/9/2020 1:29:15 PM,,True,2,,,,,,,
1183007,9370-2020-00366,1,False,9370,1/31/2020 4:50:00 PM,1650,098,14,109,Oakland,1,True,True,C,REAR END,,Friday,NotApplicable,False,,,False,True,True,Oakland Superior,C,OTHER MOTOR VEHICLE,,0,0,A,DAYLIGHT,37.81288,-122.27283,,,,,A,NO PEDESTRIANS INVOLVED,1/31/2020 12:00:00 AM,A,22350,False,1,I-980 E/B,,,2/9/2020 10:56:18 AM,A,E,380.0,San Pablo Ave,F,,D,2/9/2020 10:57:40 AM,2/9/2020 10:57:40 AM,,True,2,,,,,,,
1182251,9370-2020-00346,1,False,9370,1/30/2020 8:36:00 AM,836,052,14,109,Oakland,1,True,True,B,SIDE SWIPE,,Thursday,NotApplicable,False,M,,False,True,False,Oakland Superior,C,OTHER MOTOR VEHICLE,,0,0,A,DAYLIGHT,37.765057,-122.151328,,,,,A,NO PEDESTRIANS INVOLVED,1/30/2020 12:00:00 AM,A,22107,False,1,I-580 W/B,,,2/7/2020 8:47:49 AM,A,E,475.0,Fontaine St Over-Crossing,F,,D,2/7/2020 8:48:56 AM,2/7/2020 8:48:56 AM,,True,2,,,,,,,
1182095,9370-2020-00410,1,False,9370,2/5/2020 9:25:00 PM,2125,052,14,109,Oakland,1,True,True,B,SIDE SWIPE,,Wednesday,NotApplicable,False,M,,False,True,False,Oakland Superior,C,OTHER MOTOR VEHICLE,,0,0,C,DARK-STREET LIGHTS,37.74926,-122.15108,,,,,A,NO PEDESTRIANS INVOLVED,2/5/2020 12:00:00 AM,A,21658(a),False,1,I-580 E/B,,,2/7/2020 6:09:42 AM,A,W,500.0,106th Ave,F,,D,2/7/2020 6:10:42 AM,2/7/2020 6:10:42 AM,,True,2,,,,,,,
1182090,9370-2020-00360,1,False,9370,1/31/2020 10:26:00 AM,1026,176,14,109,Oakland,1,True,True,C,REAR END,,Friday,NotApplicable,False,M,,False,True,False,Oakland Superior,C,OTHER MOTOR VEHICLE,,0,0,A,DAYLIGHT,37.75411,-122.2082,,,,,A,NO PEDESTRIANS INVOLVED,1/31/2020 12:00:00 AM,A,22350,False,1,I-880 N/B,,,2/7/2020 5:59:28 AM,A,N,50.0,66th Ave,F,,D,2/7/2020 6:00:14 AM,2/7/2020 6:00:14 AM,,True,2,,,,,,,
1182070,9370-2020-00313,1,False,9370,1/28/2020 9:45:00 AM,945,176,14,109,Oakland,1,True,True,C,REAR END,,Tuesday,NotApplicable,False,,,False,True,False,Oakland Superior,C,OTHER MOTOR VEHICLE,,0,0,A,DAYLIGHT,37.748002,-122.202763,,,,,A,NO PEDESTRIANS INVOLVED,1/28/2020 12:00:00 AM,A,22350,False,1,I-880 N/B,,,2/7/2020 4:24:04 AM,A,S,2600.0,66th Ave,F,,D,2/7/2020 4:24:40 AM,2/7/2020 4:24:40 AM,,True,2,,,,,,,
1182031,9370-2020-00365,1,False,9370,1/31/2020 12:40:00 PM,1240,054,14,109,Oakland,1,True,True,H,OTHER,BACKING,Friday,NotApplicable,True,,,False,True,True,Oakland Superior,C,OTHER MOTOR VEHICLE,,1,0,A,DAYLIGHT,37.807355,-122.239763,,,,,A,NO PEDESTRIANS INVOLVED,1/31/2020 12:00:00 AM,A,22106 VC,False,1,I-580 E/B,,,2/6/2020 9:00:11 PM,A,E,660.0,LAKE PARK AVENUE,F,,D,2/6/2020 9:01:16 PM,2/6/2020 9:01:16 PM,,True,2,,,,,,,
1182026,9370-2020-00384,1,False,9370,2/2/2020 3:35:00 PM,1535,054,14,109,Oakland,1,True,True,B,SIDE SWIPE,,Sunday,NotApplicable,False,,,False,True,True,Oakland Superior,C,OTHER MOTOR VEHICLE,,0,0,A,DAYLIGHT,37.491465,-122.152555,,,,,A,NO PEDESTRIANS INVOLVED,2/2/2020 12:00:00 AM,C,,,,I-580 E/B,,,2/6/2020 8:14:24 PM,A,W,950.0,Harrison St,F,,D,2/6/2020 8:16:07 PM,2/6/2020 8:16:07 PM,,True,2,,,,,,,
1181616,9370-2020-00421,1,False,9370,2/6/2020 7:40:00 AM,740,055,14,109,Oakland,1,True,True,B,SIDE SWIPE,,Thursday,NotApplicable,False,M,,False,True,True,Oakland Superior,C,OTHER MOTOR VEHICLE,,0,0,A,DAYLIGHT,37.823045,-122.263246,,,,,A,NO PEDESTRIANS INVOLVED,2/6/2020 12:00:00 AM,A,21658(a) VC,False,2,I-580 E/B,,,2/6/2020 11:24:06 AM,A,E,800.0,Telegraph Ave,F,,A,2/6/2020 11:24:59 AM,2/6/2020 11:24:59 AM,,True,2,,,,,,,
1181607,9370-2020-00419,1,False,9370,2/5/2020 7:02:00 PM,1902,098,14,109,Oakland,1,True,True,C,REAR END,,Wednesday,NotApplicable,False,,,False,True,True,Oakland Superior,C,OTHER MOTOR VEHICLE,,0,0,C,DARK-STREET LIGHTS,37.491859,-122.160636,,,,,A,NO PEDESTRIANS INVOLVED,2/5/2020 12:00:00 AM,A,22350,False,2,I-980 E/B to I-580 E/B,,,2/6/2020 11:18:10 AM,A,E,740.0,30th Street,F,,D,2/6/2020 11:19:18 AM,2/6/2020 11:19:18 AM,,True,2,,,,,,,
1181430,9370-2020-00370,1,False,9370,1/31/2020 8:40:00 PM,2040,025,14,109,Oakland,1,True,True,B,SIDE SWIPE,,Friday,NotApplicable,False,,,False,True,False,Oakland Superior,C,OTHER MOTOR VEHICLE,,0,0,C,DARK-STREET LIGHTS,37.842894,-122.257818,,,,,A,NO PEDESTRIANS INVOLVED,1/31/2020 12:00:00 AM,A,21658(a),False,,SR-24 W/B FROM CLAREMONT AVE,,,2/6/2020 9:28:03 AM,A,W,25.0,Claremont Ave,F,,D,2/6/2020 9:28:43 AM,2/6/2020 9:28:43 AM,,True,2,,,,,,,
1181392,9370-2020-00319,1,False,9370,1/18/2020 11:30:00 AM,1130,177,14,109,Oakland,1,True,True,B,SIDE SWIPE,,Saturday,NotApplicable,False,M,,False,True,False,Oakland Superior,C,OTHER MOTOR VEHICLE,,0,0,A,DAYLIGHT,37.798985,-122.275832,,,,,A,NO PEDESTRIANS INVOLVED,1/18/2020 12:00:00 AM,A,21658(a),False,1,I-880 N/B,,,2/6/2020 9:04:24 AM,A,N,600.0,Broadway,F,,D,2/6/2020 9:05:42 AM,2/6/2020 9:05:42 AM,,True,2,,,,,,,
1181290,9370-2020-00358,1,False,9370,1/20/2020 8:06:00 PM,2006,052,14,109,Oakland,1,True,True,B,SIDE SWIPE,,Monday,NotApplicable,False,M,,False,True,False,Oakland Superior,C,OTHER MOTOR VEHICLE,,0,0,C,DARK-STREET LIGHTS,37.758091,-122.147988,,,,,A,NO PEDESTRIANS INVOLVED,1/20/2020 12:00:00 AM,A,21658(a),False,1,I-580 E/B,,,2/6/2020 6:50:47 AM,A,W,1000.0,GOLF LINKS ROAD,F,,D,2/6/2020 7:51:23 AM,2/6/2020 7:51:23 AM,,True,2,,,,,,,
1181223,9370-2020-00335,1,False,9370,1/14/2020 3:40:00 PM,1540,025,14,109,Oakland,1,True,True,E,HIT OBJECT,,Tuesday,NotApplicable,False,,,False,True,False,Oakland Superior,J,OTHER OBJECT,UNKNOWN DEBRIS,0,0,A,DAYLIGHT,37.836124,-122.265987,,,,,A,NO PEDESTRIANS INVOLVED,1/14/2020 12:00:00 AM,A,23114(a),False,1,SR-24 W/B,,,2/6/2020 6:37:05 AM,A,W,1240.0,40th St,F,,D,2/6/2020 6:37:57 AM,2/6/2020 6:37:57 AM,,True,2,,,,,,,
1181216,9370-2020-00380,1,False,9370,1/31/2020 9:15:00 PM,2115,053,14,109,Oakland,1,True,True,B,SIDE SWIPE,,Friday,NotApplicable,False,M,,False,True,False,Oakland Superior,C,OTHER MOTOR VEHICLE,,0,0,C,DARK-STREET LIGHTS,37.798721,-122.218974,,,,,A,NO PEDESTRIANS INVOLVED,1/31/2020 12:00:00 AM,A,21658(a),False,1,I-580 E/B,,,2/6/2020 6:19:29 AM,A,W,550.0,Fruitvale Ave,F,,D,2/6/2020 6:21:16 AM,2/6/2020 6:21:16 AM,,True,2,,,,,,,
1181192,9370-2020-00339,1,False,9370,1/30/2020 3:22:00 AM,322,024,14,109,Oakland,1,True,True,A,HEAD-ON,,Thursday,Yes,False,,,False,True,True,Oakland Superior,I,FIXED OBJECT,METAL IMPACT ATTENUATOR,2,0,C,DARK-STREET LIGHTS,37.8547,-122.26868,,,,,A,NO PEDESTRIANS INVOLVED,1/30/2020 12:00:00 AM,A,23152(a),True,1,SR-24 E/B,,,2/6/2020 5:30:50 AM,A,E,2288.0,KAY STREET,F,,D,2/6/2020 5:31:37 AM,2/6/2020 5:31:37 AM,,True,2,,,,,,,
1181191,9370-2020-00392,1,False,9370,2/3/2020 6:50:00 AM,650,008,14,109,Oakland,1,True,True,B,SIDE SWIPE,,Monday,NotApplicable,False,,,False,True,False,Oakland Superior,C,OTHER MOTOR VEHICLE,,0,0,A,DAYLIGHT,37.8255,-122.30596,,,,,A,NO PEDESTRIANS INVOLVED,2/3/2020 12:00:00 AM,B,UNSAFE MERGE,,1,I-80 W/B,,,2/6/2020 5:18:46 AM,A,E,340.0,I-880 N/B,F,,D,2/6/2020 5:19:21 AM,2/6/2020 5:19:21 AM,,True,2,,,,,,,
1181189,9370-2020-00368,1,False,9370,1/31/2020 4:52:00 AM,452,024,14,109,Oakland,1,True,True,C,REAR END,,Friday,NotApplicable,False,M,,False,True,False,Oakland Superior,C,OTHER MOTOR VEHICLE,,0,0,C,DARK-STREET LIGHTS,37.848669,-122.235096,,,,,A,NO PEDESTRIANS INVOLVED,1/31/2020 12:00:00 AM,A,22350,False,1,SR-24 W/B,,,2/6/2020 5:14:26 AM,A,W,2000.0,KAY ROAD,F,,D,2/6/2020 5:14:59 AM,2/6/2020 5:14:59 AM,,True,2,,,,,,,
1181187,9370-2020-00341,1,False,9370,1/30/2020 12:45:00 AM,45,008,14,109,Oakland,1,True,True,F,OVERTURNED,,Thursday,Yes,False,,,False,True,True,Oakland Superior,I,FIXED OBJECT,Concrete Barrier Wall,1,0,D,DARK-NO STREET LIGHTS,37.828035,-122.295478,,,,,A,NO PEDESTRIANS INVOLVED,1/30/2020 12:00:00 AM,A,23152(a),True,1,I-80 W/B,,,2/6/2020 5:08:36 AM,A,E,4190.0,WEST GRAND AVENUE,F,,D,2/6/2020 5:09:27 AM,2/6/2020 5:09:27 AM,,True,2,,,,,,,
1181122,9370-2020-00398,1,False,9370,2/3/2020 4:35:00 PM,1635,176,14,109,Oakland,1,True,True,C,REAR END,,Monday,NotApplicable,False,M,,False,True,False,Oakland Superior,C,OTHER MOTOR VEHICLE,,0,0,A,DAYLIGHT,37.76302,-122.215891,,,,,A,NO PEDESTRIANS INVOLVED,2/3/2020 12:00:00 AM,A,22350,False,1,I-880 N/B,,,2/5/2020 5:23:51 PM,A,S,2264.0,High St,F,,D,2/5/2020 5:24:53 PM,2/5/2020 5:24:53 PM,,True,2,,,,,,,
1180256,9370-2020-00389,1,False,9370,2/3/2020 6:30:00 AM,630,008,14,109,Oakland,1,True,True,B,SIDE SWIPE,,Monday,NotApplicable,False,,,False,True,False,Oakland Superior,C,OTHER MOTOR VEHICLE,,0,0,A,DAYLIGHT,37.493022,-122.183465,,,,,A,NO PEDESTRIANS INVOLVED,2/3/2020 12:00:00 AM,A,21658(a),False,1,I-80 W/B,,,2/5/2020 6:58:27 AM,A,W,30.0,W. GRAND AVE,F,,D,2/5/2020 6:59:04 AM,2/5/2020 6:59:04 AM,,True,2,,,,,,,
1180248,9370-2020-00171,1,False,9370,1/15/2020 8:19:00 AM,819,179,14,109,Oakland,1,True,True,B,SIDE SWIPE,,Wednesday,NotApplicable,True,M,,False,True,False,Oakland Superior,C,OTHER MOTOR VEHICLE,,0,0,A,DAYLIGHT,37.830158,-122.293272,,,,,A,NO PEDESTRIANS INVOLVED,1/15/2020 12:00:00 AM,A,21658(a),False,1,I-880 N/B TO I-80 E/B,,,2/5/2020 6:48:48 AM,A,S,3004.0,Powell St,F,,D,2/5/2020 6:49:55 AM,2/5/2020 6:49:55 AM,,True,2,,,,,,,
1180183,9370-2020-00268,3,False,9370,1/24/2020 2:49:00 PM,1449,024,14,109,Oakland,1,True,True,C,REAR END,,Friday,Yes,True,F,,False,True,True,Oakland Superior,C,OTHER MOTOR VEHICLE,,1,0,A,DAYLIGHT,37.849077,-122.229195,,,,,A,NO PEDESTRIANS INVOLVED,1/24/2020 12:00:00 AM,A,22350,False,1,SR-24 W/B,,,3/26/2020 4:59:31 AM,A,E,140.0,SR-13 S/B,F,,D,2/4/2020 9:02:30 PM,3/26/2020 5:00:30 AM,,True,2,,,,,,,
1180182,9370-2020-00396,1,False,9370,2/3/2020 3:20:00 PM,1520,054,14,109,Oakland,1,True,True,C,REAR END,,Monday,NotApplicable,False,,,False,True,False,Oakland Superior,C,OTHER MOTOR VEHICLE,,1,0,A,DAYLIGHT,37.803721,-122.232892,,,,,A,NO PEDESTRIANS INVOLVED,2/3/2020 12:00:00 AM,A,22350,False,2,I-580 E/B,,,2/4/2020 8:59:11 PM,A,E,200.0,Park Blvd.,F,,D,2/4/2020 9:00:03 PM,2/4/2020 9:00:03 PM,,True,2,,,,,,,
1179980,9370-2020-00348,1,False,9370,1/30/2020 11:45:00 AM,1145,008,14,109,Oakland,1,True,True,E,HIT OBJECT,,Thursday,NotApplicable,True,,,False,True,False,Oakland Superior,I,FIXED OBJECT,CONCRETE BARRIER BLOCK,0,0,A,DAYLIGHT,37.49272,-122.184531,,,,,A,NO PEDESTRIANS INVOLVED,1/30/2020 12:00:00 AM,A,22107,False,1,I-80 E/B FROM THE SFOBB TP E. PKNG LOT,,,2/4/2020 2:30:15 PM,A,W,860.0,W. GRAND AVE/MARITIME ST.,F,,D,2/4/2020 2:31:28 PM,2/4/2020 2:31:28 PM,,True,2,,,,,,,
1179968,9370-2020-00342,1,False,9370,1/30/2020 8:05:00 AM,805,008,14,109,Oakland,1,True,True,E,HIT OBJECT,,Thursday,Yes,False,,,False,True,True,Oakland Superior,I,FIXED OBJECT,GUARDRAIL,1,0,A,DAYLIGHT,37.494412,-122.173944,,,,,A,NO PEDESTRIANS INVOLVED,1/30/2020 12:00:00 AM,C,,,,I-80 W/B,,,2/4/2020 2:24:38 PM,A,W,3400.0,Powell St,F,,D,2/4/2020 2:25:59 PM,2/4/2020 2:25:59 PM,,True,2,,,,,,,
1179939,9370-2020-00340,1,False,9370,1/29/2020 10:00:00 PM,2200,055,14,109,Oakland,1,True,True,B,SIDE SWIPE,,Wednesday,Yes,False,,,False,True,True,Oakland Superior,C,OTHER MOTOR VEHICLE,,0,0,C,DARK-STREET LIGHTS,37.828851,-122.293115,,,,,A,NO PEDESTRIANS INVOLVED,1/29/2020 12:00:00 AM,A,23152(A) VC,True,1,I-580 W/B TO I-80 E/B,,,2/4/2020 2:02:50 PM,A,E,796.0,Beach St,F,,D,2/4/2020 2:03:41 PM,2/4/2020 2:03:41 PM,,True,2,,,,,,,
1179825,9370-2020-00375,1,False,9370,2/1/2020 2:45:00 PM,1445,176,14,109,Oakland,1,True,True,C,REAR END,,Saturday,NotApplicable,False,,,False,True,True,Oakland Superior,C,OTHER MOTOR VEHICLE,,0,0,A,DAYLIGHT,37.771997,-122.22,,,,,A,NO PEDESTRIANS INVOLVED,2/1/2020 12:00:00 AM,A,22350,False,1,I-880 S/B,,,2/4/2020 12:48:04 PM,A,N,1835.0,High St,F,,D,2/4/2020 12:48:36 PM,2/4/2020 12:48:36 PM,,True,2,,,,,,,
1179808,9370-2020-00294,1,False,9370,1/26/2020 1:27:00 PM,1327,177,14,109,Oakland,1,True,True,C,REAR END,,Sunday,NotApplicable,False,,,False,True,True,Oakland Superior,C,OTHER MOTOR VEHICLE,,0,0,A,DAYLIGHT,37.79604,-122.26839,,,,,A,NO PEDESTRIANS INVOLVED,1/26/2020 12:00:00 AM,A,22350,False,1,I-880 N/B,,,2/4/2020 12:35:41 PM,A,S,200.0,Jackson St,F,,D,2/4/2020 12:36:17 PM,2/4/2020 12:36:17 PM,,True,2,,,,,,,
1179743,9370-2020-00401,1,False,9370,2/4/2020 9:02:00 AM,902,176,14,109,Oakland,1,True,True,C,REAR END,,Tuesday,NotApplicable,False,M,,False,True,False,Oakland Superior,C,OTHER MOTOR VEHICLE,,0,0,A,DAYLIGHT,37.738008,-122.194088,,,,,A,NO PEDESTRIANS INVOLVED,2/4/2020 12:00:00 AM,A,22350,False,1,I-880 N/B,,,2/4/2020 11:48:40 AM,A,S,1055.0,Hegenberger Rd,F,,D,2/4/2020 11:49:16 AM,2/4/2020 11:49:16 AM,,True,2,,,,,,,
1179330,9370-2020-00330,2,False,9370,1/29/2020 10:40:00 AM,1040,177,14,109,Oakland,1,True,True,C,REAR END,,Wednesday,NotApplicable,False,,,False,True,False,Oakland Superior,C,OTHER MOTOR VEHICLE,,1,0,A,DAYLIGHT,37.758613,-122.212404,,,,,A,NO PEDESTRIANS INVOLVED,1/29/2020 12:00:00 AM,D,,,,I-880 S/B,,,4/24/2020 11:57:49 AM,A,N,2100.0,66th Ave,F,,D,2/4/2020 7:00:30 AM,4/24/2020 11:58:01 AM,,True,2,,,,,,,
1179321,9370-2020-00225,1,False,9370,1/21/2020 10:55:00 AM,1055,176,14,109,Oakland,1,True,True,B,SIDE SWIPE,,Tuesday,NotApplicable,False,,,False,True,True,Oakland Superior,C,OTHER MOTOR VEHICLE,,0,0,A,DAYLIGHT,37.772298,-122.225402,,,,,A,NO PEDESTRIANS INVOLVED,1/21/2020 12:00:00 AM,A,22350,False,1,I-880 S/B,,,2/4/2020 6:50:16 AM,A,S,795.0,Fruitvale Ave,F,,D,2/4/2020 6:51:05 AM,2/4/2020 6:51:05 AM,,True,2,,,,,,,
1179228,9370-2020-00272,1,False,9370,1/25/2020 3:58:00 AM,358,052,14,109,Oakland,1,True,True,E,HIT OBJECT,,Saturday,NotApplicable,False,,,False,True,True,Oakland Superior,I,FIXED OBJECT,CONCRETE BARRIER,0,0,D,DARK-NO STREET LIGHTS,37.790185,-122.201485,,,,,A,NO PEDESTRIANS INVOLVED,1/25/2020 12:00:00 AM,A,22107 VC,False,1,I-580 W/B,,,2/3/2020 9:37:51 PM,A,E,874.0,35th Ave,F,,D,2/3/2020 9:38:24 PM,2/3/2020 9:38:24 PM,,True,2,,,,,,,
1179222,9370-2020-00228,1,False,9370,1/21/2020 6:32:00 PM,1832,177,14,109,Oakland,1,True,True,B,SIDE SWIPE,,Tuesday,NotApplicable,False,,,False,True,False,Oakland Superior,C,OTHER MOTOR VEHICLE,,0,0,C,DARK-STREET LIGHTS,37.474267,-122.160086,,,,,A,NO PEDESTRIANS INVOLVED,1/21/2020 12:00:00 AM,A,22107,False,2,I-880 S/B,,,2/3/2020 9:19:19 PM,B,S,60.0,Oak St,F,,D,2/3/2020 9:20:28 PM,2/3/2020 9:20:28 PM,,True,2,,,,,,,
1179209,9370-2020-00238,1,False,9370,1/22/2020 7:25:00 AM,725,008,14,109,Oakland,1,True,True,B,SIDE SWIPE,,Wednesday,NotApplicable,False,,,False,True,False,Oakland Superior,C,OTHER MOTOR VEHICLE,,0,0,A,DAYLIGHT,37.824983,-122.309303,,,,,A,NO PEDESTRIANS INVOLVED,1/22/2020 12:00:00 AM,A,21658(a),False,1,I-80 W/B,,,2/3/2020 7:52:01 PM,A,E,45.0,WEST GRAND AVENUE,F,,D,2/3/2020 7:52:52 PM,2/3/2020 7:52:52 PM,,True,2,,,,,,,
1179204,9370-2020-00237,2,False,9370,1/22/2020 5:15:00 AM,515,008,14,109,Oakland,1,True,True,B,SIDE SWIPE,,Wednesday,NotApplicable,False,,,False,True,False,Oakland Superior,C,OTHER MOTOR VEHICLE,,0,0,A,DAYLIGHT,37.825152,-122.308316,,,,,A,NO PEDESTRIANS INVOLVED,1/22/2020 12:00:00 AM,A,21658(a),False,1,I-80 W/B,,,4/8/2020 4:24:04 PM,A,E,305.0,WEST GRAND AVE. O/C,F,,D,2/3/2020 7:38:12 PM,4/8/2020 4:24:17 PM,,True,2,,,,,,,
1179198,9370-2020-00357,1,False,9370,1/30/2020 7:42:00 PM,1942,098,14,109,Oakland,1,True,True,E,HIT OBJECT,,Thursday,Yes,False,,,False,True,True,Oakland Superior,I,FIXED OBJECT,Concrete Wall,0,0,C,DARK-STREET LIGHTS,37.483061,-122.163719,,,,,A,NO PEDESTRIANS INVOLVED,1/30/2020 12:00:00 AM,A,21658(a),False,1,I-980 W/B,,,2/3/2020 7:24:37 PM,A,W,223.0,17th St,F,,D,2/3/2020 7:25:29 PM,2/3/2020 7:25:29 PM,,True,2,,,,,,,
1179182,9370-2020-00393,1,False,9370,2/3/2020 9:25:00 AM,925,053,14,109,Oakland,1,True,True,C,REAR END,,Monday,NotApplicable,False,M,,False,True,False,Oakland Superior,C,OTHER MOTOR VEHICLE,,0,0,A,DAYLIGHT,37.799876,-122.223729,,,,,A,NO PEDESTRIANS INVOLVED,2/3/2020 12:00:00 AM,A,22350 VC,False,2,I-580 W/B,,,2/3/2020 6:25:37 PM,A,E,120.0,ARDLEY AVE.,F,,D,2/3/2020 6:26:11 PM,2/3/2020 6:26:11 PM,,True,2,,,,,,,
1179096,9370-2020-00355,1,False,9370,1/30/2020 5:01:00 PM,1701,024,14,109,Oakland,1,True,True,C,REAR END,,Thursday,NotApplicable,False,,,False,True,True,Oakland Superior,C,OTHER MOTOR VEHICLE,,0,0,A,DAYLIGHT,37.849116,-122.229789,,,,,A,NO PEDESTRIANS INVOLVED,1/30/2020 12:00:00 AM,A,22350,False,1,SR-24 W/B,,,2/3/2020 3:56:56 PM,A,W,180.0,SR-13 S/B,F,,D,2/3/2020 3:57:52 PM,2/3/2020 3:57:52 PM,,True,2,,,,,,,