collision-id,report-number,report-version,is-preliminary,ncic-code,crash-date-time,crash-time-description,beat,city-id,city-code,city-name,county-code,city-is-active,city-is-incorporated,collision-type-code,collision-type-description,collision-type-other-desc,day-of-week,dispatch-notified,has-photographs,hit-run,is-attachments-mailed,is-deleted,is-highway-related,is-tow-away,judicial-district,motor-vehicle-involved-with-code,motor-vehicle-involved-with-desc,motor-vehicle-involved-with-other-desc,number-injured,number-killed,lighting-code,lighting-description,latitude,longitude,milepost-direction,milepost-distance,milepost-marker,milepost-unit-of-measure,pedestrian-action-code,pedestrian-action-desc,prepared-date,primary-collision-factor-code,primary-collision-factor-description,primary-collision-factor-is-cited,primary-collision-party-number,primary-road,reporting-district,reporting-district-code,reviewed-date,roadway-surface-code,secondary-direction,secondary-distance,secondary-road,secondary-unit-of-measure,sketch-desc,traffic-control-device-code,created-date,modified-date,is-county-road,is-freeway,chp-555-version,is-additonal-object-struck,notification-date,notification-time-description,has-digital-media-files,evidence-number,is-location-refer-to-narrative,is-aoi-one-same-as-location
1276709,9370-2020-01732,1,False,9370,7/17/2020 7:55:00 PM,1955,177,14,109,Oakland,1,True,True,E,HIT OBJECT,,Friday,Yes,False,,,False,True,True,Oakland Superior,J,OTHER OBJECT,TRAFFIC CONE,0,0,A,DAYLIGHT,37.789794,-122.257627,,,,,A,NO PEDESTRIANS INVOLVED,7/17/2020 12:00:00 AM,A,23152(a),True,1,I-880 S/B,,,7/29/2020 8:39:53 PM,A,S,528.0,5th Ave,F,,D,7/29/2020 8:40:39 PM,7/29/2020 8:40:39 PM,,True,2,,,,,,,
1276121,9370-2020-01813,1,False,9370,7/27/2020 3:27:00 AM,327,177,14,109,Oakland,1,True,True,B,SIDE SWIPE,,Monday,NotApplicable,False,M,,False,True,True,Oakland Superior,C,OTHER MOTOR VEHICLE,,0,0,C,DARK-STREET LIGHTS,37.798124,-122.274063,,,,,A,NO PEDESTRIANS INVOLVED,7/27/2020 12:00:00 AM,A,21658(a),False,1,I-880 N/B,,,7/29/2020 7:47:16 AM,A,S,230.0,Broadway,F,,D,7/29/2020 7:47:58 AM,7/29/2020 7:47:58 AM,,True,2,,,,,,,
1276029,9370-2020-01811,1,False,9370,7/27/2020 9:00:00 PM,2100,024,14,109,Oakland,1,True,True,B,SIDE SWIPE,,Monday,NotApplicable,False,,,False,True,False,Oakland Superior,C,OTHER MOTOR VEHICLE,,0,0,D,DARK-NO STREET LIGHTS,37.85,-122.22326,,,,,A,NO PEDESTRIANS INVOLVED,7/27/2020 12:00:00 AM,A,21658(a),False,1,SR-24 E/B,,,7/29/2020 5:02:27 AM,A,E,1500.0,SR-13 N/B,F,,D,7/29/2020 5:03:58 AM,7/29/2020 5:03:58 AM,,True,2,,,,,,,
1275973,9370-2020-01721,1,False,9370,7/15/2020 12:00:00 AM,2500,054,14,109,Oakland,1,True,True,E,HIT OBJECT,,Wednesday,Yes,False,M,,False,True,True,Oakland Superior,C,OTHER MOTOR VEHICLE,,0,0,A,DAYLIGHT,37.49243,-122.1547,,,,,A,NO PEDESTRIANS INVOLVED,7/15/2020 12:00:00 AM,A,22107,False,1,I-580 W/B TO I-980 W/B,,,7/28/2020 4:51:42 PM,A,W,260.0,Weber St,F,,D,7/28/2020 4:52:16 PM,7/28/2020 4:52:16 PM,,True,2,,,,,,,
1275941,9370-2020-01760,1,False,9370,7/21/2020 2:51:00 PM,1451,054,14,109,Oakland,1,True,True,B,SIDE SWIPE,,Tuesday,NotApplicable,False,M,,False,True,True,Oakland Superior,C,OTHER MOTOR VEHICLE,,0,0,A,DAYLIGHT,37.484961,-122.15377,,,,,A,NO PEDESTRIANS INVOLVED,7/21/2020 12:00:00 AM,A,21658(a),False,2,I-580 E/B,,,7/28/2020 3:46:16 PM,A,E,2000.0,OAKLAND AVENUE,F,,D,7/28/2020 3:46:48 PM,7/28/2020 3:46:48 PM,,True,2,,,,,,,
1275503,9370-2020-01809,1,False,9370,7/27/2020 6:20:00 PM,1820,178,14,109,Oakland,1,True,True,E,HIT OBJECT,,Monday,NotApplicable,False,,,False,True,True,Oakland Superior,I,FIXED OBJECT,3' CONCRETE WALL,0,0,A,DAYLIGHT,37.48792,-122.1732,,,,,A,NO PEDESTRIANS INVOLVED,7/27/2020 12:00:00 AM,A,22107,False,1,I-880 S/B TO BROADWAY,,,7/28/2020 9:35:05 AM,A,N,560.0,5th St,F,,D,7/28/2020 9:35:40 AM,7/28/2020 9:35:40 AM,,True,2,,,,,,,
1275355,9370-2020-01756,1,False,9370,7/21/2020 4:30:00 AM,430,176,14,109,Oakland,1,True,True,C,REAR END,,Tuesday,Yes,False,,,False,True,True,Oakland Superior,C,OTHER MOTOR VEHICLE,,1,0,C,DARK-STREET LIGHTS,37.73854,-122.19491,,,,,A,NO PEDESTRIANS INVOLVED,7/21/2020 12:00:00 AM,A,22350,False,1,I-880 NB,,,7/28/2020 7:53:06 AM,A,S,1789.0,98th Ave,F,,D,7/28/2020 7:54:17 AM,7/28/2020 7:54:17 AM,,True,2,,,,,,,
1275237,9370-2020-01755,1,False,9370,7/21/2020 4:25:00 AM,425,176,14,109,Oakland,1,True,True,C,REAR END,,Tuesday,NotApplicable,False,,,False,True,True,Oakland Superior,C,OTHER MOTOR VEHICLE,,0,0,C,DARK-STREET LIGHTS,37.72754,-122.18481,,,,,A,NO PEDESTRIANS INVOLVED,7/21/2020 12:00:00 AM,A,22350,False,1,I-880 NB,,,7/27/2020 9:45:06 PM,A,S,1777.0,98th Ave,F,,D,7/27/2020 9:45:38 PM,7/27/2020 9:45:38 PM,,True,2,,,,,,,
1275227,9370-2020-01730,1,False,9370,7/17/2020 10:40:00 AM,1040,052,14,109,Oakland,1,True,True,E,HIT OBJECT,,Friday,Yes,False,,,False,True,True,Oakland Superior,I,FIXED OBJECT,CONCRETE BARRIER,1,0,A,DAYLIGHT,37.778185,-122.167894,,,,,A,NO PEDESTRIANS INVOLVED,7/17/2020 12:00:00 AM,A,22107,False,1,I-580 W/B,,,7/27/2020 7:17:03 PM,A,W,1935.0,SEMINARY AVENUE,F,,D,7/27/2020 7:17:51 PM,7/27/2020 7:17:51 PM,,True,2,,,,,,,
1275219,9370-2020-01735,1,False,9370,7/18/2020 12:00:00 PM,1200,025,14,109,Oakland,1,True,True,C,REAR END,,Saturday,NotApplicable,False,,,False,True,False,Oakland Superior,C,OTHER MOTOR VEHICLE,,0,0,A,DAYLIGHT,37.823048,-122.264017,,,,,A,NO PEDESTRIANS INVOLVED,7/18/2020 12:00:00 AM,A,21658(a),False,2,SR-24 W/B TO I-580 E/B,,,7/27/2020 5:49:48 PM,A,W,590.0,WEBSTER STREET,F,,D,7/27/2020 5:50:29 PM,7/27/2020 5:50:29 PM,,True,2,,,,,,,
1275215,9370-2020-01796,1,False,9370,7/25/2020 1:52:00 PM,1352,177,14,109,Oakland,1,True,True,B,SIDE SWIPE,,Saturday,NotApplicable,True,M,,False,True,False,Oakland Superior,C,OTHER MOTOR VEHICLE,,0,0,A,DAYLIGHT,37.471108,-122.144441,,,,,A,NO PEDESTRIANS INVOLVED,7/25/2020 12:00:00 AM,A,21658(a),False,2,I-880 S/B,,,7/27/2020 5:01:09 PM,A,N,250.0,16th Avenue,F,,D,7/27/2020 5:01:53 PM,7/27/2020 5:01:53 PM,,True,2,,,,,,,
1274466,9370-2020-01754,1,False,9370,7/20/2020 9:15:00 PM,2115,055,14,109,Oakland,1,True,True,D,BROADSIDE,,Monday,NotApplicable,False,M,,False,True,False,Oakland Superior,C,OTHER MOTOR VEHICLE,,0,0,D,DARK-NO STREET LIGHTS,37.82649,-122.27797,,,,,A,NO PEDESTRIANS INVOLVED,7/20/2020 12:00:00 AM,A,21658(a),False,1,I-580 E/B,,,7/26/2020 6:24:55 PM,A,W,1500.0,SR-24,F,,D,7/26/2020 6:25:31 PM,7/26/2020 6:25:31 PM,,True,2,,,,,,,
1274464,9370-2020-01743,1,False,9370,7/19/2020 1:05:00 AM,105,176,14,109,Oakland,1,True,True,B,SIDE SWIPE,,Sunday,Yes,False,,,False,True,True,Oakland Superior,C,OTHER MOTOR VEHICLE,,0,0,C,DARK-STREET LIGHTS,37.774497,-122.231486,,,,,A,NO PEDESTRIANS INVOLVED,7/19/2020 12:00:00 AM,A,23152(a),True,1,I-880 N/B,,,7/26/2020 6:04:57 PM,A,S,556.0,29th Ave,F,,D,7/26/2020 6:06:53 PM,7/26/2020 6:06:53 PM,,True,2,,,,,,,
1274463,9370-2020-01778,1,False,9370,7/21/2020 7:00:00 PM,1900,052,14,109,Oakland,1,True,True,C,REAR END,,Tuesday,NotApplicable,False,,,False,True,False,Oakland Superior,C,OTHER MOTOR VEHICLE,,0,0,A,DAYLIGHT,37.79472,-122.20713,,,,,A,NO PEDESTRIANS INVOLVED,7/21/2020 12:00:00 AM,A,22350,False,1,I-580 E/B,,,7/26/2020 5:58:53 PM,A,W,1000.0,35th Ave,F,,D,7/26/2020 5:59:26 PM,7/26/2020 5:59:26 PM,,True,2,,,,,,,
1274460,9370-2020-01797,1,False,9370,7/25/2020 5:43:00 PM,1743,008,14,109,Oakland,1,True,True,C,REAR END,,Saturday,NotApplicable,False,,,False,True,False,Oakland Superior,C,OTHER MOTOR VEHICLE,,0,0,A,DAYLIGHT,37.493071,-122.18321,,,,,A,NO PEDESTRIANS INVOLVED,7/25/2020 12:00:00 AM,A,22350,False,3,I-80 W/B,,,7/26/2020 5:37:06 PM,A,E,100.0,I-80 W/B to West Grand O/C,F,,D,7/26/2020 5:37:40 PM,7/26/2020 5:37:40 PM,,True,2,,,,,,,
1274459,9370-2020-01791,1,False,9370,7/23/2020 9:30:00 PM,2130,176,14,109,Oakland,1,True,True,B,SIDE SWIPE,,Thursday,NotApplicable,False,,,False,True,True,Oakland Superior,A,NON-COLLISION,,0,0,D,DARK-NO STREET LIGHTS,37.745913,-122.20089,,,,,A,NO PEDESTRIANS INVOLVED,7/23/2020 12:00:00 AM,A,21658(a),False,1,I-880 N/B,,,7/26/2020 5:28:30 PM,A,N,1300.0,Hegenberger Rd,F,,D,7/26/2020 5:29:05 PM,7/26/2020 5:29:05 PM,,True,2,,,,,,,
1274458,9370-2020-01787,1,False,9370,7/23/2020 8:50:00 PM,2050,177,14,109,Oakland,1,True,True,C,REAR END,,Thursday,NotApplicable,False,M,,False,True,False,Oakland Superior,C,OTHER MOTOR VEHICLE,,0,0,C,DARK-STREET LIGHTS,37.790133,-122.259293,,,,,A,NO PEDESTRIANS INVOLVED,7/23/2020 12:00:00 AM,A,22350,False,1,I-880 S/B,,,7/26/2020 5:20:01 PM,A,S,215.0,5th Ave,F,,D,7/26/2020 5:20:34 PM,7/26/2020 5:20:34 PM,,True,2,,,,,,,
1274453,9370-2020-01737,1,False,9370,7/18/2020 12:50:00 PM,1250,176,14,109,Oakland,1,True,True,B,SIDE SWIPE,,Saturday,Yes,False,,,False,True,True,Oakland Superior,C,OTHER MOTOR VEHICLE,,1,0,A,DAYLIGHT,37.745201,-122.200365,,,,,A,NO PEDESTRIANS INVOLVED,7/18/2020 12:00:00 AM,A,21658(a) vc,False,1,I-880 N/B,,,7/26/2020 3:45:53 PM,A,N,1879.0,Hegenberger Rd,F,,D,7/26/2020 3:46:51 PM,7/26/2020 3:46:51 PM,,True,2,,,,,,,
1274425,9335-2020-01058,1,False,9335,7/17/2020 9:55:00 PM,2155,082,14,109,Oakland,1,True,True,C,REAR END,,Friday,Yes,False,,,False,True,True,Oakland Superior,C,OTHER MOTOR VEHICLE,,2,0,C,DARK-STREET LIGHTS,37.82023,-122.343301,,,,,A,NO PEDESTRIANS INVOLVED,7/17/2020 12:00:00 AM,A,23152(a),False,2,I-80 WB,,,7/26/2020 1:34:46 PM,A,W,1.44,SFOBB METERING LIGHTS,M,,D,7/26/2020 1:36:05 PM,7/26/2020 1:36:05 PM,,True,2,,,,,,,
1274300,9370-2020-01780,1,False,9370,7/23/2020 1:30:00 PM,1330,053,14,109,Oakland,1,True,True,C,REAR END,,Thursday,Yes,False,,,False,True,True,Oakland Superior,C,OTHER MOTOR VEHICLE,,3,0,A,DAYLIGHT,37.79433,-122.206128,,,,,A,NO PEDESTRIANS INVOLVED,7/23/2020 12:00:00 AM,A,22107,False,1,I-580 E/B,,,7/24/2020 8:14:21 PM,A,W,1110.0,35th Ave,F,,D,7/24/2020 8:15:08 PM,7/24/2020 8:15:08 PM,,True,2,,,,,,,
1274288,9370-2020-01781,1,False,9370,7/23/2020 5:20:00 PM,1720,052,14,109,Oakland,1,True,True,C,REAR END,,Thursday,NotApplicable,False,,,False,True,True,Oakland Superior,C,OTHER MOTOR VEHICLE,,0,0,A,DAYLIGHT,37.756135,-122.149087,,,,,A,NO PEDESTRIANS INVOLVED,7/23/2020 12:00:00 AM,A,22350,False,1,I-580 E/B,,,7/24/2020 5:55:57 PM,A,W,1050.0,Golf Links Rd,F,,D,7/24/2020 5:57:11 PM,7/24/2020 5:57:11 PM,,True,2,,,,,,,
1273833,9370-2020-01774,1,False,9370,7/23/2020 9:10:00 AM,910,013,14,109,Oakland,1,True,True,E,HIT OBJECT,,Thursday,NotApplicable,False,,,False,True,True,Oakland Superior,I,FIXED OBJECT,CONCRETE WALL,0,0,A,DAYLIGHT,37.78729,-122.18031,,,,,A,NO PEDESTRIANS INVOLVED,7/23/2020 12:00:00 AM,A,22107,False,1,SR-13 N/B,,,7/24/2020 8:17:18 AM,A,N,1056.0,Calaveras Ave,F,,D,7/24/2020 8:18:45 AM,7/24/2020 8:18:45 AM,,True,2,,,,,,,
1273744,9370-2020-01772,1,False,9370,7/22/2020 8:55:00 PM,2055,052,14,109,Oakland,1,True,True,B,SIDE SWIPE,,Wednesday,NotApplicable,False,,,False,True,False,Oakland Superior,C,OTHER MOTOR VEHICLE,,0,0,C,DARK-STREET LIGHTS,37.779071,-122.170169,,,,,A,NO PEDESTRIANS INVOLVED,7/22/2020 12:00:00 AM,B,UNSAFE MERGE,,1,I-580 E/B,,,7/24/2020 5:47:25 AM,A,E,800.0,Sunnymere Ave,F,,D,7/24/2020 5:48:04 AM,7/24/2020 5:48:04 AM,,True,2,,,,,,,
1273737,9370-2020-01752,1,False,9370,7/20/2020 4:25:00 PM,1625,177,14,109,Oakland,1,True,True,E,HIT OBJECT,,Monday,Yes,False,,,False,True,True,Oakland Superior,I,FIXED OBJECT,CONCRETE WALL,1,0,A,DAYLIGHT,37.79082,-122.26024,,,,,A,NO PEDESTRIANS INVOLVED,7/20/2020 12:00:00 AM,A,22107,False,1,I-880 N/B,,,7/24/2020 5:14:54 AM,A,N,630.0,5th Ave,F,,D,7/24/2020 5:18:08 AM,7/24/2020 5:18:08 AM,,True,2,,,,,,,
1273675,9370-2020-01770,1,False,9370,7/22/2020 4:45:00 PM,1645,052,14,109,Oakland,1,True,True,C,REAR END,,Wednesday,NotApplicable,False,,,False,True,False,Oakland Superior,C,OTHER MOTOR VEHICLE,,0,0,A,DAYLIGHT,37.744733,-122.14861,,,,,A,NO PEDESTRIANS INVOLVED,7/22/2020 12:00:00 AM,A,22350,False,1,I-580 E/B,,,7/23/2020 4:36:12 PM,A,E,150.0,106th Ave,F,,D,7/23/2020 4:36:45 PM,7/23/2020 4:36:45 PM,,True,2,,,,,,,
1295884,9370-2020-02015,1,False,9370,8/18/2020 4:00:00 PM,1600,052,14,109,Oakland,1,True,True,C,REAR END,,Tuesday,NotApplicable,False,M,,False,True,False,Oakland Superior,C,OTHER MOTOR VEHICLE,,0,0,A,DAYLIGHT,37.75335,-122.15091,,,,,A,NO PEDESTRIANS INVOLVED,8/18/2020 12:00:00 AM,A,22350,False,1,I-580 W/B TO GOLF LINKS ROAD,,,8/31/2020 8:26:17 AM,A,E,13.0,Golf Links Rd,F,,A,8/31/2020 8:27:00 AM,8/31/2020 8:27:00 AM,,True,2,,,,,,,
1295762,9370-2020-02055,1,False,9370,8/23/2020 3:20:00 PM,1520,176,14,109,Oakland,1,True,True,B,SIDE SWIPE,,Sunday,NotApplicable,False,M,,False,True,True,Oakland Superior,C,OTHER MOTOR VEHICLE,,0,0,A,DAYLIGHT,37.462946,-122.135901,,,,,A,NO PEDESTRIANS INVOLVED,8/23/2020 12:00:00 AM,A,21658(a),False,2,I-880 S/B,,,8/31/2020 5:16:39 AM,A,S,50.0,29th Ave,F,,D,8/31/2020 5:17:14 AM,8/31/2020 5:17:14 AM,,True,2,,,,,,,
1295760,9370-2020-02085,1,False,9370,8/23/2020 10:00:00 PM,2200,177,14,109,Oakland,1,True,True,B,SIDE SWIPE,,Sunday,NotApplicable,False,,,False,True,False,Oakland Superior,C,OTHER MOTOR VEHICLE,,0,0,D,DARK-NO STREET LIGHTS,37.789204,-122.254364,,,,,A,NO PEDESTRIANS INVOLVED,8/23/2020 12:00:00 AM,A,21658(a),False,1,I-880 S/B,,,8/31/2020 5:07:30 AM,A,S,1665.0,5th Ave,F,,D,8/31/2020 5:09:15 AM,8/31/2020 5:09:15 AM,,True,2,,,,,,,
1295751,9370-2020-02025,1,False,9370,8/19/2020 9:35:00 PM,2135,024,14,109,Oakland,1,True,True,C,REAR END,,Wednesday,Yes,False,,,False,True,True,Oakland Superior,C,OTHER MOTOR VEHICLE,,0,0,C,DARK-STREET LIGHTS,37.844702,-122.250754,,,,,A,NO PEDESTRIANS INVOLVED,8/20/2020 12:00:00 AM,A,23152(a),True,1,SR-24 E/B,,,8/30/2020 7:19:23 PM,A,E,295.0,College Ave,F,,A,8/30/2020 7:20:16 PM,8/30/2020 7:20:16 PM,,True,2,,,,,,,
1295496,9370-2020-02020,1,False,9370,8/18/2020 12:23:00 PM,1223,098,14,109,Oakland,1,True,True,C,REAR END,,Tuesday,NotApplicable,False,,,False,True,False,Oakland Superior,C,OTHER MOTOR VEHICLE,,0,0,A,DAYLIGHT,37.808851,-122.276499,,,,,A,NO PEDESTRIANS INVOLVED,8/18/2020 12:00:00 AM,A,22350,False,1,I-980 E/B,,,8/28/2020 2:08:52 PM,A,W,40.0,17th St,F,,D,8/28/2020 2:09:34 PM,8/28/2020 2:09:34 PM,,True,2,,,,,,,
1295347,9370-2020-02081,1,False,9370,8/27/2020 6:25:00 AM,625,008,14,109,Oakland,1,True,True,C,REAR END,,Thursday,NotApplicable,False,,,False,True,True,Oakland Superior,C,OTHER MOTOR VEHICLE,,0,0,A,DAYLIGHT,37.82539,-122.306002,,,,,A,NO PEDESTRIANS INVOLVED,8/27/2020 12:00:00 AM,A,22350,False,1,I-80 W/B,,,8/28/2020 10:51:34 AM,A,E,990.0,W. GRAND AVE.,F,,D,8/28/2020 10:53:39 AM,8/28/2020 10:53:39 AM,,True,2,,,,,,,
1295241,9370-2020-02044,1,False,9370,8/22/2020 9:25:00 AM,925,054,14,109,Oakland,1,True,True,B,SIDE SWIPE,,Saturday,NotApplicable,False,M,,False,True,False,Oakland Superior,C,OTHER MOTOR VEHICLE,,0,0,A,DAYLIGHT,37.48343,-122.14439,,,,,A,NO PEDESTRIANS INVOLVED,8/22/2020 12:00:00 AM,A,21658(a),False,1,I-580 W/B,,,8/28/2020 9:12:15 AM,A,E,200.0,Lakeshore Ave,F,,D,8/28/2020 9:12:55 AM,8/28/2020 9:12:55 AM,,True,2,,,,,,,
1295116,9370-2020-02076,1,False,9370,8/26/2020 4:30:00 AM,430,052,14,109,Oakland,1,True,True,E,HIT OBJECT,,Wednesday,Yes,False,,,False,True,True,Oakland Superior,I,FIXED OBJECT,CONCRETE BARRIER WALL,0,0,C,DARK-STREET LIGHTS,37.782046,-122.175724,,,,,A,NO PEDESTRIANS INVOLVED,8/26/2020 12:00:00 AM,A,23152(a),True,1,SR-13 S/B TO I-580 E/B,,,8/28/2020 7:06:15 AM,A,W,675.0,Kuhnle Ave,F,,D,8/28/2020 7:07:03 AM,8/28/2020 7:07:03 AM,,True,2,,,,,,,
1293985,9370-2020-02069,1,False,9370,8/25/2020 5:40:00 PM,1740,053,14,109,Oakland,1,True,True,C,REAR END,,Tuesday,Yes,False,,,False,True,True,Oakland Superior,C,OTHER MOTOR VEHICLE,,2,0,A,DAYLIGHT,37.47267,-122.10491,,,,,A,NO PEDESTRIANS INVOLVED,8/25/2020 12:00:00 AM,A,22350,False,1,I-580 W/B,,,8/27/2020 4:39:13 PM,A,E,95.0,Davenport Ave,F,,D,8/27/2020 4:40:04 PM,8/27/2020 4:40:04 PM,,True,2,,,,,,,
1293941,9370-2020-02019,1,False,9370,8/18/2020 9:41:00 AM,941,178,14,109,Oakland,1,True,True,E,HIT OBJECT,,Tuesday,NotApplicable,False,M,,False,True,True,Oakland Superior,I,FIXED OBJECT,GUARDRAIL,0,0,A,DAYLIGHT,37.80499,-122.303055,,,,,A,NO PEDESTRIANS INVOLVED,8/18/2020 12:00:00 AM,A,22107,False,1,I-880 N/B,,,8/27/2020 3:40:28 PM,A,S,1050.0,7th St,F,,D,8/27/2020 3:41:08 PM,8/27/2020 3:41:08 PM,,True,2,,,,,,,
1293805,9370-2020-02036,1,False,9370,8/21/2020 9:05:00 AM,905,055,14,109,Oakland,1,True,True,C,REAR END,,Friday,NotApplicable,False,,,False,True,True,Oakland Superior,C,OTHER MOTOR VEHICLE,,0,0,A,DAYLIGHT,37.823515,-122.263574,,,,,A,NO PEDESTRIANS INVOLVED,8/21/2020 12:00:00 AM,A,22107,False,1,I-580 W/B TO I-980 W/B,,,8/27/2020 1:32:45 PM,A,W,450.0,Webster St,F,,D,8/27/2020 1:33:30 PM,8/27/2020 1:33:30 PM,,True,2,,,,,,,
1293398,9370-2020-02012,1,False,9370,8/17/2020 12:28:00 PM,1228,176,14,109,Oakland,1,True,True,B,SIDE SWIPE,,Monday,NotApplicable,False,M,,False,True,False,Oakland Superior,C,OTHER MOTOR VEHICLE,,0,0,A,DAYLIGHT,37.757535,-122.211472,,,,,A,NO PEDESTRIANS INVOLVED,8/17/2020 12:00:00 AM,A,21658(a),False,1,I-880 S/B,,,8/27/2020 7:21:51 AM,A,N,1600.0,66th Ave,F,,D,8/27/2020 7:23:09 AM,8/27/2020 7:23:09 AM,,True,2,,,,,,,
1293301,9370-2020-01994,1,False,9370,8/10/2020 2:30:00 PM,1430,008,14,109,Oakland,1,True,True,B,SIDE SWIPE,,Monday,NotApplicable,False,M,,False,True,False,Oakland Superior,C,OTHER MOTOR VEHICLE,,0,0,A,DAYLIGHT,37.833313,-122.294722,,,,,A,NO PEDESTRIANS INVOLVED,8/10/2020 12:00:00 AM,A,21658(a),False,2,I-80 W/B,,,8/26/2020 5:29:45 PM,A,W,1700.0,Powell St.,F,,D,8/26/2020 5:30:20 PM,8/26/2020 5:30:20 PM,,True,2,,,,,,,
1293300,9370-2020-02060,2,False,9370,8/24/2020 11:15:00 AM,1115,053,14,109,Oakland,1,True,True,C,REAR END,,Monday,NotApplicable,False,,,False,True,True,Oakland Superior,C,OTHER MOTOR VEHICLE,,0,0,A,DAYLIGHT,37.780998,-122.173321,,,,,A,NO PEDESTRIANS INVOLVED,8/24/2020 12:00:00 AM,A,22350,False,2,I-580 W/B,,,11/2/2020 7:01:48 PM,A,E,100.0,Kuhnle Ave,F,,D,8/26/2020 5:28:14 PM,11/2/2020 7:02:46 PM,,True,2,,,,,,,
1293069,9370-2020-02022,1,False,9370,8/19/2020 10:45:00 AM,1045,054,14,109,Oakland,1,True,True,B,SIDE SWIPE,,Wednesday,Yes,False,,,False,True,True,Oakland Superior,C,OTHER MOTOR VEHICLE,,2,0,A,DAYLIGHT,37.810605,-122.249156,,,,,A,NO PEDESTRIANS INVOLVED,8/19/2020 12:00:00 AM,A,22107,False,1,I-580 E/B,,,8/26/2020 1:52:01 PM,A,W,115.0,Grand Ave,F,,D,8/26/2020 1:52:49 PM,8/26/2020 1:52:49 PM,,True,2,,,,,,,
1293008,9370-2020-01992,1,False,9370,8/15/2020 7:30:00 PM,1930,176,14,109,Oakland,1,True,True,F,OVERTURNED,,Saturday,Yes,False,,,False,True,True,Oakland Superior,I,FIXED OBJECT,ASPHALT ROADWAY,0,0,A,DAYLIGHT,37.754641,-122.208573,,,,,A,NO PEDESTRIANS INVOLVED,8/15/2020 12:00:00 AM,A,22107,False,1,I-880 N/B,,,8/26/2020 1:01:47 PM,A,N,260.0,66th Ave,F,,D,8/26/2020 1:02:25 PM,8/26/2020 1:02:25 PM,,True,2,,,,,,,
1292985,9370-2020-01984,1,False,9370,8/15/2020 6:25:00 AM,625,025,14,109,Oakland,1,True,True,E,HIT OBJECT,,Saturday,Yes,False,,,False,True,True,Oakland Superior,I,FIXED OBJECT,CONCRETE WALL,2,0,A,DAYLIGHT,37.50216,-122.15537,,,,,A,NO PEDESTRIANS INVOLVED,8/15/2020 12:00:00 AM,A,22107,False,1,SR-24 W/B,,,8/26/2020 12:42:28 PM,A,W,50.0,54th St,F,,D,8/26/2020 12:43:20 PM,8/26/2020 12:43:20 PM,,True,2,,,,,,,
1292900,9370-2020-02046,1,False,9370,8/22/2020 6:50:00 PM,1850,055,14,109,Oakland,1,True,True,E,HIT OBJECT,,Saturday,NotApplicable,False,,,False,True,False,Oakland Superior,J,OTHER OBJECT,UNKNOWN DEBRIS,0,0,A,DAYLIGHT,37.82244,-122.260151,,,,,A,NO PEDESTRIANS INVOLVED,8/22/2020 12:00:00 AM,C,,,,I-580 W/B (MACARTHUR FREEWAY),,,8/26/2020 11:16:55 AM,A,W,20.0,Broadway,F,,D,8/26/2020 11:17:31 AM,8/26/2020 11:17:31 AM,,True,2,,,,,,,
1292750,9335-2020-01229,1,False,9335,8/19/2020 7:20:00 AM,720,082,14,109,Oakland,1,True,True,C,REAR END,,Wednesday,NotApplicable,False,,,False,True,False,Oakland Superior,C,OTHER MOTOR VEHICLE,,0,0,A,DAYLIGHT,37.824357,-122.316459,,,,,A,NO PEDESTRIANS INVOLVED,8/19/2020 12:00:00 AM,A,22350,False,2,I-80 WESTBOUND,,,8/26/2020 9:02:44 AM,A,W,749.0,SFOBB TOLL PLAZA,F,,D,8/26/2020 9:03:16 AM,8/26/2020 9:03:16 AM,,True,2,,,,,,,
1292690,9370-2020-02053,1,False,9370,8/23/2020 4:45:00 AM,445,098,14,109,Oakland,1,True,True,B,SIDE SWIPE,,Sunday,NotApplicable,False,M,,False,True,True,Oakland Superior,C,OTHER MOTOR VEHICLE,,0,0,C,DARK-STREET LIGHTS,37.824606,-122.268489,,,,,A,NO PEDESTRIANS INVOLVED,8/23/2020 12:00:00 AM,A,21658(a),False,1,I-980 W/B,,,8/26/2020 8:22:20 AM,A,E,520.0,34th St,F,,D,8/26/2020 8:22:55 AM,8/26/2020 8:22:55 AM,,True,2,,,,,,,