collision-id,report-number,report-version,is-preliminary,ncic-code,crash-date-time,crash-time-description,beat,city-id,city-code,city-name,county-code,city-is-active,city-is-incorporated,collision-type-code,collision-type-description,collision-type-other-desc,day-of-week,dispatch-notified,has-photographs,hit-run,is-attachments-mailed,is-deleted,is-highway-related,is-tow-away,judicial-district,motor-vehicle-involved-with-code,motor-vehicle-involved-with-desc,motor-vehicle-involved-with-other-desc,number-injured,number-killed,lighting-code,lighting-description,latitude,longitude,milepost-direction,milepost-distance,milepost-marker,milepost-unit-of-measure,pedestrian-action-code,pedestrian-action-desc,prepared-date,primary-collision-factor-code,primary-collision-factor-description,primary-collision-factor-is-cited,primary-collision-party-number,primary-road,reporting-district,reporting-district-code,reviewed-date,roadway-surface-code,secondary-direction,secondary-distance,secondary-road,secondary-unit-of-measure,sketch-desc,traffic-control-device-code,created-date,modified-date,is-county-road,is-freeway,chp-555-version,is-additonal-object-struck,notification-date,notification-time-description,has-digital-media-files,evidence-number,is-location-refer-to-narrative,is-aoi-one-same-as-location
1314488,9370-2020-02330,1,False,9370,9/20/2020 9:15:00 AM,915,179,14,109,Oakland,1,True,True,C,REAR END,,Sunday,NotApplicable,False,,,False,True,False,Oakland Superior,C,OTHER MOTOR VEHICLE,,0,0,A,DAYLIGHT,37.830659,-122.293389,,,,,A,NO PEDESTRIANS INVOLVED,9/20/2020 12:00:00 AM,A,21658(a),False,1,I-880 N/B TO I-80 E/B,,,9/29/2020 4:17:21 PM,A,N,1500.0,Beach St,F,,D,9/29/2020 4:18:28 PM,9/29/2020 4:18:28 PM,,True,2,,,,,,,
1313984,9370-2020-02395,1,False,9370,9/28/2020 10:15:00 AM,1015,024,14,109,Oakland,1,True,True,C,REAR END,,Monday,NotApplicable,False,,,False,True,False,Oakland Superior,C,OTHER MOTOR VEHICLE,,0,0,A,DAYLIGHT,37.84902,-122.229643,,,,,A,NO PEDESTRIANS INVOLVED,9/28/2020 12:00:00 AM,A,22350,False,1,SR-24 W/B,,,9/29/2020 9:23:36 AM,A,W,30.0,SR-13,F,,D,9/29/2020 9:24:22 AM,9/29/2020 9:24:22 AM,,True,2,,,,,,,
1313944,9370-2020-02293,1,False,9370,9/17/2020 8:00:00 PM,2000,176,14,109,Oakland,1,True,True,B,SIDE SWIPE,,Thursday,NotApplicable,False,M,,False,True,True,Oakland Superior,C,OTHER MOTOR VEHICLE,,0,0,C,DARK-STREET LIGHTS,37.751363,-122.205716,,,,,A,NO PEDESTRIANS INVOLVED,9/17/2020 12:00:00 AM,A,21658(a),False,1,I-880 N/B,,,9/29/2020 9:01:34 AM,A,S,1100.0,66th Ave,F,,D,9/29/2020 9:02:07 AM,9/29/2020 9:02:07 AM,,True,2,,,,,,,
1313677,9370-2020-02382,1,False,9370,9/26/2020 11:39:00 PM,2339,052,14,109,Oakland,1,True,True,E,HIT OBJECT,,Saturday,Yes,False,,,False,True,True,Oakland Superior,I,FIXED OBJECT,Concrete Center Median,0,0,D,DARK-NO STREET LIGHTS,37.741208,-122.144687,,,,,A,NO PEDESTRIANS INVOLVED,9/26/2020 12:00:00 AM,A,23152(a),True,1,I-580 E/B,,,9/28/2020 8:47:10 PM,A,E,1904.0,106th Ave,F,,D,9/28/2020 8:48:00 PM,9/28/2020 8:48:00 PM,,True,2,,,,,,,
1313671,9370-2020-02398,1,False,9370,9/23/2020 1:45:00 PM,1345,177,14,109,Oakland,1,True,True,C,REAR END,,Wednesday,NotApplicable,False,,,False,True,True,Oakland Superior,C,OTHER MOTOR VEHICLE,,0,0,A,DAYLIGHT,37.787307,-122.247372,,,,,A,NO PEDESTRIANS INVOLVED,9/23/2020 12:00:00 AM,A,22350,False,2,I-880 N/B,,,9/28/2020 6:24:29 PM,A,N,850.0,16th Ave,F,,D,9/28/2020 6:25:13 PM,9/28/2020 6:25:13 PM,,True,2,,,,,,,
1313662,9370-2020-02384,1,False,9370,9/26/2020 3:00:00 PM,1500,055,14,109,Oakland,1,True,True,B,SIDE SWIPE,,Saturday,NotApplicable,False,,,False,True,False,Oakland Superior,C,OTHER MOTOR VEHICLE,,0,0,A,DAYLIGHT,37.825895,-122.274522,,,,,A,NO PEDESTRIANS INVOLVED,9/26/2020 12:00:00 AM,A,21658(a),False,1,I-580 W/B,,,9/28/2020 5:14:09 PM,A,E,131.0,Market St U/C,F,,D,9/28/2020 5:14:46 PM,9/28/2020 5:14:46 PM,,True,2,,,,,,,
1313650,9370-2020-02353,1,False,9370,9/23/2020 8:00:00 PM,2000,024,14,109,Oakland,1,True,True,E,HIT OBJECT,,Wednesday,NotApplicable,False,,,False,True,True,Oakland Superior,I,FIXED OBJECT,CONCRETE WALL,0,0,C,DARK-STREET LIGHTS,37.853108,-122.221929,,,,,A,NO PEDESTRIANS INVOLVED,9/23/2020 12:00:00 AM,A,22107,False,1,SR-24 W/B,,,9/28/2020 4:53:28 PM,A,E,2000.0,SR-13,F,,D,9/28/2020 4:54:17 PM,9/28/2020 4:54:17 PM,,True,2,,,,,,,
1313623,9370-2020-02343,1,False,9370,9/23/2020 6:32:00 AM,632,055,14,109,Oakland,1,True,True,C,REAR END,,Wednesday,NotApplicable,False,,,False,True,True,Oakland Superior,C,OTHER MOTOR VEHICLE,,0,0,A,DAYLIGHT,37.82655,-122.29972,,,,,A,NO PEDESTRIANS INVOLVED,9/23/2020 12:00:00 AM,A,22350,False,2,I-580 W/B TO I-80 W/B,,,9/28/2020 4:16:07 PM,A,E,1750.0,I-880 N/B TO I-80 W/B,F,,D,9/28/2020 4:16:42 PM,9/28/2020 4:16:42 PM,,True,2,,,,,,,
1312712,9370-2020-02304,1,False,9370,9/18/2020 5:05:00 PM,1705,052,14,109,Oakland,1,True,True,C,REAR END,,Friday,NotApplicable,False,,,False,True,True,Oakland Superior,C,OTHER MOTOR VEHICLE,,0,0,A,DAYLIGHT,37.749701,-122.151035,,,,,A,NO PEDESTRIANS INVOLVED,9/18/2020 12:00:00 AM,A,22350,False,1,I-580 W/B,,,9/27/2020 8:58:13 PM,A,W,1737.0,106th Ave,F,,D,9/27/2020 8:58:46 PM,9/27/2020 8:58:46 PM,,True,2,,,,,,,
1312709,9370-2020-02072,1,False,9370,8/25/2020 4:30:00 PM,1630,176,14,109,Oakland,1,True,True,B,SIDE SWIPE,,Tuesday,NotApplicable,False,M,,False,True,True,Oakland Superior,E,PARKED MOTOR VEHICLE,,0,0,A,DAYLIGHT,37.728111,-122.1857,,,,,A,NO PEDESTRIANS INVOLVED,8/25/2020 12:00:00 AM,A,22107,False,1,I-880 S/B,,,9/27/2020 8:20:07 PM,A,S,1500.0,98th Ave,F,,D,9/27/2020 8:21:52 PM,9/27/2020 8:21:52 PM,,True,2,,,,,,,
1312704,9370-2020-02335,1,False,9370,9/21/2020 7:30:00 PM,1930,176,14,109,Oakland,1,True,True,C,REAR END,,Monday,NotApplicable,False,,,False,True,False,Oakland Superior,C,OTHER MOTOR VEHICLE,,1,0,A,DAYLIGHT,37.755599,-122.209519,,,,,A,NO PEDESTRIANS INVOLVED,9/21/2020 12:00:00 AM,A,22350,False,1,I-880 N/B,,,9/27/2020 7:34:21 PM,A,N,700.0,66th Ave,F,,D,9/27/2020 7:34:56 PM,9/27/2020 7:34:56 PM,,True,2,,,,,,,
1312699,9370-2020-02375,1,False,9370,9/25/2020 4:11:00 PM,1611,098,14,109,Oakland,1,True,True,C,REAR END,,Friday,NotApplicable,False,,,False,True,True,Oakland Superior,C,OTHER MOTOR VEHICLE,,0,0,A,DAYLIGHT,37.483664,-122.163059,,,,,A,NO PEDESTRIANS INVOLVED,9/25/2020 12:00:00 AM,A,22350,False,2,I-980 W/B FROM 18TH ST,,,9/27/2020 7:03:38 PM,A,E,329.0,18th Street,F,,D,9/27/2020 7:04:14 PM,9/27/2020 7:04:14 PM,,True,2,,,,,,,
1312698,9370-2020-02361,1,False,9370,9/25/2020 2:00:00 PM,1400,055,14,109,Oakland,1,True,True,B,SIDE SWIPE,,Friday,NotApplicable,False,,,False,True,False,Oakland Superior,C,OTHER MOTOR VEHICLE,,0,0,A,DAYLIGHT,37.826409,-122.27783,,,,,A,NO PEDESTRIANS INVOLVED,9/25/2020 12:00:00 AM,A,21658(a),False,1,I-580 E/B,,,9/27/2020 6:53:46 PM,A,W,1000.0,SR-24,F,,D,9/27/2020 6:54:20 PM,9/27/2020 6:54:20 PM,,True,2,,,,,,,
1312693,9370-2020-02364,1,False,9370,9/25/2020 2:50:00 PM,1450,055,14,109,Oakland,1,True,True,C,REAR END,,Friday,NotApplicable,False,,,False,True,True,Oakland Superior,C,OTHER MOTOR VEHICLE,,0,0,A,DAYLIGHT,37.826875,-122.286555,,,,,A,NO PEDESTRIANS INVOLVED,9/25/2020 12:00:00 AM,A,21658(a),False,1,I-580 W/B,,,9/27/2020 6:25:47 PM,A,W,500.0,Hollis St,F,,D,9/27/2020 6:26:23 PM,9/27/2020 6:26:23 PM,,True,2,,,,,,,
1312690,9370-2020-02358,1,False,9370,9/24/2020 7:50:00 PM,1950,176,14,109,Oakland,1,True,True,C,REAR END,,Thursday,Yes,False,M,,False,True,False,Oakland Superior,C,OTHER MOTOR VEHICLE,,1,0,D,DARK-NO STREET LIGHTS,37.43562,-122.11137,,,,,A,NO PEDESTRIANS INVOLVED,9/24/2020 12:00:00 AM,A,23152(a),True,1,I-880 N/B TO 98TH AVENUE,,,9/27/2020 6:11:41 PM,A,S,50.0,98th Ave,F,,D,9/27/2020 6:12:49 PM,9/27/2020 6:12:49 PM,,True,2,,,,,,,
1312683,9370-2020-02300,1,False,9370,9/18/2020 12:18:00 PM,1218,176,14,109,Oakland,1,True,True,B,SIDE SWIPE,,Friday,Yes,False,M,,False,True,True,Oakland Superior,C,OTHER MOTOR VEHICLE,,0,0,A,DAYLIGHT,37.773999,-122.230199,,,,,A,NO PEDESTRIANS INVOLVED,9/18/2020 12:00:00 AM,A,21658(a),False,1,I-880 N/B,,,9/27/2020 5:28:56 PM,A,S,945.0,29th Ave,F,,D,9/27/2020 5:29:51 PM,9/27/2020 5:29:51 PM,,True,2,,,,,,,
1312671,9370-2020-02316,1,False,9370,9/19/2020 8:53:00 PM,2053,178,14,109,Oakland,1,True,True,C,REAR END,,Saturday,NotApplicable,False,,,False,True,True,Oakland Superior,C,OTHER MOTOR VEHICLE,,3,0,C,DARK-STREET LIGHTS,37.492708,-122.181293,,,,,A,NO PEDESTRIANS INVOLVED,9/19/2020 12:00:00 AM,A,22350,False,4,I-880 N/B to I-80 W/B,,,9/27/2020 4:54:40 PM,A,N,1503.0,Maritime St,F,,D,9/27/2020 4:56:15 PM,9/27/2020 4:56:15 PM,,True,2,,,,,,,
1312660,9370-2020-02328,1,False,9370,9/21/2020 2:01:00 AM,201,176,14,109,Oakland,1,True,True,F,OVERTURNED,,Monday,Yes,False,,,False,True,True,Oakland Superior,I,FIXED OBJECT,CONCRETE BARRIER,0,0,D,DARK-NO STREET LIGHTS,37.463575,-122.141126,,,,,A,NO PEDESTRIANS INVOLVED,9/21/2020 12:00:00 AM,A,23152(a),True,1,I-880 S/B FROM 23RD AVENUE,,,9/27/2020 3:52:32 PM,A,S,350.0,23rd AVENUE,F,,D,9/27/2020 3:53:21 PM,9/27/2020 3:53:21 PM,,True,2,,,,,,,
1312657,9370-2020-02325,1,False,9370,9/20/2020 9:40:00 PM,2140,055,14,109,Oakland,1,True,True,E,HIT OBJECT,,Sunday,NotApplicable,False,,,False,True,True,Oakland Superior,I,FIXED OBJECT,RAISED CURB,0,0,C,DARK-STREET LIGHTS,37.82342,-122.263265,,,,,A,NO PEDESTRIANS INVOLVED,9/20/2020 12:00:00 AM,A,22107,False,1,I-580 W/B,,,9/27/2020 3:18:25 PM,A,W,350.0,Webster St,F,,D,9/27/2020 3:19:00 PM,9/27/2020 3:19:00 PM,,True,2,,,,,,,
1312654,9370-2020-02322,1,False,9370,9/19/2020 11:31:00 PM,2331,177,14,109,Oakland,1,True,True,C,REAR END,,Saturday,NotApplicable,False,,,False,True,True,Oakland Superior,C,OTHER MOTOR VEHICLE,,0,0,C,DARK-STREET LIGHTS,37.471572,-122.145631,,,,,A,NO PEDESTRIANS INVOLVED,9/19/2020 12:00:00 AM,A,22350,False,1,I-880 S/B,,,9/27/2020 2:54:51 PM,A,N,1400.0,16th Ave,F,,D,9/27/2020 2:55:27 PM,9/27/2020 2:55:27 PM,,True,2,,,,,,,
1312643,9335-2020-01425,1,False,9335,9/25/2020 10:43:00 PM,2243,084,14,109,Oakland,1,True,True,C,REAR END,,Friday,NotApplicable,False,,,False,True,True,Oakland Superior,C,OTHER MOTOR VEHICLE,,0,0,C,DARK-STREET LIGHTS,37.819366,-122.34579,,,,,A,NO PEDESTRIANS INVOLVED,9/25/2020 12:00:00 AM,A,22350,False,1,I-80 E/B,,,9/27/2020 1:31:52 PM,A,E,3960.0,SFOBB TOWER,F,,D,9/27/2020 1:32:41 PM,9/27/2020 1:32:41 PM,,True,2,,,,,,,
1310889,9370-2020-02348,1,False,9370,9/23/2020 5:03:00 PM,1703,013,14,109,Oakland,1,True,True,C,REAR END,,Wednesday,NotApplicable,False,,,False,True,False,Oakland Superior,C,OTHER MOTOR VEHICLE,,0,0,A,DAYLIGHT,37.88419,-122.22643,,,,,A,NO PEDESTRIANS INVOLVED,9/23/2020 12:00:00 AM,A,22350,False,1,SR-13 N/B,,,9/24/2020 5:33:17 PM,A,S,500.0,SR-24,F,,D,9/24/2020 5:33:52 PM,9/24/2020 5:33:52 PM,,True,2,,,,,,,
1310883,9370-2020-02350,1,False,9370,9/23/2020 6:00:00 PM,1800,013,14,109,Oakland,1,True,True,C,REAR END,,Wednesday,NotApplicable,False,M,,False,True,False,Oakland Superior,C,OTHER MOTOR VEHICLE,,0,0,A,DAYLIGHT,37.88419,-122.22643,,,,,A,NO PEDESTRIANS INVOLVED,9/23/2020 12:00:00 AM,A,22350,False,1,SR-13 N/B,,,9/24/2020 4:57:36 PM,A,S,1000.0,SR-24,F,,D,9/24/2020 4:58:09 PM,9/24/2020 4:58:09 PM,,True,2,,,,,,,
1310877,9370-2020-02302,1,False,9370,9/18/2020 4:19:00 PM,1619,176,14,109,Oakland,1,True,True,B,SIDE SWIPE,,Friday,NotApplicable,False,M,,False,True,False,Oakland Superior,C,OTHER MOTOR VEHICLE,,0,0,E,DARK-STREET LIGHTS NOT FUNCTIONING*,37.46389,-122.13126,,,,,A,NO PEDESTRIANS INVOLVED,9/18/2020 12:00:00 AM,A,22107,False,1,I-880 S/B,,,9/24/2020 4:45:17 PM,A,S,100.0,High St,F,,D,9/24/2020 4:46:15 PM,9/24/2020 4:46:15 PM,,True,2,,,,,,,
1310861,9370-2020-02340,1,False,9370,9/22/2020 3:15:00 PM,1515,176,14,109,Oakland,1,True,True,B,SIDE SWIPE,,Tuesday,NotApplicable,False,,,False,True,False,Oakland Superior,C,OTHER MOTOR VEHICLE,,0,0,A,DAYLIGHT,37.7562,-122.20993,,,,,A,NO PEDESTRIANS INVOLVED,9/22/2020 12:00:00 AM,A,21658(a),False,1,I-880 N/B,,,9/24/2020 4:13:45 PM,A,N,500.0,66th Ave,F,,D,9/24/2020 4:14:37 PM,9/24/2020 4:14:37 PM,,True,2,,,,,,,
1310795,9335-2020-01323,1,False,9335,9/4/2020 5:00:00 PM,1700,082,14,109,Oakland,1,True,True,B,SIDE SWIPE,,Friday,NotApplicable,False,M,,False,True,False,Oakland Superior,C,OTHER MOTOR VEHICLE,,0,0,A,DAYLIGHT,37.822429,-122.323844,,,,,A,NO PEDESTRIANS INVOLVED,9/4/2020 12:00:00 AM,A,22106,False,1,I-80 W/B,,,9/24/2020 2:57:35 PM,A,W,1000.0,SFOBB METERING LIGHTS,F,,D,9/24/2020 2:58:16 PM,9/24/2020 2:58:16 PM,,True,2,,,,,,,
1310362,9370-2020-02338,1,False,9370,9/21/2020 10:50:00 PM,2250,176,14,109,Oakland,1,True,True,E,HIT OBJECT,,Monday,Yes,False,,,False,True,False,Oakland Superior,G,BICYCLE,,0,0,D,DARK-NO STREET LIGHTS,37.45419,-122.12528,,,,,A,NO PEDESTRIANS INVOLVED,9/21/2020 12:00:00 AM,C,,,,I-880 N/B,,,9/24/2020 8:50:01 AM,A,S,2904.0,High St,F,,D,9/24/2020 8:50:46 AM,9/24/2020 8:50:46 AM,,True,2,,,,,,,
1310310,9370-2020-02344,1,False,9370,9/23/2020 8:45:00 AM,845,055,14,109,Oakland,1,True,True,C,REAR END,,Wednesday,NotApplicable,False,,,False,True,False,Oakland Superior,C,OTHER MOTOR VEHICLE,,0,0,A,DAYLIGHT,37.82722,-122.28898,,,,,A,NO PEDESTRIANS INVOLVED,9/23/2020 12:00:00 AM,A,22350,False,1,I-580 W/B TO I-80 E/B,,,9/24/2020 8:09:27 AM,A,E,150.0,Mandela Pky,F,,D,9/24/2020 8:10:01 AM,9/24/2020 8:10:01 AM,,True,2,,,,,,,
1310279,9335-2020-01405,2,False,9335,9/21/2020 8:55:00 AM,855,082,14,109,Oakland,1,True,True,C,REAR END,,Monday,NotApplicable,False,,,False,True,False,Oakland Superior,C,OTHER MOTOR VEHICLE,,1,0,A,DAYLIGHT,37.821698,-122.332355,,,,,A,NO PEDESTRIANS INVOLVED,9/21/2020 12:00:00 AM,A,22350,False,3,I-80 WESTBOUND,,,10/1/2020 11:45:45 AM,A,W,5280.0,SFOBB TOLL PLAZA,F,,D,9/24/2020 7:40:11 AM,10/1/2020 11:45:56 AM,,True,2,,,,,,,
1310167,9370-2020-02275,1,False,9370,9/14/2020 2:30:00 PM,1430,177,14,109,Oakland,1,True,True,C,REAR END,,Monday,Yes,False,,,False,True,True,Oakland Superior,C,OTHER MOTOR VEHICLE,,1,0,A,DAYLIGHT,37.800531,-122.277994,,,,,A,NO PEDESTRIANS INVOLVED,9/14/2020 12:00:00 AM,A,22350,False,1,I-880 N/B,,,9/23/2020 7:51:11 PM,A,S,1000.0,Market St,F,,D,9/23/2020 7:52:05 PM,9/23/2020 7:52:05 PM,,True,2,,,,,,,
1310166,9370-2020-02314,1,False,9370,9/19/2020 4:30:00 PM,1630,055,14,109,Oakland,1,True,True,B,SIDE SWIPE,,Saturday,NotApplicable,False,M,,False,True,False,Oakland Superior,C,OTHER MOTOR VEHICLE,,0,0,A,DAYLIGHT,37.811579,-122.250144,,,,,A,NO PEDESTRIANS INVOLVED,9/19/2020 12:00:00 AM,A,21658(a),False,1,I-580 E/B,,,9/23/2020 7:41:32 PM,A,E,1000.0,Grand Ave,F,,D,9/23/2020 7:42:10 PM,9/23/2020 7:42:10 PM,,True,2,,,,,,,
1310151,9370-2020-02313,1,False,9370,9/18/2020 6:45:00 PM,1845,055,14,109,Oakland,1,True,True,B,SIDE SWIPE,,Friday,NotApplicable,False,,,False,True,True,Oakland Superior,C,OTHER MOTOR VEHICLE,,0,0,A,DAYLIGHT,37.826897,-122.284685,,,,,A,NO PEDESTRIANS INVOLVED,9/18/2020 12:00:00 AM,A,21658(a),False,1,I-580 E/B,,,9/23/2020 4:32:23 PM,A,W,100.0,Hollis St,F,,D,9/23/2020 4:33:32 PM,9/23/2020 4:33:32 PM,,True,2,,,,,,,
1310147,9370-2020-02312,1,False,9370,9/18/2020 6:40:00 PM,1840,055,14,109,Oakland,1,True,True,C,REAR END,,Friday,NotApplicable,False,,,False,True,True,Oakland Superior,C,OTHER MOTOR VEHICLE,,0,0,A,DAYLIGHT,37.826897,-122.284685,,,,,A,NO PEDESTRIANS INVOLVED,9/18/2020 12:00:00 AM,A,22350,False,1,I-580 E/B,,,9/23/2020 4:23:52 PM,A,W,500.0,Hollis St,F,,D,9/23/2020 4:24:26 PM,9/23/2020 4:24:26 PM,,True,2,,,,,,,
1310112,9370-2020-02301,1,False,9370,9/18/2020 1:15:00 PM,1315,176,14,109,Oakland,1,True,True,B,SIDE SWIPE,,Friday,NotApplicable,False,M,,False,True,True,Oakland Superior,C,OTHER MOTOR VEHICLE,,0,0,A,DAYLIGHT,37.43373,-122.1146,,,,,A,NO PEDESTRIANS INVOLVED,9/18/2020 12:00:00 AM,A,21658(a),False,1,I-880 S/B,,,9/23/2020 3:27:03 PM,A,S,2000.0,98th Ave,F,,D,9/23/2020 3:27:56 PM,9/23/2020 3:27:56 PM,,True,2,,,,,,,
1310089,9370-2020-02287,1,False,9370,9/16/2020 5:30:00 PM,1730,054,14,109,Oakland,1,True,True,E,HIT OBJECT,,Wednesday,Yes,False,,,False,True,True,Oakland Superior,I,FIXED OBJECT,Concrete wall,1,0,A,DAYLIGHT,37.812078,-122.250226,,,,,A,NO PEDESTRIANS INVOLVED,9/16/2020 12:00:00 AM,A,23152(a),False,1,I-580 W/B,,,9/23/2020 3:01:08 PM,A,W,700.0,Grand Ave.,F,,D,9/23/2020 3:02:04 PM,9/23/2020 3:02:04 PM,,True,2,,,,,,,
1309913,9335-2020-01395,1,False,9335,9/18/2020 1:40:00 PM,1340,084,14,109,Oakland,1,True,True,C,REAR END,,Friday,Yes,False,,,False,True,True,Oakland Superior,C,OTHER MOTOR VEHICLE,,2,0,A,DAYLIGHT,37.8233,-122.3169,,,,,A,NO PEDESTRIANS INVOLVED,9/18/2020 12:00:00 AM,A,21658(a),False,1,I-80 E/B,,,9/23/2020 12:24:10 PM,A,W,970.0,TOLL PLAZA,F,,D,9/23/2020 12:24:56 PM,9/23/2020 12:24:56 PM,,True,2,,,,,,,
1309594,9370-2020-02327,1,False,9370,9/21/2020 12:08:00 AM,8,008,14,109,Oakland,1,True,True,E,HIT OBJECT,,Monday,Yes,False,,,False,True,True,Oakland Superior,I,FIXED OBJECT,CONCRETE WALL,1,0,C,DARK-STREET LIGHTS,37.8275,-122.2963,,,,,A,NO PEDESTRIANS INVOLVED,9/21/2020 12:00:00 AM,A,23152(f),True,1,I-80 W/B,,,9/23/2020 8:34:48 AM,A,W,3580.0,Powell St,F,,D,9/23/2020 8:36:44 AM,9/23/2020 8:36:44 AM,,True,2,,,,,,,
1309462,9370-2020-02284,1,False,9370,9/16/2020 11:10:00 PM,2310,177,14,109,Oakland,1,True,True,C,REAR END,,Wednesday,NotApplicable,False,,,False,True,False,Oakland Superior,C,OTHER MOTOR VEHICLE,,0,0,D,DARK-NO STREET LIGHTS,37.78794,-122.24974,,,,,A,NO PEDESTRIANS INVOLVED,9/16/2020 12:00:00 AM,A,22350,False,1,I-880 S/B,,,9/23/2020 5:05:56 AM,A,S,3115.0,5th Ave,F,,D,9/23/2020 5:06:29 AM,9/23/2020 5:06:29 AM,,True,2,,,,,,,
1309460,9370-2020-01830,1,False,9370,7/29/2020 11:15:00 PM,2315,024,14,109,Oakland,1,True,True,D,BROADSIDE,,Wednesday,Yes,True,,,False,True,True,Oakland Superior,C,OTHER MOTOR VEHICLE,,0,1,C,DARK-STREET LIGHTS,37.5055,-122.14251,,,,,A,NO PEDESTRIANS INVOLVED,7/30/2020 12:00:00 AM,A,23152(a),False,1,SR-24 E/B,,,9/23/2020 4:49:25 AM,A,W,1575.0,SR-13,F,,D,9/23/2020 4:50:17 AM,9/23/2020 4:50:17 AM,,True,2,,,,,,,
1309445,9370-2020-02248,1,False,9370,9/13/2020 11:10:00 AM,1110,177,14,109,Oakland,1,True,True,E,HIT OBJECT,,Sunday,NotApplicable,False,,,False,True,True,Oakland Superior,I,FIXED OBJECT,CONCRETE BARRIER,1,0,A,DAYLIGHT,37.781519,-122.238781,,,,,A,NO PEDESTRIANS INVOLVED,9/13/2020 12:00:00 AM,A,24002(a) VC,False,1,I-880 N/B,,,9/22/2020 8:36:51 PM,A,N,1334.0,23rd Ave,F,,D,9/22/2020 8:37:28 PM,9/22/2020 8:37:28 PM,,True,2,,,,,,,
1309442,9370-2020-02286,1,False,9370,9/16/2020 4:20:00 PM,1620,055,14,109,Oakland,1,True,True,C,REAR END,,Wednesday,NotApplicable,False,,,False,True,False,Oakland Superior,C,OTHER MOTOR VEHICLE,,0,0,A,DAYLIGHT,37.828032,-122.292805,,,,,A,NO PEDESTRIANS INVOLVED,9/17/2020 12:00:00 AM,D,,,,I-580 w/b to I-80 w/b,,,9/22/2020 7:50:53 PM,A,W,575.0,Beach St.,F,,D,9/22/2020 7:51:29 PM,9/22/2020 7:51:29 PM,,True,2,,,,,,,
1309441,9370-2020-02285,1,False,9370,9/17/2020 11:02:00 AM,1102,052,14,109,Oakland,1,True,True,E,HIT OBJECT,,Thursday,NotApplicable,False,,,False,True,True,Oakland Superior,I,FIXED OBJECT,CENTER CONCRETE WALL,0,0,A,DAYLIGHT,37.750758,-122.151698,,,,,A,NO PEDESTRIANS INVOLVED,9/17/2020 12:00:00 AM,A,22107,False,1,I-580 E/B,,,9/22/2020 7:29:14 PM,A,E,1060.0,Golf Links Rd,F,,D,9/22/2020 7:29:59 PM,9/22/2020 7:29:59 PM,,True,2,,,,,,,
1309439,9370-2020-02334,1,False,9370,9/21/2020 1:45:00 PM,1345,008,14,109,Oakland,1,True,True,E,HIT OBJECT,,Monday,NotApplicable,False,,,False,True,True,Oakland Superior,I,FIXED OBJECT,Metal wall,0,0,A,DAYLIGHT,37.82487,-122.30963,,,,,A,NO PEDESTRIANS INVOLVED,9/21/2020 12:00:00 AM,A,22350,False,1,I-80 w/b to W. Grand Ave.,,,9/22/2020 6:39:10 PM,A,E,1180.0,SFOBB Toll Plaza,F,,D,9/22/2020 6:39:49 PM,9/22/2020 6:39:49 PM,,True,2,,,,,,,
1309434,9370-2020-02303,1,False,9370,9/18/2020 6:27:00 PM,1827,177,14,109,Oakland,1,True,True,E,HIT OBJECT,,Friday,NotApplicable,False,,,False,True,True,Oakland Superior,I,FIXED OBJECT,3' CONCRETE WALL,0,0,A,DAYLIGHT,37.47563,-122.16358,,,,,A,NO PEDESTRIANS INVOLVED,9/18/2020 12:00:00 AM,A,22350,False,1,I-880 S/B,,,9/22/2020 5:49:54 PM,A,N,115.0,Washington St,F,,D,9/22/2020 5:50:47 PM,9/22/2020 5:50:47 PM,,True,2,,,,,,,
1309431,9370-2020-02311,1,False,9370,9/19/2020 1:20:00 PM,1320,025,14,109,Oakland,1,True,True,C,REAR END,,Saturday,NotApplicable,False,,,False,True,False,Oakland Superior,C,OTHER MOTOR VEHICLE,,0,0,A,DAYLIGHT,37.834589,-122.266316,,,,,A,NO PEDESTRIANS INVOLVED,9/19/2020 12:00:00 AM,A,22350,False,1,SR-24 W/B,,,9/22/2020 5:28:58 PM,A,E,1190.0,42nd St,F,,D,9/22/2020 5:29:54 PM,9/22/2020 5:29:54 PM,,True,2,,,,,,,