collision-id,report-number,report-version,is-preliminary,ncic-code,crash-date-time,crash-time-description,beat,city-id,city-code,city-name,county-code,city-is-active,city-is-incorporated,collision-type-code,collision-type-description,collision-type-other-desc,day-of-week,dispatch-notified,has-photographs,hit-run,is-attachments-mailed,is-deleted,is-highway-related,is-tow-away,judicial-district,motor-vehicle-involved-with-code,motor-vehicle-involved-with-desc,motor-vehicle-involved-with-other-desc,number-injured,number-killed,lighting-code,lighting-description,latitude,longitude,milepost-direction,milepost-distance,milepost-marker,milepost-unit-of-measure,pedestrian-action-code,pedestrian-action-desc,prepared-date,primary-collision-factor-code,primary-collision-factor-description,primary-collision-factor-is-cited,primary-collision-party-number,primary-road,reporting-district,reporting-district-code,reviewed-date,roadway-surface-code,secondary-direction,secondary-distance,secondary-road,secondary-unit-of-measure,sketch-desc,traffic-control-device-code,created-date,modified-date,is-county-road,is-freeway,chp-555-version,is-additonal-object-struck,notification-date,notification-time-description,has-digital-media-files,evidence-number,is-location-refer-to-narrative,is-aoi-one-same-as-location
1321389,9370-2020-02501,1,False,9370,10/8/2020 9:15:00 AM,915,053,14,109,Oakland,1,True,True,C,REAR END,,Thursday,NotApplicable,False,,,False,True,True,Oakland Superior,C,OTHER MOTOR VEHICLE,,0,0,A,DAYLIGHT,37.795449,-122.207844,,,,,A,NO PEDESTRIANS INVOLVED,10/8/2020 12:00:00 AM,A,22350 VC,False,1,I-580 W/B,,,10/11/2020 6:33:41 PM,A,W,189.0,Maple Ave,F,,D,10/11/2020 6:34:37 PM,10/11/2020 6:34:37 PM,,True,2,,,,,,,
1321380,9370-2020-02474,1,False,9370,10/6/2020 3:30:00 AM,330,176,14,109,Oakland,1,True,True,E,HIT OBJECT,,Tuesday,Yes,False,,,False,True,True,Oakland Superior,I,FIXED OBJECT,CONCRETE WALL,1,0,C,DARK-STREET LIGHTS,37.45514,-122.1312,,,,,A,NO PEDESTRIANS INVOLVED,10/6/2020 12:00:00 AM,A,23152(a),True,1,I-880 SB,,,10/11/2020 4:58:37 PM,A,S,1689.0,High St,F,,D,10/11/2020 5:00:02 PM,10/11/2020 5:00:02 PM,,True,2,,,,,,,
1321379,9370-2020-02463,1,False,9370,10/5/2020 12:14:00 PM,1214,177,14,109,Oakland,1,True,True,E,HIT OBJECT,,Monday,NotApplicable,False,,,False,True,True,Oakland Superior,I,FIXED OBJECT,CONCRETE WALL,0,0,A,DAYLIGHT,37.78679,-122.24641,,,,,A,NO PEDESTRIANS INVOLVED,10/5/2020 12:00:00 AM,A,22107,False,1,I-880 S/B,,,10/11/2020 4:37:25 PM,A,N,605.0,16th Ave,F,,D,10/11/2020 4:37:59 PM,10/11/2020 4:37:59 PM,,True,2,,,,,,,
1321371,9370-2020-02456,1,False,9370,10/4/2020 12:30:00 AM,30,053,14,109,Oakland,1,True,True,C,REAR END,,Sunday,NotApplicable,False,M,,False,True,False,Oakland Superior,C,OTHER MOTOR VEHICLE,,0,0,C,DARK-STREET LIGHTS,37.475274,-122.132596,,,,,A,NO PEDESTRIANS INVOLVED,10/4/2020 12:00:00 AM,A,22350,False,1,I-580 E/B TO FRUITVALE AVENUE,,,10/11/2020 2:58:44 PM,A,W,20.0,Fruitvale Ave,F,,D,10/11/2020 2:59:17 PM,10/11/2020 2:59:17 PM,,True,2,,,,,,,
1321365,9370-2020-02460,1,False,9370,10/2/2020 11:05:00 AM,1105,176,14,109,Oakland,1,True,True,C,REAR END,,Friday,NotApplicable,False,,,False,True,True,Oakland Superior,C,OTHER MOTOR VEHICLE,,0,0,A,DAYLIGHT,37.77396,-122.23016,,,,,A,NO PEDESTRIANS INVOLVED,10/2/2020 12:00:00 AM,A,22350,False,1,I-880 N/B,,,10/11/2020 2:19:05 PM,A,S,1000.0,29th Ave,F,,D,10/11/2020 2:19:41 PM,10/11/2020 2:19:41 PM,,True,2,,,,,,,
1321351,9335-2020-01470,1,False,9335,10/6/2020 3:50:00 PM,1550,082,14,109,Oakland,1,True,True,B,SIDE SWIPE,,Tuesday,NotApplicable,False,,,False,True,True,Oakland Superior,C,OTHER MOTOR VEHICLE,,1,0,A,DAYLIGHT,37.820922,-122.337822,,,,,A,NO PEDESTRIANS INVOLVED,10/6/2020 12:00:00 AM,A,21658(a),False,2,I-80 W/B,,,10/11/2020 11:00:44 AM,A,E,3330.0,SF/ALAMEDA COUNTY LINE,F,,D,10/11/2020 11:01:48 AM,10/11/2020 11:01:48 AM,,True,2,,,,,,,
1320920,9335-2020-01468,1,False,9335,10/6/2020 7:30:00 AM,730,082,14,109,Oakland,1,True,True,C,REAR END,,Tuesday,NotApplicable,False,,,False,True,True,Oakland Superior,C,OTHER MOTOR VEHICLE,,0,0,A,DAYLIGHT,37.819855,-122.345474,,,,,A,NO PEDESTRIANS INVOLVED,10/6/2020 12:00:00 AM,A,22350,False,2,I-80 WESTBOUND,,,10/9/2020 11:50:00 AM,A,E,1.26,YERBA BUENA ISL TUNNEL,M,,D,10/9/2020 11:50:37 AM,10/9/2020 11:50:37 AM,,True,2,,,,,,,
1320511,9370-2020-02485,1,False,9370,10/7/2020 5:44:00 AM,544,053,14,109,Oakland,1,True,True,E,HIT OBJECT,,Wednesday,NotApplicable,False,,,False,True,False,Oakland Superior,J,OTHER OBJECT,TIRE,0,0,B,DUSK-DAWN,37.79628,-122.2098,,,,,A,NO PEDESTRIANS INVOLVED,10/7/2020 12:00:00 AM,C,,,,I-580 W/B,,,10/8/2020 6:46:00 PM,A,E,208.0,Coolidge Ave,F,,D,10/8/2020 6:46:33 PM,10/8/2020 6:46:33 PM,,True,2,,,,,,,
1320507,9370-2020-02464,1,False,9370,10/5/2020 3:50:00 PM,1550,098,14,109,Oakland,1,True,True,C,REAR END,,Monday,NotApplicable,False,,,False,True,False,Oakland Superior,C,OTHER MOTOR VEHICLE,,0,0,A,DAYLIGHT,37.80447,-122.278679,,,,,A,NO PEDESTRIANS INVOLVED,10/5/2020 12:00:00 AM,A,22350,False,1,I-980 E/B TO 11TH STREET,,,10/8/2020 6:25:09 PM,A,W,45.0,11th St,F,,A,10/8/2020 6:25:44 PM,10/8/2020 6:25:44 PM,,True,2,,,,,,,
1320506,9370-2020-02473,1,False,9370,10/5/2020 9:45:00 PM,2145,176,14,109,Oakland,1,True,True,B,SIDE SWIPE,,Monday,NotApplicable,False,M,,False,True,False,Oakland Superior,C,OTHER MOTOR VEHICLE,,0,0,C,DARK-STREET LIGHTS,37.44406,-122.11591,,,,,A,NO PEDESTRIANS INVOLVED,10/5/2020 12:00:00 AM,A,21658(a),False,1,I-880 N/B,,,10/8/2020 6:16:42 PM,A,N,1584.0,Hegenberger Rd,F,,D,10/8/2020 6:17:16 PM,10/8/2020 6:17:16 PM,,True,2,,,,,,,
1320502,9370-2020-02457,1,False,9370,10/3/2020 8:00:00 PM,2000,055,14,109,Oakland,1,True,True,C,REAR END,,Saturday,NotApplicable,False,,,False,True,True,Oakland Superior,C,OTHER MOTOR VEHICLE,,1,0,C,DARK-STREET LIGHTS,37.826872,-122.279269,,,,,A,NO PEDESTRIANS INVOLVED,10/3/2020 12:00:00 AM,A,22350,False,1,I-580 E/B,,,10/8/2020 5:48:32 PM,A,W,200.0,San Pablo Ave,F,,D,10/8/2020 5:49:25 PM,10/8/2020 5:49:25 PM,,True,2,,,,,,,
1320385,9370-2020-02409,1,False,9370,9/28/2020 10:30:00 PM,2230,177,14,109,Oakland,1,True,True,B,SIDE SWIPE,,Monday,NotApplicable,False,,,False,True,False,Oakland Superior,C,OTHER MOTOR VEHICLE,,0,0,D,DARK-NO STREET LIGHTS,37.788425,-122.251368,,,,,A,NO PEDESTRIANS INVOLVED,9/28/2020 12:00:00 AM,B,UNSAFE MERGE,,1,I-880 S/B,,,10/8/2020 2:35:19 PM,A,N,2135.0,16th Ave,F,,D,10/8/2020 2:35:57 PM,10/8/2020 2:35:57 PM,,True,2,,,,,,,
1319761,9370-2020-02472,1,False,9370,10/6/2020 3:54:00 AM,354,176,14,109,Oakland,1,True,True,B,SIDE SWIPE,,Tuesday,NotApplicable,False,,,False,True,True,Oakland Superior,C,OTHER MOTOR VEHICLE,,1,0,C,DARK-STREET LIGHTS,37.76094,-122.21435,,,,,A,NO PEDESTRIANS INVOLVED,10/6/2020 12:00:00 AM,C,,,,I-880 S/B,,,10/7/2020 8:37:35 PM,A,N,3115.0,66th Ave,F,,D,10/7/2020 8:38:13 PM,10/7/2020 8:38:13 PM,,True,2,,,,,,,
1319756,9370-2020-02428,1,False,9370,10/1/2020 8:15:00 AM,815,177,14,109,Oakland,1,True,True,C,REAR END,,Thursday,Yes,True,F,,False,True,True,Oakland Superior,C,OTHER MOTOR VEHICLE,,1,0,A,DAYLIGHT,37.793845,-122.264535,,,,,A,NO PEDESTRIANS INVOLVED,10/1/2020 12:00:00 AM,A,22350,False,1,I-880 SB,,,10/7/2020 8:10:55 PM,A,S,770.0,Oak St,F,,D,10/7/2020 8:12:11 PM,10/7/2020 8:12:11 PM,,True,2,,,,,,,
1319747,9370-2020-02482,1,False,9370,10/6/2020 5:40:00 PM,1740,008,14,109,Oakland,1,True,True,B,SIDE SWIPE,,Tuesday,NotApplicable,False,,,False,True,False,Oakland Superior,C,OTHER MOTOR VEHICLE,,1,0,A,DAYLIGHT,37.827287,-122.290446,,,,,A,NO PEDESTRIANS INVOLVED,10/6/2020 12:00:00 AM,A,21658(a),False,,I-80 WB TO I-580 EB,,,10/7/2020 7:48:53 PM,A,W,250.0,Mandela Pky,F,,D,10/7/2020 7:49:35 PM,10/7/2020 7:49:35 PM,,True,2,,,,,,,
1319728,9370-2020-02445,1,False,9370,10/2/2020 2:57:00 PM,1457,176,14,109,Oakland,1,True,True,B,SIDE SWIPE,,Friday,NotApplicable,False,,,False,True,True,Oakland Superior,C,OTHER MOTOR VEHICLE,,0,0,A,DAYLIGHT,37.43252,-122.10537,,,,,A,NO PEDESTRIANS INVOLVED,10/2/2020 12:00:00 AM,A,22350,False,1,I-880 S/B,,,10/7/2020 5:49:25 PM,A,S,3500.0,98th Ave,F,,D,10/7/2020 5:50:01 PM,10/7/2020 5:50:01 PM,,True,2,,,,,,,
1319726,9370-2020-02446,1,False,9370,10/2/2020 8:45:00 PM,2045,052,14,109,Oakland,1,True,True,E,HIT OBJECT,,Friday,NotApplicable,False,,,False,True,False,Oakland Superior,J,OTHER OBJECT,METAL PANEL,0,0,C,DARK-STREET LIGHTS,37.754493,-122.150891,,,,,A,NO PEDESTRIANS INVOLVED,10/2/2020 12:00:00 AM,C,,,,I-580 E/B,,,10/7/2020 5:37:26 PM,A,W,275.0,GOLF LINKS ROAD,F,,D,10/7/2020 5:37:59 PM,10/7/2020 5:37:59 PM,,True,2,,,,,,,
1319724,9370-2020-02439,1,False,9370,10/2/2020 6:45:00 AM,645,053,14,109,Oakland,1,True,True,E,HIT OBJECT,,Friday,Yes,False,,,False,True,True,Oakland Superior,I,FIXED OBJECT,CONCRETE CENTER WALL,1,0,A,DAYLIGHT,37.472745,-122.12782,,,,,A,NO PEDESTRIANS INVOLVED,10/2/2020 12:00:00 AM,A,23152(a),True,1,I-580 W/B,,,10/7/2020 5:26:50 PM,A,E,668.0,35th Ave,F,,D,10/7/2020 5:27:44 PM,10/7/2020 5:27:44 PM,,True,2,,,,,,,
1319713,9370-2020-02448,1,False,9370,10/2/2020 4:55:00 PM,1655,013,14,109,Oakland,1,True,True,E,HIT OBJECT,,Friday,NotApplicable,False,,,False,True,True,Oakland Superior,J,OTHER OBJECT,GUARD RAIL,0,0,A,DAYLIGHT,37.815419,-122.202338,,,,,A,NO PEDESTRIANS INVOLVED,10/2/2020 12:00:00 AM,A,22107,False,1,SR-13 N/B,,,10/7/2020 5:07:16 PM,A,N,2177.0,Joaquin Miller Rd,F,,D,10/7/2020 5:08:16 PM,10/7/2020 5:08:16 PM,,True,2,,,,,,,
1319705,9370-2020-02407,1,False,9370,9/29/2020 5:25:00 PM,1725,052,14,109,Oakland,1,True,True,C,REAR END,,Tuesday,NotApplicable,False,,,False,True,True,Oakland Superior,C,OTHER MOTOR VEHICLE,,1,0,A,DAYLIGHT,37.7735,-122.1583,,,,,A,NO PEDESTRIANS INVOLVED,9/29/2020 12:00:00 AM,A,22350,False,1,I-580 W/B,,,10/7/2020 4:54:18 PM,A,W,300.0,Keller Ave,F,,D,10/7/2020 4:54:53 PM,10/7/2020 4:54:53 PM,,True,2,,,,,,,
1319694,9370-2020-02427,1,False,9370,9/30/2020 5:05:00 PM,1705,052,14,109,Oakland,1,True,True,E,HIT OBJECT,,Wednesday,Yes,False,,,False,True,True,Oakland Superior,I,FIXED OBJECT,DIRT SHOULDER,0,0,A,DAYLIGHT,37.7637,-122.1505,,,,,A,NO PEDESTRIANS INVOLVED,9/30/2020 12:00:00 AM,A,22107,False,1,I-580 E/B,,,10/7/2020 4:41:05 PM,A,E,600.0,Fontaine Ct,F,,D,10/7/2020 4:41:56 PM,10/7/2020 4:41:56 PM,,True,2,,,,,,,
1319600,9370-2020-02406,1,False,9370,9/29/2020 2:05:00 PM,1405,179,14,109,Oakland,1,True,True,C,REAR END,,Tuesday,Yes,False,,,False,True,False,Oakland Superior,C,OTHER MOTOR VEHICLE,,1,0,A,DAYLIGHT,37.829,-122.2929,,,,,A,NO PEDESTRIANS INVOLVED,9/29/2020 12:00:00 AM,A,22350,False,1,I-880 N/B TO I-80 E/B,,,10/7/2020 3:10:17 PM,A,S,1000.0,Powell St,F,,D,10/7/2020 3:11:01 PM,10/7/2020 3:11:01 PM,,True,2,,,,,,,
1319534,9370-2020-02401,1,False,9370,9/28/2020 10:00:00 PM,2200,008,14,109,Oakland,1,True,True,C,REAR END,,Monday,Yes,False,M,,False,True,True,Oakland Superior,C,OTHER MOTOR VEHICLE,,0,0,C,DARK-STREET LIGHTS,37.492919,-122.184912,,,,,A,NO PEDESTRIANS INVOLVED,9/28/2020 12:00:00 AM,A,23152(f),True,1,I-80 W/B,,,10/7/2020 2:03:49 PM,A,E,50.0,SFOBB TOLL PLAZA,F,,D,10/7/2020 2:04:33 PM,10/7/2020 2:04:33 PM,,True,2,,,,,,,
1318858,9370-2020-02468,1,False,9370,10/5/2020 9:45:00 PM,2145,176,14,109,Oakland,1,True,True,C,REAR END,,Monday,NotApplicable,False,M,,False,True,True,Oakland Superior,C,OTHER MOTOR VEHICLE,,0,0,C,DARK-STREET LIGHTS,37.741037,-122.196635,,,,,A,NO PEDESTRIANS INVOLVED,10/5/2020 12:00:00 AM,A,22350,False,1,I-880 N/B,,,10/6/2020 8:21:56 PM,A,N,10.0,Hegenberger Rd,F,,D,10/6/2020 8:22:32 PM,10/6/2020 8:22:32 PM,,True,2,,,,,,,
1318853,9370-2020-02455,1,False,9370,10/3/2020 11:25:00 PM,2325,024,14,109,Oakland,1,True,True,E,HIT OBJECT,,Saturday,Yes,False,,,False,True,True,Oakland Superior,I,FIXED OBJECT,METAL GAURDRAIL,0,0,C,DARK-STREET LIGHTS,37.850178,-122.238325,,,,,A,NO PEDESTRIANS INVOLVED,10/3/2020 12:00:00 AM,A,23152(a),False,1,SR-24 W/B,,,10/6/2020 7:49:54 PM,A,E,418.0,Golden Gate Avenue U/C,F,,D,10/6/2020 7:50:50 PM,10/6/2020 7:50:50 PM,,True,2,,,,,,,
1318852,9370-2020-02263,1,False,9370,9/15/2020 12:10:00 AM,10,055,14,109,Oakland,1,True,True,D,BROADSIDE,,Tuesday,NotApplicable,True,,,False,True,False,Oakland Superior,C,OTHER MOTOR VEHICLE,,0,0,D,DARK-NO STREET LIGHTS,37.92389,-122.2656,,,,,A,NO PEDESTRIANS INVOLVED,9/15/2020 12:00:00 AM,A,21658(a),False,1,I-580 W/B TO SR-24 E/B,,,10/6/2020 7:40:32 PM,A,E,150.0,Telegraph Ave,F,,D,10/6/2020 7:41:16 PM,10/6/2020 7:41:16 PM,,True,2,,,,,,,
1318839,9370-2020-02422,1,False,9370,9/30/2020 1:51:00 PM,1351,052,14,109,Oakland,1,True,True,C,REAR END,,Wednesday,Yes,False,,,False,True,True,Oakland Superior,C,OTHER MOTOR VEHICLE,,3,0,A,DAYLIGHT,37.757736,-122.147751,,,,,A,NO PEDESTRIANS INVOLVED,9/30/2020 12:00:00 AM,A,23152(a),True,1,I-580 W/B,,,10/6/2020 5:40:57 PM,A,E,400.0,Oak Knoll Blvd,F,,D,10/6/2020 5:41:48 PM,10/6/2020 5:41:48 PM,,True,2,,,,,,,
1318801,9370-2020-02424,1,False,9370,9/30/2020 2:30:00 PM,1430,024,14,109,Oakland,1,True,True,H,OTHER,Backing,Wednesday,NotApplicable,False,,,False,True,False,Oakland Superior,C,OTHER MOTOR VEHICLE,,0,0,A,DAYLIGHT,37.848548,-122.227183,,,,,A,NO PEDESTRIANS INVOLVED,9/30/2020 12:00:00 AM,A,22106,False,2,SR-24 E/B,,,10/6/2020 4:39:23 PM,A,E,200.0,SR-13,F,,D,10/6/2020 4:40:12 PM,10/6/2020 4:40:12 PM,,True,2,,,,,,,
1318698,9370-2020-02393,1,False,9370,9/28/2020 5:39:00 AM,539,054,14,109,Oakland,1,True,True,C,REAR END,,Monday,Yes,False,,,False,True,True,Oakland Superior,C,OTHER MOTOR VEHICLE,,1,0,C,DARK-STREET LIGHTS,37.81451,-122.25083,,,,,A,NO PEDESTRIANS INVOLVED,9/28/2020 12:00:00 AM,A,22350,False,2,I-580 W/B,,,10/6/2020 2:44:19 PM,A,E,640.0,Chetwood St,F,,D,10/6/2020 2:45:11 PM,10/6/2020 2:45:11 PM,,True,2,,,,,,,
1318520,9335-2020-01439,1,False,9335,9/26/2020 3:47:00 PM,1547,088,14,109,Oakland,1,True,True,B,SIDE SWIPE,,Saturday,NotApplicable,False,,,False,True,False,Oakland Superior,C,OTHER MOTOR VEHICLE,,0,0,A,DAYLIGHT,37.824366,-122.31747,,,,,A,NO PEDESTRIANS INVOLVED,9/26/2020 12:00:00 AM,A,21658(a),False,1,I-80 W/B,,,10/6/2020 12:36:52 PM,A,W,11.0,SFOBB TOLL PLAZA METERING LIGHTS,F,,D,10/6/2020 12:37:24 PM,10/6/2020 12:37:24 PM,,True,2,,,,,,,
1318512,9335-2020-01438,1,False,9335,9/26/2020 3:45:00 PM,1545,082,14,109,Oakland,1,True,True,C,REAR END,,Saturday,NotApplicable,False,,,False,True,False,Oakland Superior,C,OTHER MOTOR VEHICLE,,0,0,A,DAYLIGHT,37.824325,-122.31732,,,,,A,NO PEDESTRIANS INVOLVED,9/26/2020 12:00:00 AM,A,22350,False,1,I-80 W/B,,,10/6/2020 12:30:01 PM,A,E,45.0,SFOBB TOLL PLAZA METERING LIGHTS,F,,A,10/6/2020 12:30:40 PM,10/6/2020 12:30:40 PM,,True,2,,,,,,,
1317978,9370-2020-02432,1,False,9370,10/1/2020 1:30:00 PM,1330,052,14,109,Oakland,1,True,True,C,REAR END,,Thursday,Yes,False,,,False,True,True,Oakland Superior,C,OTHER MOTOR VEHICLE,,1,0,A,DAYLIGHT,37.7455,-122.15,,,,,A,NO PEDESTRIANS INVOLVED,10/1/2020 12:00:00 AM,A,22350,False,1,I-580 E/B TO 106TH AVENUE,,,10/5/2020 7:40:02 PM,A,W,335.0,106th Ave,F,,D,10/5/2020 7:41:00 PM,10/5/2020 7:41:00 PM,,True,2,,,,,,,
1317971,9370-2020-02416,1,False,9370,9/30/2020 6:50:00 AM,650,053,14,109,Oakland,1,True,True,E,HIT OBJECT,,Wednesday,Yes,False,,,False,True,True,Oakland Superior,I,FIXED OBJECT,CONCRETE WALL,2,0,A,DAYLIGHT,37.800386,-122.226538,,,,,A,NO PEDESTRIANS INVOLVED,9/30/2020 12:00:00 AM,A,22107,False,1,I-580 E/B,,,10/5/2020 6:41:27 PM,A,W,290.0,Ardley Ave,F,,D,10/5/2020 6:42:17 PM,10/5/2020 6:42:17 PM,,True,2,,,,,,,
1317969,9370-2020-02417,1,False,9370,9/30/2020 8:10:00 AM,810,055,14,109,Oakland,1,True,True,B,SIDE SWIPE,,Wednesday,NotApplicable,False,,,False,True,True,Oakland Superior,C,OTHER MOTOR VEHICLE,,0,0,A,DAYLIGHT,37.823004,-122.262052,,,,,A,NO PEDESTRIANS INVOLVED,9/30/2020 12:00:00 AM,A,21658(a),False,1,I-580 W/B,,,10/5/2020 5:54:57 PM,A,W,630.0,Broadway,F,,D,10/5/2020 5:55:44 PM,10/5/2020 5:55:44 PM,,True,2,,,,,,,
1317959,9370-2020-02405,1,False,9370,9/29/2020 1:15:00 PM,1315,080,14,109,Oakland,1,True,True,B,SIDE SWIPE,,Tuesday,Yes,False,,,False,True,True,Oakland Superior,C,OTHER MOTOR VEHICLE,,2,0,A,DAYLIGHT,37.835987,-122.295537,,,,,A,NO PEDESTRIANS INVOLVED,9/29/2020 12:00:00 AM,A,22107,False,1,I-80 E/B,,,10/5/2020 5:22:22 PM,A,W,800.0,POWELL ST.,F,,D,10/5/2020 5:23:12 PM,10/5/2020 5:23:12 PM,,True,2,,,,,,,
1338593,9370-2020-02659,1,False,9370,10/25/2020 2:05:00 AM,205,024,14,109,Oakland,1,True,True,C,REAR END,,Sunday,NotApplicable,False,M,,False,True,False,Oakland Superior,C,OTHER MOTOR VEHICLE,,0,0,C,DARK-STREET LIGHTS,37.862024,-122.209299,,,,,A,NO PEDESTRIANS INVOLVED,10/25/2020 12:00:00 AM,A,22350,False,1,SR-24 E/B,,,11/3/2020 5:14:17 PM,A,E,105.0,Caldecott Tunnel Bore #2,F,,D,11/3/2020 5:14:51 PM,11/3/2020 5:14:51 PM,,True,2,,,,,,,
1338523,9370-2020-02741,1,False,9370,10/31/2020 10:10:00 PM,2210,008,14,109,Oakland,1,True,True,B,SIDE SWIPE,,Saturday,NotApplicable,False,,,False,True,True,Oakland Superior,C,OTHER MOTOR VEHICLE,,0,0,C,DARK-STREET LIGHTS,37.824959,-122.313726,,,,,A,NO PEDESTRIANS INVOLVED,10/31/2020 12:00:00 AM,A,21658(a),False,1,I-80 W/B,,,11/3/2020 4:27:44 PM,A,E,10.0,San Francisco-Oakland Bay Bridge TP,F,,D,11/3/2020 4:28:18 PM,11/3/2020 4:28:18 PM,,True,2,,,,,,,
1338516,9370-2020-02758,1,False,9370,10/31/2020 11:55:00 PM,2355,083,14,109,Oakland,1,True,True,B,SIDE SWIPE,,Saturday,NotApplicable,False,M,,False,True,False,Oakland Superior,C,OTHER MOTOR VEHICLE,,0,0,D,DARK-NO STREET LIGHTS,37.991967,-122.307579,,,,,A,NO PEDESTRIANS INVOLVED,10/31/2020 12:00:00 AM,A,21658(a),False,1,I-80 E/B,,,11/3/2020 4:21:57 PM,A,W,1575.0,Appian Way,F,,D,11/3/2020 4:22:31 PM,11/3/2020 4:22:31 PM,,True,2,,,,,,,
1338475,9370-2020-02705,1,False,9370,10/28/2020 2:46:00 AM,246,176,14,109,Oakland,1,True,True,E,HIT OBJECT,,Wednesday,Yes,False,,,False,True,True,Oakland Superior,J,OTHER OBJECT,SIGN BOARD,1,0,D,DARK-NO STREET LIGHTS,37.77114,-122.222466,,,,,A,NO PEDESTRIANS INVOLVED,10/28/2020 12:00:00 AM,A,23152(a),True,1,I-880 N/B,,,11/3/2020 4:01:19 PM,A,N,657.0,High St,F,,D,11/3/2020 4:03:37 PM,11/3/2020 4:03:37 PM,,True,2,,,,,,,
1338275,9370-2020-02756,1,False,9370,10/31/2020 11:37:00 PM,2337,053,14,109,Oakland,1,True,True,E,HIT OBJECT,,Saturday,NotApplicable,False,M,,False,True,False,Oakland Superior,I,FIXED OBJECT,CONCRETE BARRIER,0,0,C,DARK-STREET LIGHTS,37.793603,-122.204824,,,,,A,NO PEDESTRIANS INVOLVED,10/31/2020 12:00:00 AM,A,22107,False,1,I-580 W/B,,,11/3/2020 1:47:58 PM,A,W,640.0,35th Ave,F,,D,11/3/2020 1:48:42 PM,11/3/2020 1:48:42 PM,,True,2,,,,,,,
1338264,9370-2020-02729,1,False,9370,10/30/2020 5:40:00 PM,1740,176,14,109,Oakland,1,True,True,B,SIDE SWIPE,,Friday,NotApplicable,False,M,,False,True,True,Oakland Superior,C,OTHER MOTOR VEHICLE,,0,0,A,DAYLIGHT,37.742679,-122.198307,,,,,A,NO PEDESTRIANS INVOLVED,10/30/2020 12:00:00 AM,A,21658(a),False,1,I-880 S/B,,,11/3/2020 1:41:38 PM,A,N,834.0,Hegenberger ROad,F,,D,11/3/2020 1:43:05 PM,11/3/2020 1:43:05 PM,,True,2,,,,,,,
1338225,9370-2020-02745,1,False,9370,11/1/2020 6:10:00 AM,610,052,14,109,Oakland,1,True,True,E,HIT OBJECT,,Sunday,NotApplicable,False,,,False,True,True,Oakland Superior,I,FIXED OBJECT,CONCRETE BARRIER,0,0,B,DUSK-DAWN,37.768085,-122.153368,,,,,A,NO PEDESTRIANS INVOLVED,11/1/2020 12:00:00 AM,A,22107,False,1,I-580 W/B,,,11/3/2020 1:17:55 PM,A,E,1670.0,Keller Ave,F,,D,11/3/2020 1:19:45 PM,11/3/2020 1:19:45 PM,,True,2,,,,,,,
1337666,9335-2020-01607,1,False,9335,11/1/2020 2:15:00 AM,215,084,14,109,Oakland,1,True,True,B,SIDE SWIPE,,Sunday,NotApplicable,False,M,,False,True,True,Oakland Superior,C,OTHER MOTOR VEHICLE,,0,0,C,DARK-STREET LIGHTS,37.821187,-122.333381,,,,,A,NO PEDESTRIANS INVOLVED,11/1/2020 12:00:00 AM,A,21658(a),False,1,I-80 E/B,,,11/3/2020 7:26:06 AM,A,W,1.32,I-80 W/B to West Grand Avenue,M,,D,11/3/2020 7:27:30 AM,11/3/2020 7:27:30 AM,,True,2,,,,,,,
1337424,9370-2020-02750,1,False,9370,11/1/2020 3:50:00 AM,350,176,14,109,Oakland,1,True,True,E,HIT OBJECT,,Sunday,Yes,False,,,False,True,True,Oakland Superior,I,FIXED OBJECT,CONCRETE BARRIER WALL,0,0,C,DARK-STREET LIGHTS,37.775653,-122.234522,,,,,A,NO PEDESTRIANS INVOLVED,11/1/2020 12:00:00 AM,A,23152(a),True,1,I-880 N/B,,,11/2/2020 11:29:18 PM,A,S,250.0,23rd AVENUE,F,,D,11/2/2020 11:30:05 PM,11/2/2020 11:30:05 PM,,True,2,,,,,,,