collision-id,report-number,report-version,is-preliminary,ncic-code,crash-date-time,crash-time-description,beat,city-id,city-code,city-name,county-code,city-is-active,city-is-incorporated,collision-type-code,collision-type-description,collision-type-other-desc,day-of-week,dispatch-notified,has-photographs,hit-run,is-attachments-mailed,is-deleted,is-highway-related,is-tow-away,judicial-district,motor-vehicle-involved-with-code,motor-vehicle-involved-with-desc,motor-vehicle-involved-with-other-desc,number-injured,number-killed,lighting-code,lighting-description,latitude,longitude,milepost-direction,milepost-distance,milepost-marker,milepost-unit-of-measure,pedestrian-action-code,pedestrian-action-desc,prepared-date,primary-collision-factor-code,primary-collision-factor-description,primary-collision-factor-is-cited,primary-collision-party-number,primary-road,reporting-district,reporting-district-code,reviewed-date,roadway-surface-code,secondary-direction,secondary-distance,secondary-road,secondary-unit-of-measure,sketch-desc,traffic-control-device-code,created-date,modified-date,is-county-road,is-freeway,chp-555-version,is-additonal-object-struck,notification-date,notification-time-description,has-digital-media-files,evidence-number,is-location-refer-to-narrative,is-aoi-one-same-as-location
2880813,20-008383,2,False,0109,2/12/2020 8:10:00 AM,810,03X,14,109,Oakland,1,True,True,B,SIDE SWIPE,,Wednesday,,,,,False,False,False,,C,OTHER MOTOR VEHICLE,,0,0,B,DUSK-DAWN,,,,,,,A,NO PEDESTRIANS INVOLVED,,A,21658B,,1,7TH ST,1,,,A,,,WEBSTER ST,,,A,7/30/2024 9:14:10 AM,1/29/2025 3:18:33 PM,,,2,,,,,,,
2880812,20-008594,2,False,0109,2/13/2020 8:19:00 AM,819,22X,14,109,Oakland,1,True,True,B,SIDE SWIPE,,Thursday,,,,,False,False,False,,E,PARKED MOTOR VEHICLE,,0,0,A,DAYLIGHT,,,,,,,A,NO PEDESTRIANS INVOLVED,,A,22107,,1,MACARTHUR BL,1,,,A,W,42.0,MAPLE AV,F,,D,7/30/2024 9:14:09 AM,1/29/2025 3:18:33 PM,,,2,,,,,,,
2880810,20-006632,2,False,0109,2/3/2020 4:00:00 PM,1600,20X,14,109,Oakland,1,True,True,A,HEAD-ON,,Monday,,,,,False,False,False,,C,OTHER MOTOR VEHICLE,,0,0,A,DAYLIGHT,,,,,,,A,NO PEDESTRIANS INVOLVED,,A,22107,,1,24TH AV,1,,,A,S,10.0,E 16TH ST,F,,A,7/30/2024 9:14:09 AM,1/29/2025 3:18:32 PM,,,2,,,,,,,
2880807,20-007007,2,False,0109,2/5/2020 11:29:00 AM,1129,23X,14,109,Oakland,1,True,True,B,SIDE SWIPE,,Wednesday,,,,,False,False,False,,C,OTHER MOTOR VEHICLE,,0,0,A,DAYLIGHT,,,,,,,A,NO PEDESTRIANS INVOLVED,,A,22107,,,E 9TH ST,2,,,A,W,20.0,33RD AV,F,,A,7/30/2024 9:14:08 AM,1/29/2025 3:18:32 PM,,,2,,,,,,,
2880806,20-006289,2,False,0109,2/1/2020 5:06:00 PM,1706,09X,14,109,Oakland,1,True,True,D,BROADSIDE,,Saturday,,,,,False,False,False,,C,OTHER MOTOR VEHICLE,,0,0,B,DUSK-DAWN,,,,,,,A,NO PEDESTRIANS INVOLVED,,A,21801A,,1,MACARTHUR BL,1,,,A,,,MOSS AV,,,A,7/30/2024 9:14:08 AM,1/29/2025 3:18:32 PM,,,2,,,,,,,
2880803,20-007404,2,False,0109,2/12/2020 9:23:00 AM,923,19X,14,109,Oakland,1,True,True,D,BROADSIDE,,Wednesday,,,,,False,False,False,,C,OTHER MOTOR VEHICLE,,0,0,A,DAYLIGHT,,,,,,,A,NO PEDESTRIANS INVOLVED,,A,21802A,,1,FOOTHILL BL,1,,,A,,,15TH AV,,,A,7/30/2024 9:14:08 AM,1/29/2025 3:18:32 PM,,,2,,,,,,,
2880802,20-006981,2,False,0109,2/5/2020 9:30:00 AM,930,04X,14,109,Oakland,1,True,True,B,SIDE SWIPE,,Wednesday,,,,,False,False,False,,C,OTHER MOTOR VEHICLE,,0,0,A,DAYLIGHT,,,,,,,A,NO PEDESTRIANS INVOLVED,,A,22107,,1,WEBSTER ST,1,,,A,S,105.0,17TH ST,F,,D,7/30/2024 9:14:08 AM,1/29/2025 3:18:32 PM,,,2,,,,,,,
2880800,20-007729,2,False,0109,2/9/2020 1:04:00 AM,104,31X,14,109,Oakland,1,True,True,D,BROADSIDE,,Sunday,,,,,False,False,True,,C,OTHER MOTOR VEHICLE,,0,0,C,DARK-STREET LIGHTS,,,,,,,A,NO PEDESTRIANS INVOLVED,,A,22107,,1,HEGENBERGER RD,2,,,A,N,50.0,COLLINS,F,,D,7/30/2024 9:14:07 AM,1/29/2025 3:18:31 PM,,,2,,,,,,,
2880798,20-007809,2,False,0109,2/9/2020 4:05:00 PM,1605,20X,14,109,Oakland,1,True,True,C,REAR END,,Sunday,,,,,False,False,False,,C,OTHER MOTOR VEHICLE,,0,0,A,DAYLIGHT,,,,,,,A,NO PEDESTRIANS INVOLVED,,A,22350,,1,29TH AV,1,,,A,N,100.0,FORD ST,F,,A,7/30/2024 9:14:07 AM,1/29/2025 3:18:31 PM,,,2,,,,,,,
2880796,20-006832,2,False,0109,2/4/2020 3:20:00 PM,1520,33X,14,109,Oakland,1,True,True,D,BROADSIDE,,Tuesday,,,,,False,False,False,,C,OTHER MOTOR VEHICLE,,0,0,A,DAYLIGHT,,,,,,,A,NO PEDESTRIANS INVOLVED,,A,21802A,,1,94TH AV,2,,,A,,,A ST,,,A,7/30/2024 9:14:07 AM,1/29/2025 3:18:31 PM,,,2,,,,,,,
2880793,20-009193,2,False,0109,2/16/2020 8:00:00 PM,2000,06X,14,109,Oakland,1,True,True,B,SIDE SWIPE,,Sunday,,,M,,False,False,False,,C,OTHER MOTOR VEHICLE,,0,0,C,DARK-STREET LIGHTS,,,,,,,A,NO PEDESTRIANS INVOLVED,,A,22107,,1,35TH ST,1,,,A,,,WEST ST,,,A,7/30/2024 9:14:06 AM,1/29/2025 3:18:31 PM,,,2,,,,,,,
2880791,20-007081,2,False,0109,2/5/2020 8:00:00 PM,2000,02X,14,109,Oakland,1,True,True,H,OTHER,,Wednesday,,,M,,False,False,False,,E,PARKED MOTOR VEHICLE,,0,0,A,DAYLIGHT,,,,,,,A,NO PEDESTRIANS INVOLVED,,D,,,,CENTER ST,1,,,A,N,20.0,10TH ST,F,,D,7/30/2024 9:14:06 AM,1/29/2025 3:18:31 PM,,,2,,,,,,,
2880788,20-007548,2,False,0109,2/8/2020 3:45:00 AM,345,29X,14,109,Oakland,1,True,True,B,SIDE SWIPE,,Saturday,,,M,,False,False,True,,E,PARKED MOTOR VEHICLE,,0,0,C,DARK-STREET LIGHTS,,,,,,,A,NO PEDESTRIANS INVOLVED,,A,22107,,1,FOOTHILL BL,2,,,A,E,70.0,MASON ST,F,,D,7/30/2024 9:14:06 AM,1/29/2025 3:18:31 PM,,,2,,,,,,,
2880769,20-007969,2,False,0109,2/10/2020 10:01:00 AM,1001,29X,14,109,Oakland,1,True,True,A,HEAD-ON,,Monday,,,M,,False,False,False,,E,PARKED MOTOR VEHICLE,,0,0,A,DAYLIGHT,,,,,,,A,NO PEDESTRIANS INVOLVED,,A,22107,,1,BRANN ST,2,,,A,E,25.0,HAVENSCOURT BL,F,,A,7/30/2024 9:14:02 AM,1/29/2025 3:18:29 PM,,,2,,,,,,,
2880765,20-007866,2,False,0109,2/10/2020 4:14:00 PM,1614,29X,14,109,Oakland,1,True,True,C,REAR END,,Monday,,,M,,False,False,True,,C,OTHER MOTOR VEHICLE,,0,0,A,DAYLIGHT,,,,,,,A,NO PEDESTRIANS INVOLVED,,A,22107,,1,68TH AV,2,,,A,N,90.0,MACARTHUR BL,F,,D,7/30/2024 9:14:01 AM,1/29/2025 3:18:28 PM,,,2,,,,,,,
2880762,20-008239,2,False,0109,2/12/2020 1:35:00 PM,1335,13Z,14,109,Oakland,1,True,True,C,REAR END,,Wednesday,,,,,False,False,False,,C,OTHER MOTOR VEHICLE,,1,0,A,DAYLIGHT,,,,,,,A,NO PEDESTRIANS INVOLVED,,A,22350,,1,PARK BL,1,,,A,,,MOUNTAIN BL,,,A,7/30/2024 9:14:01 AM,1/29/2025 3:18:28 PM,,,2,,,,,,,
2880761,20-008097,2,False,0109,2/10/2020 10:01:00 PM,2201,19X,14,109,Oakland,1,True,True,D,BROADSIDE,,Monday,,,M,,False,False,False,,C,OTHER MOTOR VEHICLE,,0,0,C,DARK-STREET LIGHTS,,,,,,,A,NO PEDESTRIANS INVOLVED,,A,22450A,,1,21ST AV,1,,,A,,,E 15TH ST,,,D,7/30/2024 9:14:01 AM,1/29/2025 3:18:28 PM,,,2,,,,,,,
2880758,20-008270,2,False,0109,2/11/2020 4:00:00 PM,1600,11X,14,109,Oakland,1,True,True,D,BROADSIDE,,Tuesday,,,,,False,False,False,,C,OTHER MOTOR VEHICLE,,1,0,A,DAYLIGHT,,,,,,,A,NO PEDESTRIANS INVOLVED,,A,21802A,,1,TELEGRAPH AV,1,,,A,,,62ND ST,,,A,7/30/2024 9:14:00 AM,1/29/2025 3:18:28 PM,,,2,,,,,,,
2880757,20-008495,2,False,0109,2/12/2020 5:45:00 PM,1745,02Y,14,109,Oakland,1,True,True,C,REAR END,,Wednesday,,,M,,False,False,False,,C,OTHER MOTOR VEHICLE,,0,0,A,DAYLIGHT,,,,,,,A,NO PEDESTRIANS INVOLVED,,A,21703,,1,8TH ST,1,,,A,W,20.0,CAMPBELL ST,F,,D,7/30/2024 9:14:00 AM,1/29/2025 3:18:28 PM,,,2,,,,,,,
2880753,20-008984,2,False,0109,2/15/2020 1:23:00 PM,1323,23X,14,109,Oakland,1,True,True,E,HIT OBJECT,,Saturday,,,,,False,False,False,,C,OTHER MOTOR VEHICLE,,0,0,A,DAYLIGHT,,,,,,,A,NO PEDESTRIANS INVOLVED,,A,21802A,,1,40TH AV,2,,,A,,,SAN LEANDRO ST,,,A,7/30/2024 9:13:59 AM,1/29/2025 3:18:27 PM,,,2,,,,,,,
2880750,20-007930,2,False,0109,2/10/2020 7:40:00 AM,740,26X,14,109,Oakland,1,True,True,B,SIDE SWIPE,,Monday,,,,,False,False,False,,C,OTHER MOTOR VEHICLE,,0,0,A,DAYLIGHT,,,,,,,A,NO PEDESTRIANS INVOLVED,,A,22107,,1,COLISEUM WY,2,,,A,E,200.0,50TH AV,F,,D,7/30/2024 9:13:59 AM,1/29/2025 3:18:27 PM,,,2,,,,,,,
2880749,20-010833,2,False,0109,2/24/2020 10:45:00 AM,1045,23X,14,109,Oakland,1,True,True,H,OTHER,,Monday,,,,,False,False,False,,E,PARKED MOTOR VEHICLE,,0,0,A,DAYLIGHT,,,,,,,A,NO PEDESTRIANS INVOLVED,,A,24002,,1,RUTHERFORD ST,2,,,A,N,10.0,FOOTHILL BL,F,,A,7/30/2024 9:13:59 AM,1/29/2025 3:18:27 PM,,,2,,,,,,,
2880746,20-008456,2,False,0109,2/12/2020 2:45:00 PM,1445,08X,14,109,Oakland,1,True,True,B,SIDE SWIPE,,Wednesday,,,,,False,False,True,,C,OTHER MOTOR VEHICLE,,0,0,A,DAYLIGHT,,,,,,,A,NO PEDESTRIANS INVOLVED,,A,22107,,1,23RD ST,2,,,A,W,49.0,MLK JR WY,F,,A,7/30/2024 9:13:58 AM,1/29/2025 3:18:27 PM,,,2,,,,,,,
2880742,20-008487,2,False,0109,2/12/2020 6:01:00 PM,1801,33X,14,109,Oakland,1,True,True,B,SIDE SWIPE,,Wednesday,,,,,False,False,False,,C,OTHER MOTOR VEHICLE,,0,0,A,DAYLIGHT,,,,,,,A,NO PEDESTRIANS INVOLVED,,A,22107,,1,INTERNATIONAL BL,2,,,A,,,82ND AV,,,A,7/30/2024 9:13:57 AM,1/29/2025 3:18:26 PM,,,2,,,,,,,
2880736,20-008446,2,False,0109,2/12/2020 2:45:00 PM,1445,27X,14,109,Oakland,1,True,True,A,HEAD-ON,,Wednesday,,,,,False,False,False,,B,PEDESTRIAN,,0,0,A,DAYLIGHT,,,,,,,B,CROSSING IN CROSS WALK AT INTERSECTION,,A,21950A,,1,FOOTHILL BL,2,,,A,,,HIGH ST,,,D,7/30/2024 9:13:57 AM,1/29/2025 3:18:26 PM,,,2,,,,,,,
2880733,20-008488,2,False,0109,2/12/2020 5:55:00 PM,1755,10Y,14,109,Oakland,1,True,True,A,HEAD-ON,,Wednesday,,,,,False,False,False,,C,OTHER MOTOR VEHICLE,,0,0,B,DUSK-DAWN,,,,,,,A,NO PEDESTRIANS INVOLVED,,A,,,1,MARTIN LUTHER KING JR WY,1,,,A,,,56TH ST,,,A,7/30/2024 9:13:56 AM,1/29/2025 3:18:25 PM,,,2,,,,,,,
2880732,20-001666,2,False,0109,1/9/2020 8:04:00 PM,2004,26X,14,109,Oakland,1,True,True,B,SIDE SWIPE,,Thursday,,,M,,False,False,False,,C,OTHER MOTOR VEHICLE,,0,0,B,DUSK-DAWN,,,,,,,A,NO PEDESTRIANS INVOLVED,,A,22107,,1,INTERNATIONAL BL,2,,,A,E,1.0,55TH AV,F,,D,7/30/2024 9:13:56 AM,1/29/2025 3:18:25 PM,,,2,,,,,,,
2880628,20-008249,2,False,0109,2/11/2020 12:25:00 PM,1225,02X,14,109,Oakland,1,True,True,B,SIDE SWIPE,,Tuesday,,,M,,False,False,False,,C,OTHER MOTOR VEHICLE,,0,0,A,DAYLIGHT,,,,,,,A,NO PEDESTRIANS INVOLVED,,A,22107,,1,MARITIME,1,,,A,,,17TH ST,,,A,7/30/2024 9:13:38 AM,1/29/2025 3:18:15 PM,,,2,,,,,,,
2880627,20-004555,2,False,0109,1/24/2020 8:15:00 PM,2015,30X,14,109,Oakland,1,True,True,B,SIDE SWIPE,,Friday,,,M,,False,False,False,,E,PARKED MOTOR VEHICLE,,0,0,C,DARK-STREET LIGHTS,,,,,,,A,NO PEDESTRIANS INVOLVED,,A,22107,,1,69TH AV,2,,,A,S,10.0,WELD ST,F,,D,7/30/2024 9:13:38 AM,1/29/2025 3:18:15 PM,,,2,,,,,,,
2880625,20-002047,2,False,0109,1/12/2020 2:54:00 AM,254,18X,14,109,Oakland,1,True,True,B,SIDE SWIPE,,Sunday,,,M,,False,False,True,,I,FIXED OBJECT,,0,0,C,DARK-STREET LIGHTS,,,,,,,A,NO PEDESTRIANS INVOLVED,,A,22107,,1,INDEPENDENCE WY,1,,,A,W,20.0,21ST AV,F,,D,7/30/2024 9:13:38 AM,1/29/2025 3:18:15 PM,,,2,,,,,,,
2880619,20-008378,2,False,0109,2/12/2020 7:58:00 AM,758,32Y,14,109,Oakland,1,True,True,C,REAR END,,Wednesday,,,,,False,False,True,,E,PARKED MOTOR VEHICLE,,0,0,A,DAYLIGHT,,,,,,,A,NO PEDESTRIANS INVOLVED,,A,22107,,1,STANLEY AV,2,,,A,W,50.0,TRUMAN AV,F,,D,7/30/2024 9:13:36 AM,1/29/2025 3:18:14 PM,,,2,,,,,,,
2880616,20-003551,2,False,0109,1/19/2020 10:09:00 PM,2209,32X,14,109,Oakland,1,True,True,E,HIT OBJECT,,Sunday,,,,,False,False,False,,I,FIXED OBJECT,,0,0,C,DARK-STREET LIGHTS,,,,,,,A,NO PEDESTRIANS INVOLVED,,A,22350,,1,GOULD ST,2,,,A,E,100.0,98TH AV,F,,D,7/30/2024 9:13:36 AM,1/29/2025 3:18:14 PM,,,2,,,,,,,
2880612,20-001894,2,False,0109,1/11/2020 6:39:00 AM,639,31Z,14,109,Oakland,1,True,True,B,SIDE SWIPE,,Saturday,,,,,False,False,False,,C,OTHER MOTOR VEHICLE,,0,0,C,DARK-STREET LIGHTS,,,,,,,A,NO PEDESTRIANS INVOLVED,,A,22107,,1,SAN LEANDRO ST,2,,,A,,,102ND AV,,,D,7/30/2024 9:13:35 AM,1/29/2025 3:18:14 PM,,,2,,,,,,,
2880604,20-004138,2,False,0109,1/22/2020 5:00:00 PM,1700,05X,14,109,Oakland,1,True,True,D,BROADSIDE,,Wednesday,,,M,,False,False,False,,C,OTHER MOTOR VEHICLE,,1,0,A,DAYLIGHT,,,,,,,A,NO PEDESTRIANS INVOLVED,,A,22450A,,1,18TH ST,1,,,A,,,LINDEN ST,,,A,7/30/2024 9:13:35 AM,1/29/2025 3:18:13 PM,,,2,,,,,,,
2880600,20-008388,2,False,0109,2/12/2020 9:25:00 AM,925,31Y,14,109,Oakland,1,True,True,C,REAR END,,Wednesday,,,,,False,False,False,,C,OTHER MOTOR VEHICLE,,1,0,A,DAYLIGHT,,,,,,,A,NO PEDESTRIANS INVOLVED,,A,22350,,1,98TH AV,2,,,A,S,20.0,MADDUX ST,F,,A,7/30/2024 9:13:34 AM,1/29/2025 3:18:12 PM,,,2,,,,,,,
2880599,20-006118,2,False,0109,1/31/2020 7:13:00 PM,1913,19X,14,109,Oakland,1,True,True,D,BROADSIDE,,Friday,,,,,False,False,False,,C,OTHER MOTOR VEHICLE,,1,0,C,DARK-STREET LIGHTS,,,,,,,A,NO PEDESTRIANS INVOLVED,,A,21453A,,1,22ND AV,1,,,A,,,INTERNATIONAL BL,,,A,7/30/2024 9:13:33 AM,1/29/2025 3:18:12 PM,,,2,,,,,,,
2880595,20-007825,2,False,0109,2/9/2020 1:26:00 PM,1326,35X,14,109,Oakland,1,True,True,A,HEAD-ON,,Sunday,,,M,,False,False,True,,E,PARKED MOTOR VEHICLE,,0,0,A,DAYLIGHT,,,,,,,A,NO PEDESTRIANS INVOLVED,,A,22107,,1,85TH AV,2,,,A,N,300.0,BANCROFT AV,F,,A,7/30/2024 9:13:32 AM,1/29/2025 3:18:12 PM,,,2,,,,,,,
2880590,20-008280,2,False,0109,2/11/2020 4:37:00 PM,1637,14X,14,109,Oakland,1,True,True,D,BROADSIDE,,Tuesday,,,M,,False,False,True,,C,OTHER MOTOR VEHICLE,,0,0,A,DAYLIGHT,,,,,,,A,NO PEDESTRIANS INVOLVED,,A,21453A,,1,MACARTHUR BL,1,,,A,,,GRAND AV,,,A,7/30/2024 9:13:32 AM,1/29/2025 3:18:11 PM,,,2,,,,,,,
2880588,20-008810,2,False,0109,2/14/2020 9:43:00 AM,943,26Y,14,109,Oakland,1,True,True,D,BROADSIDE,,Friday,,,,,False,False,False,,E,PARKED MOTOR VEHICLE,,0,0,A,DAYLIGHT,,,,,,,A,NO PEDESTRIANS INVOLVED,,A,22106,,1,INTERNATIONAL BL,2,,,A,,,77TH AV,,,A,7/30/2024 9:13:31 AM,1/29/2025 3:18:11 PM,,,2,,,,,,,
2880586,20-001252,2,False,0109,1/7/2020 11:43:00 PM,2343,20X,14,109,Oakland,1,True,True,C,REAR END,,Tuesday,,,,,False,False,False,,C,OTHER MOTOR VEHICLE,,0,0,C,DARK-STREET LIGHTS,,,,,,,A,NO PEDESTRIANS INVOLVED,,A,22350,,1,23RD AV,1,,,B,S,10.0,E 10TH ST,F,,A,7/30/2024 9:13:31 AM,1/29/2025 3:18:11 PM,,,2,,,,,,,
2880585,20-004782,2,False,0109,1/25/2020 10:38:00 PM,2238,32X,14,109,Oakland,1,True,True,A,HEAD-ON,,Saturday,,,,,False,False,True,,I,FIXED OBJECT,,0,0,C,DARK-STREET LIGHTS,,,,,,,A,NO PEDESTRIANS INVOLVED,,A,22350,,1,98TH AV,2,,,B,S,100.0,INTERNATIONAL BL,F,,D,7/30/2024 9:13:31 AM,1/29/2025 3:18:11 PM,,,2,,,,,,,
2880584,20-008638,2,False,0109,2/13/2020 12:40:00 PM,1240,26X,14,109,Oakland,1,True,True,B,SIDE SWIPE,,Thursday,,,,,False,False,False,,C,OTHER MOTOR VEHICLE,,0,0,A,DAYLIGHT,,,,,,,A,NO PEDESTRIANS INVOLVED,,A,22107,,1,52ND AV,2,,,A,N,30.0,SAN LEANDRO ST,F,,D,7/30/2024 9:13:31 AM,1/29/2025 3:18:11 PM,,,2,,,,,,,
2880581,20-009339,2,False,0109,2/17/2020 4:14:00 PM,1614,07X,14,109,Oakland,1,True,True,D,BROADSIDE,,Monday,,,,,False,False,False,,C,OTHER MOTOR VEHICLE,,1,0,A,DAYLIGHT,,,,,,,A,NO PEDESTRIANS INVOLVED,,A,22107,,1,ADELINE ST,1,,,A,N,20.0,24TH ST,F,,D,7/30/2024 9:13:30 AM,1/29/2025 3:18:11 PM,,,2,,,,,,,
2880256,20-003260,2,False,0109,1/18/2020 8:03:00 AM,803,27X,14,109,Oakland,1,True,True,B,SIDE SWIPE,,Saturday,,,,,False,False,False,,E,PARKED MOTOR VEHICLE,,0,0,A,DAYLIGHT,,,,,,,A,NO PEDESTRIANS INVOLVED,,A,22107,,1,55TH AV,2,,,A,S,10.0,HOLWAY ST,F,,D,7/30/2024 9:12:30 AM,1/29/2025 3:17:39 PM,,,2,,,,,,,
2880240,20-003236,2,False,0109,1/17/2020 7:51:00 PM,1951,21X,14,109,Oakland,1,True,True,A,HEAD-ON,,Friday,,,M,,False,False,False,,E,PARKED MOTOR VEHICLE,,0,0,B,DUSK-DAWN,,,,,,,A,NO PEDESTRIANS INVOLVED,,A,22107,,1,PEROLY CT,1,,,A,N,75.0,E 25TH ST,F,,D,7/30/2024 9:12:28 AM,1/29/2025 3:17:38 PM,,,2,,,,,,,
2880236,20-003279,2,False,0109,1/18/2020 8:11:00 AM,811,27X,14,109,Oakland,1,True,True,C,REAR END,,Saturday,,,M,,False,False,False,,E,PARKED MOTOR VEHICLE,,0,0,A,DAYLIGHT,,,,,,,A,NO PEDESTRIANS INVOLVED,,A,22107,,1,INTERNATIONAL BL,2,,,A,W,20.0,55TH AV,F,,D,7/30/2024 9:12:27 AM,1/29/2025 3:17:37 PM,,,2,,,,,,,
2880232,20-003103,2,False,0109,1/17/2020 10:47:00 AM,1047,32X,14,109,Oakland,1,True,True,D,BROADSIDE,,Friday,,,,,False,False,False,,C,OTHER MOTOR VEHICLE,,0,0,A,DAYLIGHT,,,,,,,A,NO PEDESTRIANS INVOLVED,,A,21802A,,1,105TH AV,2,,,A,S,150.0,GRAFFIAN ST,F,,D,7/30/2024 9:12:26 AM,1/29/2025 3:17:37 PM,,,2,,,,,,,
2879603,20-001620,2,False,0109,1/9/2020 2:50:00 PM,1450,08X,14,109,Oakland,1,True,True,D,BROADSIDE,,Thursday,,,,,False,False,False,,C,OTHER MOTOR VEHICLE,,0,0,A,DAYLIGHT,,,,,,,A,NO PEDESTRIANS INVOLVED,,A,22107,,1,23RD ST,1,,,A,W,50.0,HARRISON ST,F,,D,7/30/2024 9:10:38 AM,1/29/2025 3:16:35 PM,,,2,,,,,,,
2879596,,2,False,0109,4/28/2020 11:08:00 PM,2308,18X,14,109,Oakland,1,True,True,A,HEAD-ON,,Tuesday,,,,,False,False,False,,C,OTHER MOTOR VEHICLE,,0,0,C,DARK-STREET LIGHTS,,,,,,,A,NO PEDESTRIANS INVOLVED,,A,22450A,,1,23RD AV,1,,,A,,,E 20TH ST,,,A,7/30/2024 9:10:37 AM,1/29/2025 3:16:34 PM,,,2,,,,,,,
2879585,20-023375,2,False,0109,5/10/2020 9:47:00 AM,947,21X,14,109,Oakland,1,True,True,B,SIDE SWIPE,,Sunday,,,,,False,False,False,,C,OTHER MOTOR VEHICLE,,0,0,A,DAYLIGHT,,,,,,,,,,A,22107,,1,FRUITVALE AV,1,,,A,,,ASHBROOK CT,,,A,7/30/2024 9:10:35 AM,1/29/2025 3:16:33 PM,,,2,,,,,,,
2879580,20-020806,2,False,0109,4/24/2020 4:40:00 PM,1640,28X,14,109,Oakland,1,True,True,C,REAR END,,Friday,,,,,False,False,False,,C,OTHER MOTOR VEHICLE,,0,0,A,DAYLIGHT,,,,,,,A,NO PEDESTRIANS INVOLVED,,A,,,1,HIGH ST,2,,,A,N,44.0,PORTER,F,,D,7/30/2024 9:10:34 AM,1/29/2025 3:16:33 PM,,,2,,,,,,,
2879577,20-020681,2,False,0109,4/23/2020 9:53:00 PM,2153,22X,14,109,Oakland,1,True,True,E,HIT OBJECT,,Thursday,,,,,False,True,False,,C,OTHER MOTOR VEHICLE,,0,0,C,DARK-STREET LIGHTS,,,,,,,A,NO PEDESTRIANS INVOLVED,,A,23152A,,1,RT 580,1,,,A,W,499.0,BEAUMONT AV,F,,D,7/30/2024 9:10:34 AM,1/29/2025 3:16:33 PM,,,2,,,,,,,
2879575,20-020960,2,False,0109,4/25/2020 3:35:00 PM,1535,14X,14,109,Oakland,1,True,True,E,HIT OBJECT,,Saturday,,,,,False,False,False,,J,OTHER OBJECT,,0,0,A,DAYLIGHT,,,,,,,A,NO PEDESTRIANS INVOLVED,,C,,,,RT 580,1,,,A,E,300.0,GRAND AV,F,,D,7/30/2024 9:10:33 AM,1/29/2025 3:16:32 PM,,,2,,,,,,,
2879572,20-017179,2,False,0109,4/1/2020 7:35:00 AM,735,07X,14,109,Oakland,1,True,True,B,SIDE SWIPE,,Wednesday,,,,,False,False,False,,C,OTHER MOTOR VEHICLE,,0,0,A,DAYLIGHT,,,,,,,A,NO PEDESTRIANS INVOLVED,,A,22450A,,1,WAKE AV,1,,,A,,,ENGINEER RD,,,A,7/30/2024 9:10:33 AM,1/29/2025 3:16:32 PM,,,2,,,,,,,
2879562,20-020829,2,False,0109,4/24/2020 7:45:00 PM,1945,22X,14,109,Oakland,1,True,True,H,OTHER,,Friday,,,,,False,False,False,,C,OTHER MOTOR VEHICLE,,0,0,B,DUSK-DAWN,,,,,,,A,NO PEDESTRIANS INVOLVED,,A,22106,,1,MIDVALE AV,1,,,A,S,65.0,MCARTHUR BL,F,,D,7/30/2024 9:10:31 AM,1/29/2025 3:16:31 PM,,,2,,,,,,,
2879426,20-007697,2,False,0109,2/8/2020 9:24:00 PM,2124,26Y,14,109,Oakland,1,True,True,D,BROADSIDE,,Saturday,,,,,False,False,True,,C,OTHER MOTOR VEHICLE,,1,1,C,DARK-STREET LIGHTS,,,,,,,A,NO PEDESTRIANS INVOLVED,,A,21453A,,1,HEGENBERGER RD,2,,,A,,,HAMILTON ST,,,A,7/30/2024 9:10:05 AM,1/29/2025 3:16:18 PM,,,2,,,,,,,
2879093,20-003150,2,False,0109,1/17/2020 3:23:00 PM,1523,32X,14,109,Oakland,1,True,True,G,VEHICLE/PEDESTRAIN,,Friday,,,,,False,False,False,,B,PEDESTRIAN,,0,1,A,DAYLIGHT,,,,,,,B,CROSSING IN CROSS WALK AT INTERSECTION,,A,21951,,1,98TH AVE,2,,,A,,,CHERRY ST,,,A,7/30/2024 9:08:55 AM,1/29/2025 3:15:45 PM,,,2,,,,,,,
2879036,20-025743,2,False,0109,5/24/2020 8:14:00 PM,2014,29X,14,109,Oakland,1,True,True,D,BROADSIDE,,Sunday,,,,,False,False,True,,C,OTHER MOTOR VEHICLE,,0,1,A,DAYLIGHT,,,,,,,A,NO PEDESTRIANS INVOLVED,,A,21453A,,1,FOOTHILL BL,2,,,A,,,HAVENSCOURT BL,,,A,7/30/2024 9:08:43 AM,1/29/2025 3:15:40 PM,,,2,,,,,,,
2878962,20-011148,2,False,0109,2/26/2020 6:48:00 PM,1848,12Y,14,109,Oakland,1,True,True,D,BROADSIDE,,Wednesday,,,,,False,False,True,,C,OTHER MOTOR VEHICLE,,0,1,C,DARK-STREET LIGHTS,,,,,,,A,NO PEDESTRIANS INVOLVED,,A,21801A,,1,CLAREMONT AV,1,,,A,,,CLIFTON ST,,,A,7/30/2024 9:08:17 AM,1/29/2025 3:15:33 PM,,,2,,,,,,,
1771603,9370-2020-03290,1,False,9370,12/21/2020 12:32:00 AM,32,053,14,109,Oakland,1,True,True,A,HEAD-ON,,Monday,Yes,True,F,,False,True,True,Oakland Superior,C,OTHER MOTOR VEHICLE,,2,1,C,DARK-STREET LIGHTS,37.79375,-122.20535,,,,,A,NO PEDESTRIANS INVOLVED,12/21/2020 12:00:00 AM,A,23152(f),True,1,I-580 E/B,,,5/13/2022 10:47:57 AM,A,W,621.0,35th Ave,F,,D,5/13/2022 10:49:46 AM,5/13/2022 10:49:46 AM,,True,2,,,,,,,
1530854,9370-2020-01174,1,False,9370,5/7/2020 11:28:00 AM,1128,053,14,109,Oakland,1,True,True,E,HIT OBJECT,,Thursday,Yes,True,,,False,True,True,Oakland Superior,I,FIXED OBJECT,Bridge Barrier,2,2,A,DAYLIGHT,37.802381,-122.230958,,,,,A,NO PEDESTRIANS INVOLVED,5/7/2020 12:00:00 AM,A,22107,False,1,I-580 W/B,,,7/28/2021 12:58:52 PM,A,E,115.0,13th Ave,F,,D,7/28/2021 12:59:57 PM,7/28/2021 12:59:57 PM,,True,2,,,,,,,