collision-id,report-number,report-version,is-preliminary,ncic-code,crash-date-time,crash-time-description,beat,city-id,city-code,city-name,county-code,city-is-active,city-is-incorporated,collision-type-code,collision-type-description,collision-type-other-desc,day-of-week,dispatch-notified,has-photographs,hit-run,is-attachments-mailed,is-deleted,is-highway-related,is-tow-away,judicial-district,motor-vehicle-involved-with-code,motor-vehicle-involved-with-desc,motor-vehicle-involved-with-other-desc,number-injured,number-killed,lighting-code,lighting-description,latitude,longitude,milepost-direction,milepost-distance,milepost-marker,milepost-unit-of-measure,pedestrian-action-code,pedestrian-action-desc,prepared-date,primary-collision-factor-code,primary-collision-factor-description,primary-collision-factor-is-cited,primary-collision-party-number,primary-road,reporting-district,reporting-district-code,reviewed-date,roadway-surface-code,secondary-direction,secondary-distance,secondary-road,secondary-unit-of-measure,sketch-desc,traffic-control-device-code,created-date,modified-date,is-county-road,is-freeway,chp-555-version,is-additonal-object-struck,notification-date,notification-time-description,has-digital-media-files,evidence-number,is-location-refer-to-narrative,is-aoi-one-same-as-location
2891855,20-002821,2,False,0109,1/15/2020 8:09:00 PM,2009,03X,14,109,Oakland,1,True,True,D,BROADSIDE,,Wednesday,,,,,False,False,False,,C,OTHER MOTOR VEHICLE,,1,0,C,DARK-STREET LIGHTS,,,,,,,A,NO PEDESTRIANS INVOLVED,,A,21453A,,1,7TH ST,1,,,A,,,JACKSON ST,,,A,7/30/2024 9:49:04 AM,1/29/2025 3:36:13 PM,,,2,,,,,,,
2891852,20-002968,2,False,0109,1/16/2020 4:46:00 PM,1646,31Y,14,109,Oakland,1,True,True,C,REAR END,,Thursday,,,,,False,True,True,,C,OTHER MOTOR VEHICLE,,1,0,A,DAYLIGHT,,,,,,,A,NO PEDESTRIANS INVOLVED,,A,22350,,1,98TH AV,2,,,B,N,10.0,RT 880,F,,A,7/30/2024 9:49:04 AM,1/29/2025 3:36:13 PM,,,2,,,,,,,
2891848,20-002903,2,False,0109,1/16/2020 10:25:00 AM,1025,22Y,14,109,Oakland,1,True,True,E,HIT OBJECT,,Thursday,,,,,False,False,False,,I,FIXED OBJECT,,1,0,A,DAYLIGHT,,,,,,,A,NO PEDESTRIANS INVOLVED,,A,22107,,1,SKYLINE BL,1,,,B,E,1.0,CASTLE DR,M,,D,7/30/2024 9:49:03 AM,1/29/2025 3:36:13 PM,,,2,,,,,,,
2891846,20-004749,2,False,0109,1/25/2020 7:07:00 PM,1907,05X,14,109,Oakland,1,True,True,D,BROADSIDE,,Saturday,,,M,,False,False,True,,C,OTHER MOTOR VEHICLE,,2,0,C,DARK-STREET LIGHTS,,,,,,,A,NO PEDESTRIANS INVOLVED,,A,22450A,,1,21ST ST,1,,,A,,,MYRTLE ST,,,A,7/30/2024 9:49:02 AM,1/29/2025 3:36:12 PM,,,2,,,,,,,
2891843,20-004771,2,False,0109,1/26/2020 9:49:00 PM,2149,20X,14,109,Oakland,1,True,True,A,HEAD-ON,,Sunday,,,,,False,False,False,,G,BICYCLE,,1,0,C,DARK-STREET LIGHTS,,,,,,,E,IN ROAD - INCLUDES SHOULDER,,A,21453A,,1,FRUITVALE AV,1,,,B,,,FOOTHILL BL,,,A,7/30/2024 9:49:02 AM,1/29/2025 3:36:12 PM,,,2,,,,,,,
2891065,20-002192,2,False,0109,1/12/2020 10:14:00 PM,2214,19X,14,109,Oakland,1,True,True,D,BROADSIDE,,Sunday,,,,,False,False,False,,C,OTHER MOTOR VEHICLE,,0,0,C,DARK-STREET LIGHTS,,,,,,,A,NO PEDESTRIANS INVOLVED,,A,21802A,,1,22ND AV,1,,,B,,,E 15TH ST,,,D,7/30/2024 9:46:32 AM,1/29/2025 3:34:58 PM,,,2,,,,,,,
2891063,20-001670,2,False,0109,1/9/2020 9:15:00 PM,2115,30Y,14,109,Oakland,1,True,True,B,SIDE SWIPE,,Thursday,,,,,False,False,True,,C,OTHER MOTOR VEHICLE,,0,0,C,DARK-STREET LIGHTS,,,,,,,A,NO PEDESTRIANS INVOLVED,,A,22107,,1,MACARTHUR BL,2,,,A,,,PARKER AV,,,D,7/30/2024 9:46:32 AM,1/29/2025 3:34:58 PM,,,2,,,,,,,
2891061,20-002612,2,False,0109,1/14/2020 6:40:00 PM,1840,25X,14,109,Oakland,1,True,True,B,SIDE SWIPE,,Tuesday,,,,,False,False,False,,C,OTHER MOTOR VEHICLE,,0,0,C,DARK-STREET LIGHTS,,,,,,,A,NO PEDESTRIANS INVOLVED,,A,22107,,1,35TH AV,1,,,A,N,100.0,MACARTHUR BL,F,,D,7/30/2024 9:46:31 AM,1/29/2025 3:34:58 PM,,,2,,,,,,,
2891060,20-002818,2,False,0109,1/15/2020 8:09:00 PM,2009,20X,14,109,Oakland,1,True,True,B,SIDE SWIPE,,Wednesday,,,,,False,False,False,,C,OTHER MOTOR VEHICLE,,0,0,C,DARK-STREET LIGHTS,,,,,,,A,NO PEDESTRIANS INVOLVED,,A,22107,,1,INTERNATIONAL BL,2,,,A,W,50.0,27TH AV,F,,A,7/30/2024 9:46:31 AM,1/29/2025 3:34:57 PM,,,2,,,,,,,
2891057,20-002621,2,False,0109,1/14/2020 9:43:00 PM,2143,30X,14,109,Oakland,1,True,True,A,HEAD-ON,,Tuesday,,,,,False,False,False,,E,PARKED MOTOR VEHICLE,,0,0,B,DUSK-DAWN,,,,,,,A,NO PEDESTRIANS INVOLVED,,A,22107,,1,KELLER AV,2,,,A,N,20.0,EARL ST,F,,D,7/30/2024 9:46:31 AM,1/29/2025 3:34:57 PM,,,2,,,,,,,
2891043,20-005729,2,False,0109,1/30/2020 10:56:00 AM,1056,35X,14,109,Oakland,1,True,True,F,OVERTURNED,,Thursday,,,M,,False,False,False,,I,FIXED OBJECT,,0,0,A,DAYLIGHT,,,,,,,A,NO PEDESTRIANS INVOLVED,,A,22107,,1,MACARTHUR BL,2,,,A,W,400.0,88TH AV,F,,A,7/30/2024 9:46:28 AM,1/29/2025 3:34:56 PM,,,2,,,,,,,
2891042,20-004147,2,False,0109,1/22/2020 6:04:00 PM,1804,26X,14,109,Oakland,1,True,True,A,HEAD-ON,,Wednesday,,,M,,False,False,False,,I,FIXED OBJECT,,0,0,C,DARK-STREET LIGHTS,,,,,,,A,NO PEDESTRIANS INVOLVED,,A,22107,,1,JULIE ANN WY,2,,,A,N,250.0,COLISEUM WY,F,,D,7/30/2024 9:46:28 AM,1/29/2025 3:34:56 PM,,,2,,,,,,,
2891040,20-004859,2,False,0109,1/26/2020 12:10:00 PM,1210,33X,14,109,Oakland,1,True,True,C,REAR END,,Sunday,,,M,,False,False,True,,C,OTHER MOTOR VEHICLE,,0,0,A,DAYLIGHT,,,,,,,A,NO PEDESTRIANS INVOLVED,,A,22107,,1,83RD AV,2,,,A,,,B ST,,,D,7/30/2024 9:46:28 AM,1/29/2025 3:34:56 PM,,,2,,,,,,,
2891038,20-004691,2,False,0109,1/25/2020 10:46:00 AM,1046,29X,14,109,Oakland,1,True,True,B,SIDE SWIPE,,Saturday,,,M,,False,False,False,,E,PARKED MOTOR VEHICLE,,0,0,A,DAYLIGHT,,,,,,,A,NO PEDESTRIANS INVOLVED,,A,22350,,1,61ST AV,2,,,A,S,50.0,BRANN ST,F,,A,7/30/2024 9:46:27 AM,1/29/2025 3:34:55 PM,,,2,,,,,,,
2891036,20-003024,2,False,0109,1/17/2020 10:03:00 PM,2203,27X,14,109,Oakland,1,True,True,C,REAR END,,Friday,,,M,,False,False,True,,E,PARKED MOTOR VEHICLE,,0,0,C,DARK-STREET LIGHTS,,,,,,,A,NO PEDESTRIANS INVOLVED,,A,22350,,1,FOOTHILL BL,2,,,B,E,2.0,BELVEDERE ST,F,,D,7/30/2024 9:46:27 AM,1/29/2025 3:34:55 PM,,,2,,,,,,,
2891034,20-002636,2,False,0109,1/14/2020 11:32:00 PM,2332,34X,14,109,Oakland,1,True,True,D,BROADSIDE,,Tuesday,,,M,,False,False,True,,C,OTHER MOTOR VEHICLE,,0,0,C,DARK-STREET LIGHTS,,,,,,,A,NO PEDESTRIANS INVOLVED,,A,22450A,,1,96TH AV,2,,,A,,,HOLLY ST,,,A,7/30/2024 9:46:27 AM,1/29/2025 3:34:55 PM,,,2,,,,,,,
2891032,20-002473,2,False,0109,1/14/2020 3:30:00 AM,330,,14,109,Oakland,1,True,True,B,SIDE SWIPE,,Tuesday,,,M,,False,False,False,,E,PARKED MOTOR VEHICLE,,0,0,C,DARK-STREET LIGHTS,,,,,,,A,NO PEDESTRIANS INVOLVED,,A,22107,,1,98TH AV,2,,,B,N,80.0,SPRINGFIELD ST,F,,A,7/30/2024 9:46:26 AM,1/29/2025 3:34:55 PM,,,2,,,,,,,
2891030,20-002262,2,False,0109,1/13/2020 9:00:00 AM,900,27X,14,109,Oakland,1,True,True,D,BROADSIDE,,Monday,,,M,,False,False,False,,C,OTHER MOTOR VEHICLE,,0,0,A,DAYLIGHT,,,,,,,A,NO PEDESTRIANS INVOLVED,,A,22450A,,1,BANCROFT AV,2,,,B,,,48TH AV,,,A,7/30/2024 9:46:26 AM,1/29/2025 3:34:55 PM,,,2,,,,,,,
2890844,20-006411,2,False,0109,2/2/2020 2:30:00 AM,230,33X,14,109,Oakland,1,True,True,B,SIDE SWIPE,,Sunday,,,M,,False,False,False,,C,OTHER MOTOR VEHICLE,,0,0,C,DARK-STREET LIGHTS,,,,,,,A,NO PEDESTRIANS INVOLVED,,A,22107,,1,95TH AV,2,,,A,N,90.0,A ST,F,,D,7/30/2024 9:45:43 AM,1/29/2025 3:34:38 PM,,,2,,,,,,,
2890840,20-006764,2,False,0109,2/4/2020 9:40:00 AM,940,02X,14,109,Oakland,1,True,True,B,SIDE SWIPE,,Tuesday,,,M,,False,False,False,,E,PARKED MOTOR VEHICLE,,0,0,A,DAYLIGHT,,,,,,,A,NO PEDESTRIANS INVOLVED,,A,22107,,1,9TH ST,1,,,A,W,50.0,CHESTER ST,F,,D,7/30/2024 9:45:42 AM,1/29/2025 3:34:37 PM,,,2,,,,,,,
2890836,20-007281,2,False,0109,2/6/2020 8:38:00 PM,2038,21X,14,109,Oakland,1,True,True,B,SIDE SWIPE,,Thursday,,,M,,False,False,False,,C,OTHER MOTOR VEHICLE,,0,0,C,DARK-STREET LIGHTS,,,,,,,A,NO PEDESTRIANS INVOLVED,,A,22107,,1,HAROLD ST,1,,,A,,,CHAMPION ST,,,D,7/30/2024 9:45:41 AM,1/29/2025 3:34:37 PM,,,2,,,,,,,
2890793,20-001715,2,False,0109,1/10/2020 3:21:00 AM,321,30X,14,109,Oakland,1,True,True,C,REAR END,,Friday,,,,,False,False,True,,C,OTHER MOTOR VEHICLE,,3,0,C,DARK-STREET LIGHTS,,,,,,,A,NO PEDESTRIANS INVOLVED,,A,22107,,,HAVENSCOURT BL,2,,,A,,,FLORA,,,A,7/30/2024 9:45:33 AM,1/29/2025 3:34:33 PM,,,2,,,,,,,
2890792,20-007305,2,False,0109,2/7/2020 4:32:00 AM,432,33X,14,109,Oakland,1,True,True,B,SIDE SWIPE,,Friday,,,M,,False,False,True,,E,PARKED MOTOR VEHICLE,,0,0,C,DARK-STREET LIGHTS,,,,,,,A,NO PEDESTRIANS INVOLVED,,A,22107,,1,D ST,2,,,A,E,450.0,92ND AV,F,,D,7/30/2024 9:45:33 AM,1/29/2025 3:34:33 PM,,,2,,,,,,,
2890789,20-0027818,2,False,0109,1/15/2020 11:31:00 AM,1131,31X,14,109,Oakland,1,True,True,C,REAR END,,Wednesday,,,,,False,False,False,,C,OTHER MOTOR VEHICLE,,1,0,A,DAYLIGHT,,,,,,,A,NO PEDESTRIANS INVOLVED,,A,22350,,1,HEGENBERGER RD,2,,,A,,,EDGEWATER DR,,,A,7/30/2024 9:45:32 AM,1/29/2025 3:34:32 PM,,,2,,,,,,,
2890786,20-007050,2,False,0109,2/5/2020 3:29:00 PM,1529,25X,14,109,Oakland,1,True,True,A,HEAD-ON,,Wednesday,,,F,,False,False,False,,C,OTHER MOTOR VEHICLE,,1,0,A,DAYLIGHT,,,,,,,A,NO PEDESTRIANS INVOLVED,,A,21657,,1,DAVENPORT AV,2,,,A,S,30.0,MOUNTAIN BL,F,,D,7/30/2024 9:45:32 AM,1/29/2025 3:34:32 PM,,,2,,,,,,,
2890784,20-001837,2,False,0109,1/10/2020 6:35:00 PM,1835,20X,14,109,Oakland,1,True,True,D,BROADSIDE,,Friday,,,,,False,False,False,,C,OTHER MOTOR VEHICLE,,1,0,C,DARK-STREET LIGHTS,,,,,,,A,NO PEDESTRIANS INVOLVED,,A,21801A,,1,INTERNATIONAL BL,1,,,A,,,25TH AV,,,A,7/30/2024 9:45:31 AM,1/29/2025 3:34:32 PM,,,2,,,,,,,
2890782,20-006625,2,False,0109,2/3/2020 3:30:00 PM,1530,07X,14,109,Oakland,1,True,True,C,REAR END,,Monday,,,,,False,False,False,,C,OTHER MOTOR VEHICLE,,1,0,A,DAYLIGHT,,,,,,,A,NO PEDESTRIANS INVOLVED,,A,22350,,1,SAN PABLO AV,1,,,A,S,30.0,35TH ST,F,,A,7/30/2024 9:45:31 AM,1/29/2025 3:34:32 PM,,,2,,,,,,,
2890780,20-002965,2,False,0109,1/16/2020 3:44:00 PM,1544,06X,14,109,Oakland,1,True,True,G,VEHICLE/PEDESTRAIN,,Thursday,,,,,False,False,False,,B,PEDESTRIAN,,1,0,A,DAYLIGHT,,,,,,,B,CROSSING IN CROSS WALK AT INTERSECTION,,A,21950A,,1,MARTIN LUTHER KING JR WY,1,,,B,,,30TH ST,,,D,7/30/2024 9:45:30 AM,1/29/2025 3:34:31 PM,,,2,,,,,,,
2890778,20-007025,2,False,0109,2/5/2020 1:00:00 PM,1300,30X,14,109,Oakland,1,True,True,D,BROADSIDE,,Wednesday,,,M,,False,False,False,,C,OTHER MOTOR VEHICLE,,1,0,A,DAYLIGHT,,,,,,,A,NO PEDESTRIANS INVOLVED,,A,22450A,,1,82ND AV,2,,,A,,,DOWLING ST,,,B,7/30/2024 9:45:30 AM,1/29/2025 3:34:31 PM,,,2,,,,,,,
2890777,20-004013,2,False,0109,1/22/2020 5:39:00 AM,539,31X,14,109,Oakland,1,True,True,A,HEAD-ON,,Wednesday,,,,,False,False,True,,C,OTHER MOTOR VEHICLE,,2,0,C,DARK-STREET LIGHTS,,,,,,,A,NO PEDESTRIANS INVOLVED,,A,22107,,1,98TH AV,2,,,B,S,429.0,DOOLITTLE DR,F,,D,7/30/2024 9:45:30 AM,1/29/2025 3:34:31 PM,,,2,,,,,,,
2890774,20-004705,2,False,0109,1/25/2020 3:14:00 PM,1514,27X,14,109,Oakland,1,True,True,C,REAR END,,Saturday,,,,,False,False,False,,C,OTHER MOTOR VEHICLE,,0,0,A,DAYLIGHT,,,,,,,A,NO PEDESTRIANS INVOLVED,,A,22350,,1,BANCROFT AV,2,,,A,E,30.0,FAIRFAX AV,F,,A,7/30/2024 9:45:29 AM,1/29/2025 3:34:31 PM,,,2,,,,,,,
2890773,20-004545,2,False,0109,1/24/2020 7:23:00 PM,1923,21X,14,109,Oakland,1,True,True,D,BROADSIDE,,Friday,,,M,,False,False,False,,C,OTHER MOTOR VEHICLE,,1,0,C,DARK-STREET LIGHTS,,,,,,,A,NO PEDESTRIANS INVOLVED,,A,22450A,,1,SCHOOL ST,1,,,A,,,PLEITNER AV,,,D,7/30/2024 9:45:29 AM,1/29/2025 3:34:31 PM,,,2,,,,,,,
2890770,20-003607,2,False,0109,1/20/2020 8:50:00 AM,850,19X,14,109,Oakland,1,True,True,A,HEAD-ON,,Monday,,,,,False,False,False,,C,OTHER MOTOR VEHICLE,,0,0,A,DAYLIGHT,,,,,,,A,NO PEDESTRIANS INVOLVED,,A,21802A,,1,E 8TH ST,1,,,A,,,9TH AV,,,A,7/30/2024 9:45:29 AM,1/29/2025 3:34:31 PM,,,2,,,,,,,
2890769,20-004854,2,False,0109,1/26/2020 11:44:00 AM,1144,03X,14,109,Oakland,1,True,True,C,REAR END,,Sunday,,,M,,False,False,False,,E,PARKED MOTOR VEHICLE,,1,0,A,DAYLIGHT,,,,,,,A,NO PEDESTRIANS INVOLVED,,A,22107,,1,14TH ST,1,,,A,E,5.0,FRANKLIN ST,F,,A,7/30/2024 9:45:28 AM,1/29/2025 3:34:30 PM,,,2,,,,,,,
2890768,20-007154,2,False,0109,2/6/2020 8:00:00 AM,800,06X,14,109,Oakland,1,True,True,H,OTHER,,Thursday,,,M,,False,False,False,,E,PARKED MOTOR VEHICLE,,0,0,A,DAYLIGHT,,,,,,,A,NO PEDESTRIANS INVOLVED,,A,22517,,1,BROCKHURST ST,1,,,A,W,100.0,SAN PABLO AV,F,,D,7/30/2024 9:45:28 AM,1/29/2025 3:34:30 PM,,,2,,,,,,,
2890766,20-007388,2,False,0109,2/6/2020 11:16:00 PM,2316,30X,14,109,Oakland,1,True,True,C,REAR END,,Thursday,,,M,,False,False,True,,E,PARKED MOTOR VEHICLE,,0,0,A,DAYLIGHT,,,,,,,A,NO PEDESTRIANS INVOLVED,,A,22107,,1,HAVENSCOURT BL,2,,,A,N,300.0,AVENAL AV,F,,D,7/30/2024 9:45:28 AM,1/29/2025 3:34:30 PM,,,2,,,,,,,
2890765,20-002223,2,False,0109,1/13/2020 7:01:00 AM,701,34X,14,109,Oakland,1,True,True,G,VEHICLE/PEDESTRAIN,,Monday,,,M,,False,False,False,,B,PEDESTRIAN,,1,0,A,DAYLIGHT,,,,,,,B,CROSSING IN CROSS WALK AT INTERSECTION,,A,21950A,,1,82ND AV,2,,,B,,,BANCROFT AV,,,A,7/30/2024 9:45:28 AM,1/29/2025 3:34:30 PM,,,2,,,,,,,
2890764,20-005097,2,False,0109,1/27/2020 1:15:00 PM,1315,25X,14,109,Oakland,1,True,True,C,REAR END,,Monday,,,M,,False,False,True,,C,OTHER MOTOR VEHICLE,,0,0,A,DAYLIGHT,,,,,,,A,NO PEDESTRIANS INVOLVED,,A,22350,,1,EDWARDS AV,2,,,A,N,25.0,LEONA DR,F,,A,7/30/2024 9:45:27 AM,1/29/2025 3:34:30 PM,,,2,,,,,,,
2890763,20-007080,2,False,0109,2/5/2020 7:17:00 PM,1917,04X,14,109,Oakland,1,True,True,A,HEAD-ON,,Wednesday,,,,,False,False,False,,C,OTHER MOTOR VEHICLE,,1,0,C,DARK-STREET LIGHTS,,,,,,,A,NO PEDESTRIANS INVOLVED,,A,21460A,,1,BROADWAY,1,,,A,S,100.0,19TH ST,F,,A,7/30/2024 9:45:27 AM,1/29/2025 3:34:30 PM,,,2,,,,,,,
2890762,20-005420,2,False,0109,1/29/2020 3:06:00 AM,306,35X,14,109,Oakland,1,True,True,B,SIDE SWIPE,,Wednesday,,,M,,False,False,False,,C,OTHER MOTOR VEHICLE,,2,0,C,DARK-STREET LIGHTS,,,,,,,A,NO PEDESTRIANS INVOLVED,,A,22107,,1,98TH,2,,,A,N,250.0,BANCROFT,F,,A,7/30/2024 9:45:27 AM,1/29/2025 3:34:30 PM,,,2,,,,,,,
2890761,20-006630,2,False,0109,2/2/2020 2:45:00 AM,245,31X,14,109,Oakland,1,True,True,A,HEAD-ON,,Sunday,,,M,,False,False,True,,E,PARKED MOTOR VEHICLE,,0,0,C,DARK-STREET LIGHTS,,,,,,,A,NO PEDESTRIANS INVOLVED,,A,22107,,1,ISLETON AV,2,,,A,N,300.0,BERNHARDT DR,F,,D,7/30/2024 9:45:27 AM,1/29/2025 3:34:30 PM,,,2,,,,,,,
2890760,20-005310,2,False,0109,1/28/2020 2:12:00 PM,1412,10X,14,109,Oakland,1,True,True,D,BROADSIDE,,Tuesday,,,,,False,False,False,,C,OTHER MOTOR VEHICLE,,0,0,A,DAYLIGHT,,,,,,,A,NO PEDESTRIANS INVOLVED,,A,21802A,,1,ADELINE ST,1,,,B,,,54TH ST,,,A,7/30/2024 9:45:27 AM,1/29/2025 3:34:30 PM,,,2,,,,,,,
2890759,20-006346,2,False,0109,2/2/2020 2:15:00 AM,215,03Y,14,109,Oakland,1,True,True,D,BROADSIDE,,Sunday,,,M,,False,False,False,,C,OTHER MOTOR VEHICLE,,1,0,C,DARK-STREET LIGHTS,,,,,,,A,NO PEDESTRIANS INVOLVED,,A,21453A,,1,14TH ST,1,,,A,,,JEFFERSON ST,,,A,7/30/2024 9:45:27 AM,1/29/2025 3:34:30 PM,,,2,,,,,,,
2890758,20-006615,2,False,0109,2/3/2020 3:06:00 PM,1506,26X,14,109,Oakland,1,True,True,B,SIDE SWIPE,,Monday,,,M,,False,False,True,,C,OTHER MOTOR VEHICLE,,0,0,A,DAYLIGHT,,,,,,,A,NO PEDESTRIANS INVOLVED,,A,22107,,1,SAN LEANDRO BL,2,,,A,E,200.0,HIGH ST,F,,D,7/30/2024 9:45:26 AM,1/29/2025 3:34:29 PM,,,2,,,,,,,
2890757,20-006116,2,False,0109,1/31/2020 7:05:00 PM,1905,30X,14,109,Oakland,1,True,True,D,BROADSIDE,,Friday,,,M,,False,False,False,,C,OTHER MOTOR VEHICLE,,1,0,C,DARK-STREET LIGHTS,,,,,,,A,NO PEDESTRIANS INVOLVED,,A,22450A,,1,PLYMOUTH ST,2,,,A,,,81ST AV,,,A,7/30/2024 9:45:26 AM,1/29/2025 3:34:29 PM,,,2,,,,,,,
2890756,20-006949,2,False,0109,2/5/2020 7:20:00 AM,720,07X,14,109,Oakland,1,True,True,D,BROADSIDE,,Wednesday,,,,,False,False,True,,C,OTHER MOTOR VEHICLE,,4,0,A,DAYLIGHT,,,,,,,A,NO PEDESTRIANS INVOLVED,,A,21453A,,1,SAN PABLO AV,1,,,A,,,MARKET ST,,,A,7/30/2024 9:45:26 AM,1/29/2025 3:34:29 PM,,,2,,,,,,,
2890755,20-005556,2,False,0109,1/29/2020 5:19:00 PM,1719,02X,14,109,Oakland,1,True,True,D,BROADSIDE,,Wednesday,,,M,,False,False,False,,C,OTHER MOTOR VEHICLE,,0,0,C,DARK-STREET LIGHTS,,,,,,,A,NO PEDESTRIANS INVOLVED,,A,22107,,1,8TH ST,1,,,A,,,KIRKHAM WY,,,D,7/30/2024 9:45:26 AM,1/29/2025 3:34:29 PM,,,2,,,,,,,
2890754,20-006982,2,False,0109,2/5/2020 10:07:00 AM,1007,19X,14,109,Oakland,1,True,True,H,OTHER,,Wednesday,,,M,,False,False,False,,I,FIXED OBJECT,,0,0,A,DAYLIGHT,,,,,,,A,NO PEDESTRIANS INVOLVED,,A,22107,,1,E 12TH ST,1,,,A,,,22ND AV,,,A,7/30/2024 9:45:25 AM,1/29/2025 3:34:29 PM,,,2,,,,,,,
2890753,19-054798,2,False,0109,1/27/2020 8:26:00 AM,826,15X,14,109,Oakland,1,True,True,G,VEHICLE/PEDESTRAIN,,Monday,,,,,False,False,False,,B,PEDESTRIAN,,1,0,A,DAYLIGHT,,,,,,,D,CROSSING - NOT IN CROSSWALK,,A,21954A,,1,MACARTHUR BL,1,,,A,N,30.0,MACARTHUR BL 1023,F,,D,7/30/2024 9:45:25 AM,1/29/2025 3:34:29 PM,,,2,,,,,,,
2890752,20-007412,2,False,0109,2/7/2020 11:14:00 AM,1114,03X,14,109,Oakland,1,True,True,B,SIDE SWIPE,,Friday,,,,,False,False,False,,C,OTHER MOTOR VEHICLE,,1,0,A,DAYLIGHT,,,,,,,A,NO PEDESTRIANS INVOLVED,,A,22107,,1,7TH ST,1,,,A,,,WEBSTER ST,,,A,7/30/2024 9:45:25 AM,1/29/2025 3:34:29 PM,,,2,,,,,,,
2890749,20-006834,2,False,0109,2/4/2020 4:00:00 PM,1600,23X,14,109,Oakland,1,True,True,A,HEAD-ON,,Tuesday,,,M,,False,False,False,,C,OTHER MOTOR VEHICLE,,0,0,A,DAYLIGHT,,,,,,,A,NO PEDESTRIANS INVOLVED,,A,22107,,1,37TH AV,1,,,A,,,INTERNATIONAL BL,,,A,7/30/2024 9:45:25 AM,1/29/2025 3:34:29 PM,,,2,,,,,,,
2890747,20-007488,2,False,0109,2/7/2020 4:02:00 PM,1602,21X,14,109,Oakland,1,True,True,D,BROADSIDE,,Friday,,,,,False,False,False,,B,PEDESTRIAN,,1,0,A,DAYLIGHT,,,,,,,F,NOT IN ROAD,,B,,,1,FOOTHILL BL,1,,,A,E,50.0,25TH AV,F,,D,7/30/2024 9:45:24 AM,1/29/2025 3:34:28 PM,,,2,,,,,,,
2890746,20-006478,2,False,0109,2/2/2020 8:00:00 PM,2000,29X,14,109,Oakland,1,True,True,B,SIDE SWIPE,,Sunday,,,,,False,False,True,,E,PARKED MOTOR VEHICLE,,0,0,C,DARK-STREET LIGHTS,,,,,,,A,NO PEDESTRIANS INVOLVED,,A,22107,,1,FOOTHILL BL,2,,,A,E,100.0,SEMINARY AV,F,,A,7/30/2024 9:45:24 AM,1/29/2025 3:34:28 PM,,,2,,,,,,,
2890743,20-007229,2,False,0109,2/6/2020 2:00:00 PM,1400,03X,14,109,Oakland,1,True,True,B,SIDE SWIPE,,Thursday,,,,,False,False,False,,E,PARKED MOTOR VEHICLE,,1,0,A,DAYLIGHT,,,,,,,A,NO PEDESTRIANS INVOLVED,,A,22107,,1,JEFFERSON ST,1,,,A,S,66.0,6TH ST,F,,A,7/30/2024 9:45:23 AM,1/29/2025 3:34:28 PM,,,2,,,,,,,
2890742,20-007261,2,False,0109,2/6/2020 6:42:00 PM,1842,06X,14,109,Oakland,1,True,True,A,HEAD-ON,,Thursday,,,,,False,False,False,,C,OTHER MOTOR VEHICLE,,0,0,C,DARK-STREET LIGHTS,,,,,,,A,NO PEDESTRIANS INVOLVED,,A,21801A,,1,W MACARTHUR BL,1,,,A,,,WEST ST,,,A,7/30/2024 9:45:23 AM,1/29/2025 3:34:28 PM,,,2,,,,,,,
2890740,20-007365,2,False,0109,2/7/2020 8:20:00 AM,820,34X,14,109,Oakland,1,True,True,D,BROADSIDE,,Friday,,,,,False,False,False,,C,OTHER MOTOR VEHICLE,,4,0,A,DAYLIGHT,,,,,,,A,NO PEDESTRIANS INVOLVED,,A,21802A,,1,96TH AV,2,,,A,,,BANCROFT AV,,,D,7/30/2024 9:45:23 AM,1/29/2025 3:34:28 PM,,,2,,,,,,,
2890737,20-006386,2,False,0109,2/2/2020 10:51:00 AM,1051,21Y,14,109,Oakland,1,True,True,A,HEAD-ON,,Sunday,,,,,False,False,True,,C,OTHER MOTOR VEHICLE,,0,0,A,DAYLIGHT,,,,,,,A,NO PEDESTRIANS INVOLVED,,A,21802A,,1,FRUITVALE AV,1,,,A,,,DAVIS ST,,,A,7/30/2024 9:45:22 AM,1/29/2025 3:34:28 PM,,,2,,,,,,,
2890734,20-007242,2,False,0109,2/6/2020 3:19:00 PM,1519,23X,14,109,Oakland,1,True,True,C,REAR END,,Thursday,,,,,False,False,False,,E,PARKED MOTOR VEHICLE,,0,0,A,DAYLIGHT,,,,,,,A,NO PEDESTRIANS INVOLVED,,A,22107,,1,CAMDEN ST,2,,,A,W,50.0,63RD AV,F,,D,7/30/2024 9:45:22 AM,1/29/2025 3:34:27 PM,,,2,,,,,,,
2890729,20-003693,2,False,0109,1/20/2020 1:00:00 PM,1300,34X,14,109,Oakland,1,True,True,D,BROADSIDE,,Monday,,,M,,False,False,False,,G,BICYCLE,,1,0,A,DAYLIGHT,,,,,,,A,NO PEDESTRIANS INVOLVED,,A,22107,,1,INTERNATIONAL BL,2,,,A,,,98TH AV,,,A,7/30/2024 9:45:21 AM,1/29/2025 3:34:27 PM,,,2,,,,,,,
2890725,20-000012,2,False,0109,1/1/2020 1:20:00 AM,120,03X,14,109,Oakland,1,True,True,B,SIDE SWIPE,,Wednesday,,,F,,False,False,False,,B,PEDESTRIAN,,1,0,C,DARK-STREET LIGHTS,,,,,,,B,CROSSING IN CROSS WALK AT INTERSECTION,,A,21950A,,1,14TH ST,1,,,A,,,WEBSTER ST,,,A,7/30/2024 9:45:20 AM,1/29/2025 3:34:26 PM,,,2,,,,,,,
2890693,20-006084,2,False,0109,1/31/2020 3:35:00 PM,1535,08X,14,109,Oakland,1,True,True,H,OTHER,,Friday,,,,,False,False,False,,C,OTHER MOTOR VEHICLE,,0,0,A,DAYLIGHT,,,,,,,A,NO PEDESTRIANS INVOLVED,,A,22106,,1,29TH ST,1,,,A,E,20.0,BROADWAY,F,,D,7/30/2024 9:45:14 AM,1/29/2025 3:34:24 PM,,,2,,,,,,,
2890688,20-003724,2,False,0109,1/20/2020 10:37:00 PM,2237,22X,14,109,Oakland,1,True,True,B,SIDE SWIPE,,Monday,,,M,,False,False,False,,C,OTHER MOTOR VEHICLE,,0,0,C,DARK-STREET LIGHTS,,,,,,,A,NO PEDESTRIANS INVOLVED,,A,22107,,1,BOSTON AV,1,,,A,,,PALMETTO,,,D,7/30/2024 9:45:13 AM,1/29/2025 3:34:23 PM,,,2,,,,,,,