collision-id,report-number,report-version,is-preliminary,ncic-code,crash-date-time,crash-time-description,beat,city-id,city-code,city-name,county-code,city-is-active,city-is-incorporated,collision-type-code,collision-type-description,collision-type-other-desc,day-of-week,dispatch-notified,has-photographs,hit-run,is-attachments-mailed,is-deleted,is-highway-related,is-tow-away,judicial-district,motor-vehicle-involved-with-code,motor-vehicle-involved-with-desc,motor-vehicle-involved-with-other-desc,number-injured,number-killed,lighting-code,lighting-description,latitude,longitude,milepost-direction,milepost-distance,milepost-marker,milepost-unit-of-measure,pedestrian-action-code,pedestrian-action-desc,prepared-date,primary-collision-factor-code,primary-collision-factor-description,primary-collision-factor-is-cited,primary-collision-party-number,primary-road,reporting-district,reporting-district-code,reviewed-date,roadway-surface-code,secondary-direction,secondary-distance,secondary-road,secondary-unit-of-measure,sketch-desc,traffic-control-device-code,created-date,modified-date,is-county-road,is-freeway,chp-555-version,is-additonal-object-struck,notification-date,notification-time-description,has-digital-media-files,evidence-number,is-location-refer-to-narrative,is-aoi-one-same-as-location
2968251,20-030411,2,False,0109,6/22/2020 11:27:00 AM,1127,16X,14,109,Oakland,1,True,True,E,HIT OBJECT,,Monday,,,,,False,False,False,,J,OTHER OBJECT,,0,0,A,DAYLIGHT,,,,,,,A,NO PEDESTRIANS INVOLVED,,A,22107,,1,PARAMOUNT RD,1,,,A,S,400.0,CARLSTON,F,,D,7/30/2024 6:36:22 PM,1/30/2025 9:51:41 AM,,,2,,,,,,,
2968250,20-029855,2,False,0109,6/19/2020 8:50:00 PM,2050,32X,14,109,Oakland,1,True,True,D,BROADSIDE,,Friday,,,,,False,False,False,,C,OTHER MOTOR VEHICLE,,0,0,B,DUSK-DAWN,,,,,,,A,NO PEDESTRIANS INVOLVED,,A,22103,,1,MACARTHUR BL,1,,,A,W,160.0,100TH AV,F,,D,7/30/2024 6:36:22 PM,1/30/2025 9:51:41 AM,,,2,,,,,,,
2968238,20-037868,2,False,0109,8/1/2020 7:30:00 AM,730,28X,14,109,Oakland,1,True,True,B,SIDE SWIPE,,Saturday,,,,,False,False,False,,C,OTHER MOTOR VEHICLE,,0,0,A,DAYLIGHT,,,,,,,A,NO PEDESTRIANS INVOLVED,,A,22107,,1,BIRDSALL AV,2,,,A,N,100.0,MADERA AV,F,,D,7/30/2024 6:36:20 PM,1/30/2025 9:51:40 AM,,,2,,,,,,,
2968237,20-037877,2,False,0109,8/1/2020 10:15:00 AM,1015,30X,14,109,Oakland,1,True,True,B,SIDE SWIPE,,Saturday,,,M,,False,False,False,,E,PARKED MOTOR VEHICLE,,0,0,C,DARK-STREET LIGHTS,,,,,,,A,NO PEDESTRIANS INVOLVED,,A,22107,,1,PARKER AV,2,,,A,S,25.0,HILLSIDE ST,F,,D,7/30/2024 6:36:20 PM,1/30/2025 9:51:40 AM,,,2,,,,,,,
2967814,20-027464,2,False,0109,6/4/2020 9:33:00 AM,933,30X,14,109,Oakland,1,True,True,C,REAR END,,Thursday,,,,,False,False,False,,E,PARKED MOTOR VEHICLE,,0,0,A,DAYLIGHT,,,,,,,A,NO PEDESTRIANS INVOLVED,,A,22107,,1,ORRAL ST,2,,,A,E,50.0,70TH AV,F,,D,7/30/2024 6:35:16 PM,1/30/2025 9:51:15 AM,,,2,,,,,,,
2967809,20-036498,2,False,0109,7/24/2020 10:00:00 PM,2200,30X,14,109,Oakland,1,True,True,B,SIDE SWIPE,,Friday,,,M,,False,False,True,,C,OTHER MOTOR VEHICLE,,0,0,C,DARK-STREET LIGHTS,,,,,,,A,NO PEDESTRIANS INVOLVED,,A,23152A,,1,81ST AV,2,,,A,N,50.0,INTERNATIONAL BL,F,,D,7/30/2024 6:35:15 PM,1/30/2025 9:51:15 AM,,,2,,,,,,,
2967454,20-024143,2,False,0109,5/14/2020 8:17:00 PM,2017,03X,14,109,Oakland,1,True,True,C,REAR END,,Thursday,,,,,False,False,False,,E,PARKED MOTOR VEHICLE,,0,0,C,DARK-STREET LIGHTS,,,,,,,A,NO PEDESTRIANS INVOLVED,,A,22106,,1,7TH ST,1,,,A,E,50.0,MARTIN LUTHER KING JR WY,F,,A,7/30/2024 6:34:24 PM,1/30/2025 9:50:54 AM,,,2,,,,,,,
2967453,20-026297,2,False,0109,5/27/2020 7:39:00 PM,1939,17X,14,109,Oakland,1,True,True,D,BROADSIDE,,Wednesday,,,M,,False,False,False,,C,OTHER MOTOR VEHICLE,,0,0,B,DUSK-DAWN,,,,,,,A,NO PEDESTRIANS INVOLVED,,A,22350,,1,6TH AV,1,,,A,,,FOOTHILL BL,,,A,7/30/2024 6:34:24 PM,1/30/2025 9:50:54 AM,,,2,,,,,,,
2967452,20-025820,2,False,0109,5/25/2020 10:49:00 AM,1049,30X,14,109,Oakland,1,True,True,B,SIDE SWIPE,,Monday,,,,,False,False,False,,E,PARKED MOTOR VEHICLE,,0,0,A,DAYLIGHT,,,,,,,A,NO PEDESTRIANS INVOLVED,,A,23152A,,1,76TH AV,2,,,A,N,13.0,SUNSHINE CT,F,,D,7/30/2024 6:34:24 PM,1/30/2025 9:50:54 AM,,,2,,,,,,,
2967448,20-025295,2,False,0109,5/21/2020 10:45:00 PM,2245,30X,14,109,Oakland,1,True,True,F,OVERTURNED,,Thursday,,,M,,False,False,True,,J,OTHER OBJECT,,0,0,C,DARK-STREET LIGHTS,,,,,,,A,NO PEDESTRIANS INVOLVED,,A,22107,,1,BANCROFT AV,2,,,A,E,300.0,67TH AV,F,,D,7/30/2024 6:34:24 PM,1/30/2025 9:50:53 AM,,,2,,,,,,,
2967447,20-026466,2,False,0109,5/29/2020 5:03:00 PM,1703,17Y,14,109,Oakland,1,True,True,D,BROADSIDE,,Friday,,,M,,False,False,False,,E,PARKED MOTOR VEHICLE,,0,0,A,DAYLIGHT,,,,,,,A,NO PEDESTRIANS INVOLVED,,A,22107,,1,12TH AV,1,,,A,S,100.0,E 28TH ST,F,,D,7/30/2024 6:34:24 PM,1/30/2025 9:50:53 AM,,,2,,,,,,,
2967446,20-024250,2,False,0109,5/15/2020 3:07:00 PM,1507,27Y,14,109,Oakland,1,True,True,D,BROADSIDE,,Friday,,,M,,False,False,False,,E,PARKED MOTOR VEHICLE,,0,0,A,DAYLIGHT,,,,,,,A,NO PEDESTRIANS INVOLVED,,A,22107,,1,HARMON AV,2,,,A,W,60.0,SEMINARY AV,F,,D,7/30/2024 6:34:23 PM,1/30/2025 9:50:53 AM,,,2,,,,,,,
2967445,20-025527,2,False,0109,5/23/2020 11:22:00 AM,1122,31X,14,109,Oakland,1,True,True,B,SIDE SWIPE,,Saturday,,,M,,False,False,False,,E,PARKED MOTOR VEHICLE,,0,0,A,DAYLIGHT,,,,,,,A,NO PEDESTRIANS INVOLVED,,A,22107,,1,BERGEDO DR,2,,,A,N,30.0,CATRON DR,F,,D,7/30/2024 6:34:23 PM,1/30/2025 9:50:53 AM,,,2,,,,,,,
2967443,20-025458,2,False,0109,5/22/2020 11:35:00 PM,2335,02X,14,109,Oakland,1,True,True,H,OTHER,,Friday,,,M,,False,False,True,,I,FIXED OBJECT,,0,0,C,DARK-STREET LIGHTS,,,,,,,A,NO PEDESTRIANS INVOLVED,,A,21453C,,1,ADELINE ST,1,,,A,,,7TH ST,,,A,7/30/2024 6:34:23 PM,1/30/2025 9:50:53 AM,,,2,,,,,,,
2967442,20-025781,2,False,0109,5/24/2020 10:56:00 PM,2256,19X,14,109,Oakland,1,True,True,E,HIT OBJECT,,Sunday,,,,,False,False,False,,I,FIXED OBJECT,,0,0,C,DARK-STREET LIGHTS,,,,,,,A,NO PEDESTRIANS INVOLVED,,A,23152A,,1,FOOTHILL BL,1,,,A,S,15.0,6TH AV,F,,A,7/30/2024 6:34:23 PM,1/30/2025 9:50:53 AM,,,2,,,,,,,
2967438,20-026228,2,False,0109,5/20/2020 10:05:00 AM,1005,08X,14,109,Oakland,1,True,True,A,HEAD-ON,,Wednesday,,,M,,False,False,False,,E,PARKED MOTOR VEHICLE,,0,0,A,DAYLIGHT,,,,,,,A,NO PEDESTRIANS INVOLVED,,A,20002,,1,FAIRMOUNT AV,1,,,A,,,SANTA CLARA ST,,,D,7/30/2024 6:34:22 PM,1/30/2025 9:50:52 AM,,,2,,,,,,,
2967428,20-024523,2,False,0109,5/17/2020 1:38:00 PM,1338,04X,14,109,Oakland,1,True,True,D,BROADSIDE,,Sunday,,,,,False,False,False,,,,,0,0,A,DAYLIGHT,,,,,,,A,NO PEDESTRIANS INVOLVED,,A,21453A,,1,CASTRO ST,1,,,A,,,11TH ST,,,A,7/30/2024 6:34:21 PM,1/30/2025 9:50:52 AM,,,2,,,,,,,
2967427,20-025898,2,False,0109,5/25/2020 7:15:00 PM,1915,08X,14,109,Oakland,1,True,True,D,BROADSIDE,,Monday,,,,,False,False,False,,C,OTHER MOTOR VEHICLE,,0,0,B,DUSK-DAWN,,,,,,,A,NO PEDESTRIANS INVOLVED,,A,21453A,,,40TH ST,1,,,A,,,BROADWAY,,,A,7/30/2024 6:34:21 PM,1/30/2025 9:50:52 AM,,,2,,,,,,,
2967426,20-025276,2,False,0109,5/21/2020 6:53:00 PM,1853,21X,14,109,Oakland,1,True,True,B,SIDE SWIPE,,Thursday,,,,,False,False,False,,C,OTHER MOTOR VEHICLE,,0,0,A,DAYLIGHT,,,,,,,A,NO PEDESTRIANS INVOLVED,,A,22107,,,FRUITVALE AV,1,,,A,,,LOGAN ST,,,D,7/30/2024 6:34:21 PM,1/30/2025 9:50:52 AM,,,2,,,,,,,
2967425,20-025706,2,False,0109,5/24/2020 3:19:00 PM,1519,34X,14,109,Oakland,1,True,True,B,SIDE SWIPE,,Sunday,,,M,,False,False,False,,C,OTHER MOTOR VEHICLE,,0,0,A,DAYLIGHT,,,,,,,A,NO PEDESTRIANS INVOLVED,,A,22107,,1,90TH AV,2,,,A,N,105.0,HOLLY ST,F,,A,7/30/2024 6:34:21 PM,1/30/2025 9:50:52 AM,,,2,,,,,,,
2967424,20-024953,2,False,0109,5/20/2020 11:04:00 PM,2304,26X,14,109,Oakland,1,True,True,B,SIDE SWIPE,,Wednesday,,,M,,False,False,True,,E,PARKED MOTOR VEHICLE,,0,0,C,DARK-STREET LIGHTS,,,,,,,A,NO PEDESTRIANS INVOLVED,,A,22107,,1,INTERNATIONAL BL,2,,,A,E,10.0,52ND AV,F,,A,7/30/2024 6:34:21 PM,1/30/2025 9:50:52 AM,,,2,,,,,,,
2967423,20-026809,2,False,0109,5/31/2020 8:51:00 AM,851,19X,14,109,Oakland,1,True,True,D,BROADSIDE,,Sunday,,,M,,False,False,False,,E,PARKED MOTOR VEHICLE,,0,0,B,DUSK-DAWN,,,,,,,A,NO PEDESTRIANS INVOLVED,,A,22107,,1,E 15TH ST,1,,,A,W,20.0,5TH AV,F,,D,7/30/2024 6:34:21 PM,1/30/2025 9:50:52 AM,,,2,,,,,,,
2967246,20-038801,2,False,0109,8/6/2020 2:49:00 PM,1449,11X,14,109,Oakland,1,True,True,B,SIDE SWIPE,,Thursday,,,,,False,False,False,,G,BICYCLE,,1,0,A,DAYLIGHT,,,,,,,A,NO PEDESTRIANS INVOLVED,,A,22107,,1,TELEGRAPH AV,1,,,A,N,100.0,65TH ST,F,,A,7/30/2024 6:33:52 PM,1/30/2025 9:50:41 AM,,,2,,,,,,,
2967245,20-039525,2,False,0109,8/10/2020 3:56:00 PM,1556,21X,14,109,Oakland,1,True,True,G,VEHICLE/PEDESTRAIN,,Monday,,,,,False,False,False,,B,PEDESTRIAN,,1,0,A,DAYLIGHT,,,,,,,B,CROSSING IN CROSS WALK AT INTERSECTION,,A,21950A,,1,FRUITVALE AV,1,,,A,,,SCHOOL ST,,,A,7/30/2024 6:33:52 PM,1/30/2025 9:50:41 AM,,,2,,,,,,,
2967244,20-039963,2,False,0109,8/12/2020 7:21:00 PM,1921,05X,14,109,Oakland,1,True,True,D,BROADSIDE,,Wednesday,,,,,False,False,False,,C,OTHER MOTOR VEHICLE,,2,0,A,DAYLIGHT,,,,,,,A,NO PEDESTRIANS INVOLVED,,A,21453A,,1,BRUSH ST,1,,,A,,,W GRAND AV,,,A,7/30/2024 6:33:52 PM,1/30/2025 9:50:41 AM,,,2,,,,,,,
2967243,20-038128,2,False,0109,8/3/2020 6:51:00 AM,651,32X,14,109,Oakland,1,True,True,C,REAR END,,Monday,,,,,False,False,False,,C,OTHER MOTOR VEHICLE,,1,0,A,DAYLIGHT,,,,,,,A,NO PEDESTRIANS INVOLVED,,A,22350,,1,98TH AV,2,,,A,S,10.0,STEARNS,F,,A,7/30/2024 6:33:52 PM,1/30/2025 9:50:41 AM,,,2,,,,,,,
2967242,20-039964,2,False,0109,8/12/2020 7:34:00 PM,1934,08X,14,109,Oakland,1,True,True,D,BROADSIDE,,Wednesday,,,M,,False,False,False,,C,OTHER MOTOR VEHICLE,,1,0,B,DUSK-DAWN,,,,,,,A,NO PEDESTRIANS INVOLVED,,A,21804A,,1,HARRISON ST,1,,,A,S,20.0,29TH ST,F,,C,7/30/2024 6:33:51 PM,1/30/2025 9:50:41 AM,,,2,,,,,,,
2967241,20-039440,2,False,0109,8/10/2020 8:06:00 AM,806,28X,14,109,Oakland,1,True,True,A,HEAD-ON,,Monday,,,,,False,False,False,,C,OTHER MOTOR VEHICLE,,3,0,A,DAYLIGHT,,,,,,,A,NO PEDESTRIANS INVOLVED,,A,21460A,,1,MACARTHUR BL,2,,,A,W,25.0,55TH AV,F,,D,7/30/2024 6:33:51 PM,1/30/2025 9:50:41 AM,,,2,,,,,,,
2967240,20-039209,2,False,0109,8/8/2020 4:49:00 PM,1649,27X,14,109,Oakland,1,True,True,D,BROADSIDE,,Saturday,,,,,False,False,True,,C,OTHER MOTOR VEHICLE,,1,0,A,DAYLIGHT,,,,,,,A,NO PEDESTRIANS INVOLVED,,A,22350,,1,FOOTHILL BL,2,,,A,E,25.0,CONGRESS AV,F,,D,7/30/2024 6:33:51 PM,1/30/2025 9:50:41 AM,,,2,,,,,,,
2967239,20-039648,2,False,0109,8/11/2020 12:00:00 PM,1200,07X,14,109,Oakland,1,True,True,C,REAR END,,Tuesday,,,,,False,False,False,,G,BICYCLE,,1,0,A,DAYLIGHT,,,,,,,A,NO PEDESTRIANS INVOLVED,,A,22107,,1,SAN PABLO AV,1,,,A,N,100.0,BROCKHURST,F,,D,7/30/2024 6:33:51 PM,1/30/2025 9:50:41 AM,,,2,,,,,,,
2967238,20-039706,2,False,0109,8/11/2020 4:10:00 PM,1610,28X,14,109,Oakland,1,True,True,D,BROADSIDE,,Tuesday,,,,,False,False,True,,C,OTHER MOTOR VEHICLE,,1,0,A,DAYLIGHT,,,,,,,A,NO PEDESTRIANS INVOLVED,,A,22350,,1,ALLENDALE AV,2,,,A,W,170.0,LILAC ST,F,,D,7/30/2024 6:33:51 PM,1/30/2025 9:50:41 AM,,,2,,,,,,,
2967237,20-039625,2,False,0109,8/11/2020 9:24:00 AM,924,`03Y,14,109,Oakland,1,True,True,D,BROADSIDE,,Tuesday,,,,,False,False,True,,C,OTHER MOTOR VEHICLE,,2,0,A,DAYLIGHT,,,,,,,A,NO PEDESTRIANS INVOLVED,,A,21453A,,1,14TH ST,1,,,A,,,CASTRO ST,,,A,7/30/2024 6:33:51 PM,1/30/2025 9:50:41 AM,,,2,,,,,,,
2967236,20-038390,2,False,0109,8/4/2020 12:16:00 PM,1216,03X,14,109,Oakland,1,True,True,H,OTHER,,Tuesday,,,,,False,False,False,,G,BICYCLE,,1,0,A,DAYLIGHT,,,,,,,A,NO PEDESTRIANS INVOLVED,,D,,,,WEBSTER ST,1,,,A,N,8.0,10TH ST,F,,D,7/30/2024 6:33:51 PM,1/30/2025 9:50:41 AM,,,2,,,,,,,
2967235,20-039338,2,False,0109,8/9/2020 3:06:00 PM,1506,03X,14,109,Oakland,1,True,True,A,HEAD-ON,,Sunday,,,,,False,False,True,,C,OTHER MOTOR VEHICLE,,2,0,A,DAYLIGHT,,,,,,,A,NO PEDESTRIANS INVOLVED,,A,,,1,12TH ST,1,,,A,,,HARRISON ST,,,A,7/30/2024 6:33:50 PM,1/30/2025 9:50:41 AM,,,2,,,,,,,
2967234,20-038829,2,False,0109,8/6/2020 5:04:00 PM,1704,28X,14,109,Oakland,1,True,True,C,REAR END,,Thursday,,,,,False,False,False,,C,OTHER MOTOR VEHICLE,,1,0,A,DAYLIGHT,,,,,,,B,CROSSING IN CROSS WALK AT INTERSECTION,,A,22350,,1,HIGH ST,2,,,A,,,PENNIMAN AV,,,D,7/30/2024 6:33:50 PM,1/30/2025 9:50:40 AM,,,2,,,,,,,
2967233,20-039178,2,False,0109,8/8/2020 1:41:00 PM,1341,09X,14,109,Oakland,1,True,True,H,OTHER,,Saturday,,,,,False,False,False,,A,NON-COLLISION,,1,0,A,DAYLIGHT,,,,,,,A,NO PEDESTRIANS INVOLVED,,A,22350,,1,WEST MACARTHUR BL,1,,,A,,,RICHMOND BL,,,D,7/30/2024 6:33:50 PM,1/30/2025 9:50:40 AM,,,2,,,,,,,
2966886,20-031044,2,False,0109,6/25/2020 6:29:00 PM,1829,23X,14,109,Oakland,1,True,True,B,SIDE SWIPE,,Thursday,,,,,False,False,False,,C,OTHER MOTOR VEHICLE,,0,0,A,DAYLIGHT,,,,,,,A,NO PEDESTRIANS INVOLVED,,A,22107,,1,INTERNATIONAL BL,2,,,A,W,10.0,38TH AV,F,,A,7/30/2024 6:32:57 PM,1/30/2025 9:50:19 AM,,,2,,,,,,,
2966884,20-037408,2,False,0109,7/29/2020 8:00:00 PM,2000,30X,14,109,Oakland,1,True,True,C,REAR END,,Wednesday,,,,,False,False,False,,E,PARKED MOTOR VEHICLE,,5,0,A,DAYLIGHT,,,,,,,A,NO PEDESTRIANS INVOLVED,,A,22350,,1,74TH AV,2,,,A,N,400.0,INTERNATIONAL BL,F,,D,7/30/2024 6:32:57 PM,1/30/2025 9:50:19 AM,,,2,,,,,,,
2966880,20-032564,2,False,0109,7/3/2020 11:26:00 PM,2326,25X,14,109,Oakland,1,True,True,C,REAR END,,Friday,,,M,,False,False,False,,E,PARKED MOTOR VEHICLE,,0,0,C,DARK-STREET LIGHTS,,,,,,,A,NO PEDESTRIANS INVOLVED,,A,22107,,1,HIGH ST,2,,,A,,,HYACINTH AV,,,A,7/30/2024 6:32:57 PM,1/30/2025 9:50:19 AM,,,2,,,,,,,
2966875,20-035858,2,False,0109,7/21/2020 2:30:00 PM,1430,35X,14,109,Oakland,1,True,True,E,HIT OBJECT,,Tuesday,,,M,,False,False,False,,I,FIXED OBJECT,,0,0,A,DAYLIGHT,,,,,,,A,NO PEDESTRIANS INVOLVED,,A,22107,,1,ELYSIAN FIELDS DR,2,,,A,N,200.0,DONNA CT,F,,D,7/30/2024 6:32:56 PM,1/30/2025 9:50:19 AM,,,2,,,,,,,
2966872,20-035547,2,False,0109,7/17/2020 10:02:00 PM,2202,30X,14,109,Oakland,1,True,True,B,SIDE SWIPE,,Friday,,,M,,False,False,False,,E,PARKED MOTOR VEHICLE,,0,0,C,DARK-STREET LIGHTS,,,,,,,A,NO PEDESTRIANS INVOLVED,,A,22107,,1,FLORA ST,2,,,,W,15.0,68TH AV,F,,D,7/30/2024 6:32:55 PM,1/30/2025 9:50:18 AM,,,2,,,,,,,
2966838,20-031452,2,False,0109,6/27/2020 10:35:00 PM,2235,17Y,14,109,Oakland,1,True,True,A,HEAD-ON,,Saturday,,,,,False,False,True,,E,PARKED MOTOR VEHICLE,,0,0,C,DARK-STREET LIGHTS,,,,,,,A,NO PEDESTRIANS INVOLVED,,C,,,,MACARTHUR BL,1,,,A,E,45.0,13TH AV,F,,A,7/30/2024 6:32:51 PM,1/30/2025 9:50:16 AM,,,2,,,,,,,
2966835,20-034993,2,False,0109,7/15/2020 3:23:00 PM,1523,25,14,109,Oakland,1,True,True,B,SIDE SWIPE,,Wednesday,,,M,,False,False,False,,E,PARKED MOTOR VEHICLE,,0,0,A,DAYLIGHT,,,,,,,A,NO PEDESTRIANS INVOLVED,,A,22107,,1,KANSAS ST,2,,,A,E,20.0,35TH AV,F,,D,7/30/2024 6:32:50 PM,1/30/2025 9:50:16 AM,,,2,,,,,,,
2966833,20-035264,2,False,0109,7/18/2020 1:12:00 PM,1312,23X,14,109,Oakland,1,True,True,C,REAR END,,Saturday,,,,,False,False,False,,C,OTHER MOTOR VEHICLE,,0,0,A,DAYLIGHT,,,,,,,A,NO PEDESTRIANS INVOLVED,,A,22350,,1,INTERNATIONAL BL,2,,,A,W,70.0,42ND AV,F,,A,7/30/2024 6:32:50 PM,1/30/2025 9:50:16 AM,,,2,,,,,,,
2966828,20-033866,2,False,0109,7/10/2020 7:02:00 PM,1902,22X,14,109,Oakland,1,True,True,A,HEAD-ON,,Friday,,,,,False,False,True,,C,OTHER MOTOR VEHICLE,,3,0,A,DAYLIGHT,,,,,,,A,NO PEDESTRIANS INVOLVED,,A,21801A,,1,MACARTHUR BL,1,,,A,,,COOLIDGE AV,,,A,7/30/2024 6:32:49 PM,1/30/2025 9:50:16 AM,,,2,,,,,,,
2966826,20-029516,2,False,0109,6/16/2020 10:25:00 PM,2225,22Y,14,109,Oakland,1,True,True,D,BROADSIDE,,Tuesday,,,M,,False,False,False,,,,,0,0,C,DARK-STREET LIGHTS,,,,,,,A,NO PEDESTRIANS INVOLVED,,A,22107,,1,88TH AV,2,,,A,,,HILLSIDE ST,,,D,7/30/2024 6:32:49 PM,1/30/2025 9:50:16 AM,,,2,,,,,,,
2966824,20-036049,2,False,0109,7/22/2020 4:50:00 PM,1650,04X,14,109,Oakland,1,True,True,G,VEHICLE/PEDESTRAIN,,Wednesday,,,,,False,False,False,,B,PEDESTRIAN,,1,0,A,DAYLIGHT,,,,,,,B,CROSSING IN CROSS WALK AT INTERSECTION,,A,21950A,,1,14TH ST,1,,,A,,,WEBSTER ST,,,A,7/30/2024 6:32:49 PM,1/30/2025 9:50:16 AM,,,2,,,,,,,
2966823,20-031773,2,False,0109,6/29/2020 7:47:00 PM,1947,30X,14,109,Oakland,1,True,True,C,REAR END,,Monday,,,M,,False,False,True,,E,PARKED MOTOR VEHICLE,,0,0,B,DUSK-DAWN,,,,,,,A,NO PEDESTRIANS INVOLVED,,A,22107,,1,74TH AV,2,,,A,N,25.0,INTERNATIONAL BL,F,,D,7/30/2024 6:32:49 PM,1/30/2025 9:50:15 AM,,,2,,,,,,,
2966820,20-026220,2,False,0109,5/27/2020 10:51:00 AM,1051,02X,14,109,Oakland,1,True,True,D,BROADSIDE,,Wednesday,,,,,False,False,True,,C,OTHER MOTOR VEHICLE,,3,0,A,DAYLIGHT,,,,,,,A,NO PEDESTRIANS INVOLVED,,A,21453A,,1,6TH ST,1,,,A,,,MARKET ST,,,A,7/30/2024 6:32:48 PM,1/30/2025 9:50:15 AM,,,2,,,,,,,
2966819,20-029950,2,False,0109,6/19/2020 1:22:00 PM,1322,02X,14,109,Oakland,1,True,True,G,VEHICLE/PEDESTRAIN,,Friday,,,,,False,False,False,,,,,1,0,A,DAYLIGHT,,,,,,,E,IN ROAD - INCLUDES SHOULDER,,A,22107,,1,MARKET ST,1,,,A,,,5TH ST,,,A,7/30/2024 6:32:48 PM,1/30/2025 9:50:15 AM,,,2,,,,,,,
2966816,20-017232,2,False,0109,4/1/2020 1:45:00 PM,1345,31Z,14,109,Oakland,1,True,True,B,SIDE SWIPE,,Wednesday,,,M,,False,False,False,,I,FIXED OBJECT,,0,0,A,DAYLIGHT,,,,,,,A,NO PEDESTRIANS INVOLVED,,A,22107,,1,105TH AV,2,,,A,S,30.0,SAN LEANDRO ST,F,,D,7/30/2024 6:32:47 PM,1/30/2025 9:50:15 AM,,,2,,,,,,,
2966814,20-031088,2,False,0109,6/25/2020 11:13:00 PM,2313,16Y,14,109,Oakland,1,True,True,B,SIDE SWIPE,,Thursday,,,M,,False,False,False,,E,PARKED MOTOR VEHICLE,,0,0,C,DARK-STREET LIGHTS,,,,,,,A,NO PEDESTRIANS INVOLVED,,A,22107,,1,MACARTHUR BL,1,,,A,S,50.0,EXCELSIOR AV,F,,A,7/30/2024 6:32:47 PM,1/30/2025 9:50:15 AM,,,2,,,,,,,
2966702,20-030299,2,False,0109,6/21/2020 6:39:00 PM,1839,30X,14,109,Oakland,1,True,True,A,HEAD-ON,,Sunday,,,,,False,False,False,,E,PARKED MOTOR VEHICLE,,0,0,A,DAYLIGHT,,,,,,,A,NO PEDESTRIANS INVOLVED,,A,22107,,1,FOOTHILL BL,2,,,A,W,40.0,67TH AV,F,,D,7/30/2024 6:32:29 PM,1/30/2025 9:50:08 AM,,,2,,,,,,,
2966701,20-031078,2,False,0109,6/25/2020 9:45:00 PM,2145,02Y,14,109,Oakland,1,True,True,C,REAR END,,Thursday,,,,,False,False,False,,,,,0,0,C,DARK-STREET LIGHTS,,,,,,,A,NO PEDESTRIANS INVOLVED,,A,22107,,1,PERALTA ST,1,,,A,S,10.0,10TH ST,F,,A,7/30/2024 6:32:29 PM,1/30/2025 9:50:08 AM,,,2,,,,,,,
2966700,20-031036,2,False,0109,6/25/2020 5:30:00 PM,1730,30X,14,109,Oakland,1,True,True,B,SIDE SWIPE,,Thursday,,,,,False,False,False,,C,OTHER MOTOR VEHICLE,,0,0,A,DAYLIGHT,,,,,,,A,NO PEDESTRIANS INVOLVED,,A,22100B,,1,INTERNATIONAL BL,2,,,A,E,60.0,71ST AV,F,,B,7/30/2024 6:32:29 PM,1/30/2025 9:50:08 AM,,,2,,,,,,,
2966698,20-031290,2,False,0109,6/27/2020 12:15:00 AM,15,20X,14,109,Oakland,1,True,True,D,BROADSIDE,,Saturday,,,,,False,False,False,,C,OTHER MOTOR VEHICLE,,0,0,C,DARK-STREET LIGHTS,,,,,,,A,NO PEDESTRIANS INVOLVED,,A,21453A,,1,29TH AV,1,,,A,,,RT 880,,,A,7/30/2024 6:32:29 PM,1/30/2025 9:50:08 AM,,,2,,,,,,,
2966694,20-029660,2,False,0109,6/17/2020 6:40:00 PM,1840,07X,14,109,Oakland,1,True,True,D,BROADSIDE,,Wednesday,,,M,,False,False,False,,C,OTHER MOTOR VEHICLE,,0,0,A,DAYLIGHT,,,,,,,A,NO PEDESTRIANS INVOLVED,,A,22450A,,1,ADELINE ST,1,,,A,,,26TH ST,,,A,7/30/2024 6:32:28 PM,1/30/2025 9:50:08 AM,,,2,,,,,,,
2966676,20-021281,2,False,0109,4/27/2020 5:26:00 PM,1726,27X,14,109,Oakland,1,True,True,F,OVERTURNED,,Monday,,,M,,False,False,False,,C,OTHER MOTOR VEHICLE,,0,0,A,DAYLIGHT,,,,,,,A,NO PEDESTRIANS INVOLVED,,A,22107,,1,AVENAL AV,2,,,A,W,50.0,63RD,F,,D,7/30/2024 6:32:26 PM,1/30/2025 9:50:07 AM,,,2,,,,,,,
2966672,20-018684,2,False,0109,4/11/2020 7:39:00 AM,739,33X,14,109,Oakland,1,True,True,B,SIDE SWIPE,,Saturday,,,,,False,False,False,,E,PARKED MOTOR VEHICLE,,0,0,A,DAYLIGHT,,,,,,,A,NO PEDESTRIANS INVOLVED,,A,23152A,,1,93RD AV,2,,,A,,,A ST,,,D,7/30/2024 6:32:25 PM,1/30/2025 9:50:07 AM,,,2,,,,,,,
2966671,20-020910,2,False,0109,4/25/2020 10:27:00 AM,1027,32X,14,109,Oakland,1,True,True,B,SIDE SWIPE,,Saturday,,,M,,False,False,False,,E,PARKED MOTOR VEHICLE,,0,0,A,DAYLIGHT,,,,,,,A,NO PEDESTRIANS INVOLVED,,A,22100B,,1,102ND AV,2,,,A,,,INTERNATIONAL,,,D,7/30/2024 6:32:25 PM,1/30/2025 9:50:07 AM,,,2,,,,,,,
2966627,20-019591,2,False,0109,4/17/2020 6:42:00 AM,642,04X,14,109,Oakland,1,True,True,G,VEHICLE/PEDESTRAIN,,Friday,,,,,False,False,False,,B,PEDESTRIAN,,2,0,A,DAYLIGHT,,,,,,,B,CROSSING IN CROSS WALK AT INTERSECTION,,D,,,,LAKESIDE DR,1,,,A,W,25.0,JACKSON ST,F,,A,7/30/2024 6:32:19 PM,1/30/2025 9:50:04 AM,,,2,,,,,,,