collision-id,report-number,report-version,is-preliminary,ncic-code,crash-date-time,crash-time-description,beat,city-id,city-code,city-name,county-code,city-is-active,city-is-incorporated,collision-type-code,collision-type-description,collision-type-other-desc,day-of-week,dispatch-notified,has-photographs,hit-run,is-attachments-mailed,is-deleted,is-highway-related,is-tow-away,judicial-district,motor-vehicle-involved-with-code,motor-vehicle-involved-with-desc,motor-vehicle-involved-with-other-desc,number-injured,number-killed,lighting-code,lighting-description,latitude,longitude,milepost-direction,milepost-distance,milepost-marker,milepost-unit-of-measure,pedestrian-action-code,pedestrian-action-desc,prepared-date,primary-collision-factor-code,primary-collision-factor-description,primary-collision-factor-is-cited,primary-collision-party-number,primary-road,reporting-district,reporting-district-code,reviewed-date,roadway-surface-code,secondary-direction,secondary-distance,secondary-road,secondary-unit-of-measure,sketch-desc,traffic-control-device-code,created-date,modified-date,is-county-road,is-freeway,chp-555-version,is-additonal-object-struck,notification-date,notification-time-description,has-digital-media-files,evidence-number,is-location-refer-to-narrative,is-aoi-one-same-as-location
2966032,20-028314,2,False,0109,6/10/2020 1:08:00 AM,108,27Y,14,109,Oakland,1,True,True,D,BROADSIDE,,Wednesday,,,,,False,False,True,,C,OTHER MOTOR VEHICLE,,4,0,C,DARK-STREET LIGHTS,,,,,,,A,NO PEDESTRIANS INVOLVED,,A,21802A,,1,48TH AV,2,,,A,,,BANCROFT AV,,,A,7/30/2024 6:30:51 PM,1/30/2025 9:49:28 AM,,,2,,,,,,,
2966031,20-030868,2,False,0109,6/24/2020 7:23:00 PM,1923,18Y,14,109,Oakland,1,True,True,D,BROADSIDE,,Wednesday,,,,,False,False,False,,C,OTHER MOTOR VEHICLE,,2,0,A,DAYLIGHT,,,,,,,A,NO PEDESTRIANS INVOLVED,,A,21802A,,1,3RD AV,1,,,A,,,INTERNATIONAL BL,,,A,7/30/2024 6:30:51 PM,1/30/2025 9:49:28 AM,,,2,,,,,,,
2966030,20-029979,2,False,0109,6/19/2020 6:16:00 PM,1816,14X,14,109,Oakland,1,True,True,D,BROADSIDE,,Friday,,,M,,False,False,False,,C,OTHER MOTOR VEHICLE,,1,0,A,DAYLIGHT,,,,,,,A,NO PEDESTRIANS INVOLVED,,A,21453A,,,GRAND AV,1,,,A,,,STATEN AV,,,A,7/30/2024 6:30:51 PM,1/30/2025 9:49:28 AM,,,2,,,,,,,
2966029,20-031210,2,False,0109,6/26/2020 2:18:00 PM,1418,28X,14,109,Oakland,1,True,True,D,BROADSIDE,,Friday,,,,,False,False,False,,C,OTHER MOTOR VEHICLE,,1,0,A,DAYLIGHT,,,,,,,A,NO PEDESTRIANS INVOLVED,,A,21801A,,1,HIGH ST,2,,,A,,,REDDING ST,,,A,7/30/2024 6:30:51 PM,1/30/2025 9:49:28 AM,,,2,,,,,,,
2966028,20-031632,2,False,0109,6/29/2020 11:34:00 PM,2334,18Y,14,109,Oakland,1,True,True,A,HEAD-ON,,Monday,,,,,False,False,False,,C,OTHER MOTOR VEHICLE,,1,0,C,DARK-STREET LIGHTS,,,,,,,A,NO PEDESTRIANS INVOLVED,,A,22107,,1,RANDOLPH AV,1,,,A,,,E 32ND ST,,,D,7/30/2024 6:30:51 PM,1/30/2025 9:49:27 AM,,,2,,,,,,,
2966027,20-031882,2,False,0109,6/30/2020 10:55:00 AM,1055,30X,14,109,Oakland,1,True,True,D,BROADSIDE,,Tuesday,,,,,False,False,False,,C,OTHER MOTOR VEHICLE,,1,0,A,DAYLIGHT,,,,,,,A,NO PEDESTRIANS INVOLVED,,A,21453C,,1,BANCROFT AV,2,,,A,,,73RD AV,,,A,7/30/2024 6:30:50 PM,1/30/2025 9:49:27 AM,,,2,,,,,,,
2966026,20-031570,2,False,0109,6/28/2020 1:24:00 PM,1324,11X,14,109,Oakland,1,True,True,C,REAR END,,Sunday,,,M,,False,False,False,,C,OTHER MOTOR VEHICLE,,1,0,A,DAYLIGHT,,,,,,,A,NO PEDESTRIANS INVOLVED,,A,22107,,1,ALCATRAZ AV,1,,,A,,,RAYMOND ST,,,A,7/30/2024 6:30:50 PM,1/30/2025 9:49:27 AM,,,2,,,,,,,
2966025,20-028630,2,False,0109,6/11/2020 2:24:00 PM,1424,22X,14,109,Oakland,1,True,True,D,BROADSIDE,,Thursday,,,M,,False,False,False,,G,BICYCLE,,1,0,A,DAYLIGHT,,,,,,,A,NO PEDESTRIANS INVOLVED,,A,22107,,1,FRUITVALE AV,1,,,A,N,80.0,BIENATI WY,F,,D,7/30/2024 6:30:50 PM,1/30/2025 9:49:27 AM,,,2,,,,,,,
2966021,20-029982,2,False,0109,6/19/2020 6:50:00 PM,1850,03Y,14,109,Oakland,1,True,True,D,BROADSIDE,,Friday,,,,,False,False,False,,,,,1,0,A,DAYLIGHT,,,,,,,A,NO PEDESTRIANS INVOLVED,,A,21453A,,1,JEFFERSON ST,1,,,A,,,14TH ST,,,A,7/30/2024 6:30:50 PM,1/30/2025 9:49:27 AM,,,2,,,,,,,
2966020,20-031066,2,False,0109,6/25/2020 7:52:00 PM,1952,31Y,14,109,Oakland,1,True,True,E,HIT OBJECT,,Thursday,,,,,False,False,True,,I,FIXED OBJECT,,2,0,A,DAYLIGHT,,,,,,,A,NO PEDESTRIANS INVOLVED,,A,22350,,1,BALDWIN ST,2,,,A,W,400.0,85TH AV,F,,D,7/30/2024 6:30:49 PM,1/30/2025 9:49:27 AM,,,2,,,,,,,
2966019,20-031832,2,False,0109,6/30/2020 7:55:00 AM,755,18Y,14,109,Oakland,1,True,True,G,VEHICLE/PEDESTRAIN,,Tuesday,,,,,False,False,False,,B,PEDESTRIAN,,1,0,A,DAYLIGHT,,,,,,,B,CROSSING IN CROSS WALK AT INTERSECTION,,A,21950A,,1,E 29TH ST,2,,,A,E,5.0,19TH AV,F,,A,7/30/2024 6:30:49 PM,1/30/2025 9:49:27 AM,,,2,,,,,,,
2966018,20-028308,2,False,0109,6/10/2020 12:11:00 AM,11,34X,14,109,Oakland,1,True,True,D,BROADSIDE,,Wednesday,,,,,False,False,False,,C,OTHER MOTOR VEHICLE,,3,0,C,DARK-STREET LIGHTS,,,,,,,A,NO PEDESTRIANS INVOLVED,,A,21801A,,1,86TH AV,2,,,A,,,BIRCH ST,,,A,7/30/2024 6:30:49 PM,1/30/2025 9:49:27 AM,,,2,,,,,,,
2965826,20-031572,2,False,0109,6/28/2020 5:22:00 PM,1722,29X,14,109,Oakland,1,True,True,C,REAR END,,Sunday,,,,,False,False,True,,E,PARKED MOTOR VEHICLE,,0,0,A,DAYLIGHT,,,,,,,A,NO PEDESTRIANS INVOLVED,,A,22107,,1,SEMINARY AV,2,,,A,N,10.0,LAIRD AVE,F,,A,7/30/2024 6:30:18 PM,1/30/2025 9:49:15 AM,,,2,,,,,,,
2965821,20-032263,2,False,0109,7/2/2020 3:55:00 AM,355,02X,14,109,Oakland,1,True,True,D,BROADSIDE,,Thursday,,,,,False,False,False,,C,OTHER MOTOR VEHICLE,,0,0,C,DARK-STREET LIGHTS,,,,,,,A,NO PEDESTRIANS INVOLVED,,A,21453A,,1,7TH ST,1,,,A,,,MARKET ST,,,A,7/30/2024 6:30:17 PM,1/30/2025 9:49:15 AM,,,2,,,,,,,
2965819,20-025720,2,False,0109,5/24/2020 5:00:00 PM,1700,18X,14,109,Oakland,1,True,True,B,SIDE SWIPE,,Sunday,,,,,False,False,False,,E,PARKED MOTOR VEHICLE,,0,0,A,DAYLIGHT,,,,,,,A,NO PEDESTRIANS INVOLVED,,A,23152B,,1,E 27TH ST,1,,,A,E,140.0,21ST AV,F,,D,7/30/2024 6:30:17 PM,1/30/2025 9:49:15 AM,,,2,,,,,,,
2965814,20-033038,2,False,0109,7/6/2020 5:51:00 PM,1751,34X,14,109,Oakland,1,True,True,C,REAR END,,Monday,,,,,False,False,False,,C,OTHER MOTOR VEHICLE,,0,0,A,DAYLIGHT,,,,,,,A,NO PEDESTRIANS INVOLVED,,A,22350,,1,INTERNATIONAL BL,2,,,A,E,30.0,85TH AV,F,,D,7/30/2024 6:30:16 PM,1/30/2025 9:49:14 AM,,,2,,,,,,,
2965810,20-033066,2,False,0109,7/6/2020 8:00:00 PM,2000,19X,14,109,Oakland,1,True,True,B,SIDE SWIPE,,Monday,,,,,False,False,False,,C,OTHER MOTOR VEHICLE,,0,0,B,DUSK-DAWN,,,,,,,A,NO PEDESTRIANS INVOLVED,,A,22350,,1,FOOTHILL BL,1,,,A,,,22ND AV,,,D,7/30/2024 6:30:15 PM,1/30/2025 9:49:14 AM,,,2,,,,,,,
2965806,20-033157,2,False,0109,7/7/2020 9:59:00 AM,959,33X,14,109,Oakland,1,True,True,C,REAR END,,Tuesday,,,,,False,False,False,,C,OTHER MOTOR VEHICLE,,0,0,A,DAYLIGHT,,,,,,,A,NO PEDESTRIANS INVOLVED,,A,22106,,1,SAN LEANDRO ST,2,,,A,W,30.0,85TH AV,F,,A,7/30/2024 6:30:15 PM,1/30/2025 9:49:14 AM,,,2,,,,,,,
2965803,20-030098,2,False,0109,6/20/2020 12:23:00 PM,1223,20X,14,109,Oakland,1,True,True,C,REAR END,,Saturday,,,,,False,True,False,,C,OTHER MOTOR VEHICLE,,3,0,A,DAYLIGHT,,,,,,,A,NO PEDESTRIANS INVOLVED,,A,22350,,1,23RD AV,1,,,A,S,18.0,RT 880,F,,A,7/30/2024 6:30:14 PM,1/30/2025 9:49:14 AM,,,2,,,,,,,
2965801,20-030867,2,False,0109,6/24/2020 7:21:00 PM,1921,30X,14,109,Oakland,1,True,True,C,REAR END,,Wednesday,,,,,False,False,False,,C,OTHER MOTOR VEHICLE,,2,0,A,DAYLIGHT,,,,,,,A,NO PEDESTRIANS INVOLVED,,A,22350,,1,73RD AV,2,,,A,S,50.0,ARTHUR ST,F,,A,7/30/2024 6:30:14 PM,1/30/2025 9:49:14 AM,,,2,,,,,,,
2965796,20-030974,2,False,0109,6/25/2020 11:48:00 AM,1148,05X,14,109,Oakland,1,True,True,D,BROADSIDE,,Thursday,,,,,False,False,True,,C,OTHER MOTOR VEHICLE,,0,0,A,DAYLIGHT,,,,,,,A,NO PEDESTRIANS INVOLVED,,A,21801A,,1,W GRAND AV,1,,,A,,,CAMPBELL ST,,,A,7/30/2024 6:30:13 PM,1/30/2025 9:49:13 AM,,,2,,,,,,,
2965794,20-032487,2,False,0109,7/3/2020 12:55:00 PM,1255,31X,14,109,Oakland,1,True,True,D,BROADSIDE,,Friday,,,,,False,False,False,,C,OTHER MOTOR VEHICLE,,2,0,A,DAYLIGHT,,,,,,,A,NO PEDESTRIANS INVOLVED,,A,21801A,,1,HEGENBERGER RD,2,,,A,N,1000.0,PARDEE DR,F,,A,7/30/2024 6:30:13 PM,1/30/2025 9:49:13 AM,,,2,,,,,,,
2965788,20-001742,2,False,0109,1/10/2020 9:23:00 AM,923,31X,14,109,Oakland,1,True,True,B,SIDE SWIPE,,Friday,,,,,False,False,False,,,,,1,0,A,DAYLIGHT,,,,,,,A,NO PEDESTRIANS INVOLVED,,A,22107,,1,EDES AV,2,,,A,E,10.0,98TH AVE,F,,A,7/30/2024 6:30:12 PM,1/30/2025 9:49:13 AM,,,2,,,,,,,
2965784,20-031222,2,False,0109,6/26/2020 3:35:00 PM,1535,35X,14,109,Oakland,1,True,True,C,REAR END,,Friday,,,,,False,False,False,,C,OTHER MOTOR VEHICLE,,0,0,A,DAYLIGHT,,,,,,,A,NO PEDESTRIANS INVOLVED,,A,22107,,1,HILLSIDE ST,2,,,A,E,50.0,90TH AV,F,,D,7/30/2024 6:30:11 PM,1/30/2025 9:49:13 AM,,,2,,,,,,,
2965781,20-033346,2,False,0109,7/8/2020 8:10:00 AM,810,05X,14,109,Oakland,1,True,True,D,BROADSIDE,,Wednesday,,,,,False,False,False,,C,OTHER MOTOR VEHICLE,,0,0,A,DAYLIGHT,,,,,,,A,NO PEDESTRIANS INVOLVED,,A,21801A,,1,WEST GRAND AV,1,,,A,,,ADELINE ST,,,A,7/30/2024 6:30:11 PM,1/30/2025 9:49:12 AM,,,2,,,,,,,
2965777,20-031725,2,False,0109,6/29/2020 12:09:00 PM,1209,27X,14,109,Oakland,1,True,True,C,REAR END,,Monday,,,M,,False,False,False,,E,PARKED MOTOR VEHICLE,,0,0,A,DAYLIGHT,,,,,,,A,NO PEDESTRIANS INVOLVED,,A,22106,,1,44TH AV,2,,,A,N,400.0,INTERNATIONAL BL,F,,A,7/30/2024 6:30:10 PM,1/30/2025 9:49:12 AM,,,2,,,,,,,
2965773,20-028775,2,False,0109,6/12/2020 3:19:00 PM,1519,30X,14,109,Oakland,1,True,True,D,BROADSIDE,,Friday,,,M,,False,False,True,,C,OTHER MOTOR VEHICLE,,0,0,A,DAYLIGHT,,,,,,,A,NO PEDESTRIANS INVOLVED,,A,22350,,1,MACARTHUR BL,2,,,A,,,73RD AV,,,A,7/30/2024 6:30:09 PM,1/30/2025 9:49:12 AM,,,2,,,,,,,
2965772,20-031497,2,False,0109,6/28/2020 7:58:00 AM,758,24X,14,109,Oakland,1,True,True,C,REAR END,,Sunday,,,M,,False,False,False,,E,PARKED MOTOR VEHICLE,,0,0,A,DAYLIGHT,,,,,,,A,NO PEDESTRIANS INVOLVED,,A,22107,,1,FOOTHILL BL,2,,,A,W,10.0,HARRINGTON AV,F,,D,7/30/2024 6:30:09 PM,1/30/2025 9:49:12 AM,,,2,,,,,,,
2965770,20-032252,2,False,0109,7/2/2020 1:00:00 AM,100,31Y,14,109,Oakland,1,True,True,A,HEAD-ON,,Thursday,,,F,,False,False,False,,C,OTHER MOTOR VEHICLE,,1,0,C,DARK-STREET LIGHTS,,,,,,,A,NO PEDESTRIANS INVOLVED,,A,22107,,1,ENTERPRISE WY,2,,,A,W,150.0,85TH AV,F,,A,7/30/2024 6:30:09 PM,1/30/2025 9:49:12 AM,,,2,,,,,,,
2965768,20-030130,2,False,0109,6/20/2020 3:57:00 PM,1557,17X,14,109,Oakland,1,True,True,D,BROADSIDE,,Saturday,,,,,False,False,False,,C,OTHER MOTOR VEHICLE,,0,0,A,DAYLIGHT,,,,,,,A,NO PEDESTRIANS INVOLVED,,A,21453A,,1,8TH AV,1,,,A,,,E 18TH AVE,,,A,7/30/2024 6:30:09 PM,1/30/2025 9:49:12 AM,,,2,,,,,,,
2965767,20-032181,2,False,0109,7/1/2020 3:23:00 PM,1523,27X,14,109,Oakland,1,True,True,A,HEAD-ON,,Wednesday,,,M,,False,False,False,,C,OTHER MOTOR VEHICLE,,2,0,A,DAYLIGHT,,,,,,,A,NO PEDESTRIANS INVOLVED,,A,21655B,,1,INTERNATIONAL BL,2,,,A,,,54TH AV,,,A,7/30/2024 6:30:09 PM,1/30/2025 9:49:12 AM,,,2,,,,,,,
2965764,20-028047,2,False,0109,6/8/2020 12:38:00 PM,1238,31X,14,109,Oakland,1,True,True,D,BROADSIDE,,Monday,,,,,False,False,False,,,,,1,0,A,DAYLIGHT,,,,,,,A,NO PEDESTRIANS INVOLVED,,A,21453A,,,66TH AV,2,,,A,,,COLISEUM WY,,,A,7/30/2024 6:30:08 PM,1/30/2025 9:49:11 AM,,,2,,,,,,,
2965763,20-031235,2,False,0109,6/26/2020 4:29:00 PM,1629,23X,14,109,Oakland,1,True,True,G,VEHICLE/PEDESTRAIN,,Friday,,,M,,False,False,False,,B,PEDESTRIAN,,1,0,A,DAYLIGHT,,,,,,,B,CROSSING IN CROSS WALK AT INTERSECTION,,A,21950A,,1,38TH AV,2,,,A,,,INTERNATIONAL BL,,,A,7/30/2024 6:30:08 PM,1/30/2025 9:49:11 AM,,,2,,,,,,,
2965760,20-028467,2,False,0109,6/10/2020 8:28:00 PM,2028,29X,14,109,Oakland,1,True,True,D,BROADSIDE,,Wednesday,,,M,,False,False,False,,C,OTHER MOTOR VEHICLE,,2,0,C,DARK-STREET LIGHTS,,,,,,,A,NO PEDESTRIANS INVOLVED,,A,22450A,,1,MACARTHUR BL,2,,,A,,,69TH AV,,,D,7/30/2024 6:30:07 PM,1/30/2025 9:49:11 AM,,,2,,,,,,,
2965757,20-031390,2,False,0109,6/27/2020 3:01:00 PM,1501,35X,14,109,Oakland,1,True,True,B,SIDE SWIPE,,Saturday,,,M,,False,False,False,,C,OTHER MOTOR VEHICLE,,0,0,A,DAYLIGHT,,,,,,,A,NO PEDESTRIANS INVOLVED,,A,22107,,1,MACARTHUR BL,2,,,A,W,5.0,ALVINGROOM CT,F,,A,7/30/2024 6:30:07 PM,1/30/2025 9:49:11 AM,,,2,,,,,,,
2965756,20-034290,2,False,0109,7/13/2020 12:35:00 PM,1235,29X,14,109,Oakland,1,True,True,H,OTHER,,Monday,,,M,,False,False,True,,E,PARKED MOTOR VEHICLE,,0,0,A,DAYLIGHT,,,,,,,A,NO PEDESTRIANS INVOLVED,,A,22350,,1,SEMINARY AV,2,,,A,N,160.0,LAIRD AV,F,,D,7/30/2024 6:30:07 PM,1/30/2025 9:49:11 AM,,,2,,,,,,,
2965254,20-031990,2,False,0109,6/30/2020 7:31:00 PM,1931,33X,14,109,Oakland,1,True,True,D,BROADSIDE,,Tuesday,,,,,False,False,True,,D,MOTOR VEHICLE ON OTHER ROADWAY,,0,0,A,DAYLIGHT,,,,,,,A,NO PEDESTRIANS INVOLVED,,A,21453A,,1,INTERNATIONAL BL,2,,,A,,,96TH ST,,,A,7/30/2024 6:28:50 PM,1/30/2025 9:48:42 AM,,,2,,,,,,,
2965209,20-027785,2,False,0109,6/6/2020 2:57:00 AM,257,32X,14,109,Oakland,1,True,True,C,REAR END,,Saturday,,,M,,False,False,False,,E,PARKED MOTOR VEHICLE,,0,0,A,DAYLIGHT,,,,,,,A,NO PEDESTRIANS INVOLVED,,A,22107,,1,PLYMOUTH ST,2,,,A,W,12.0,98TH AV,F,,A,7/30/2024 6:28:44 PM,1/30/2025 9:48:40 AM,,,2,,,,,,,
2965208,20-034354,2,False,0109,6/30/2020 12:51:00 PM,1251,31X,14,109,Oakland,1,True,True,H,OTHER,,Tuesday,,,,,False,False,False,,J,OTHER OBJECT,,0,0,A,DAYLIGHT,,,,,,,A,NO PEDESTRIANS INVOLVED,,A,,,1,HEGENBERGER LOOP,2,,,A,,,HEGENBERGER CT,,,A,7/30/2024 6:28:44 PM,1/30/2025 9:48:40 AM,,,2,,,,,,,
2965207,20-028493,2,False,0109,6/11/2020 12:06:00 AM,6,17X,14,109,Oakland,1,True,True,C,REAR END,,Thursday,,,M,,False,False,True,,C,OTHER MOTOR VEHICLE,,0,0,C,DARK-STREET LIGHTS,,,,,,,A,NO PEDESTRIANS INVOLVED,,A,22107,,1,E 18TH ST,1,,,A,W,100.0,11TH AV,F,,D,7/30/2024 6:28:44 PM,1/30/2025 9:48:40 AM,,,2,,,,,,,
2965206,20-031957,2,False,0109,6/30/2020 4:47:00 PM,1647,07X,14,109,Oakland,1,True,True,C,REAR END,,Tuesday,,,,,False,False,False,,C,OTHER MOTOR VEHICLE,,0,0,A,DAYLIGHT,,,,,,,A,NO PEDESTRIANS INVOLVED,,A,22106,,1,HELEN ST,1,,,A,,,PERALTA ST,,,A,7/30/2024 6:28:43 PM,1/30/2025 9:48:40 AM,,,2,,,,,,,
2965205,20-028649,2,False,0109,6/11/2020 8:28:00 PM,2028,33X,14,109,Oakland,1,True,True,B,SIDE SWIPE,,Thursday,,,,,False,False,False,,C,OTHER MOTOR VEHICLE,,0,0,B,DUSK-DAWN,,,,,,,A,NO PEDESTRIANS INVOLVED,,A,22107,,1,INTERNATIONAL BL,2,,,A,,,94TH AV,,,A,7/30/2024 6:28:43 PM,1/30/2025 9:48:40 AM,,,2,,,,,,,
2965204,20-030502,2,False,0109,6/22/2020 10:22:00 PM,2222,30Y,14,109,Oakland,1,True,True,E,HIT OBJECT,,Monday,,,,,False,False,False,,I,FIXED OBJECT,,0,0,C,DARK-STREET LIGHTS,,,,,,,A,NO PEDESTRIANS INVOLVED,,A,22107,,1,CHURCH ST,2,,,A,S,89.0,FOOTHILL BL,F,,D,7/30/2024 6:28:43 PM,1/30/2025 9:48:39 AM,,,2,,,,,,,
2965203,20-032032,2,False,0109,6/30/2020 11:27:00 PM,2327,31Y,14,109,Oakland,1,True,True,A,HEAD-ON,,Tuesday,,,M,,False,False,False,,E,PARKED MOTOR VEHICLE,,0,0,C,DARK-STREET LIGHTS,,,,,,,A,NO PEDESTRIANS INVOLVED,,A,22107,,1,CLARA ST,2,,,A,S,25.0,WALTER AV,F,,D,7/30/2024 6:28:43 PM,1/30/2025 9:48:39 AM,,,2,,,,,,,
2965180,20-032568,2,False,0109,7/3/2020 11:30:00 PM,2330,31X,14,109,Oakland,1,True,True,E,HIT OBJECT,,Friday,,,,,False,False,True,,I,FIXED OBJECT,,0,0,C,DARK-STREET LIGHTS,,,,,,,A,NO PEDESTRIANS INVOLVED,,A,22107,,1,98TH AV,2,,,D,,,EDES AV,,,A,7/30/2024 6:28:40 PM,1/30/2025 9:48:38 AM,,,2,,,,,,,
2965179,20-033091,2,False,0109,7/7/2020 12:08:00 AM,8,25X,14,109,Oakland,1,True,True,F,OVERTURNED,,Tuesday,,,,,False,False,True,,I,FIXED OBJECT,,0,0,C,DARK-STREET LIGHTS,,,,,,,A,NO PEDESTRIANS INVOLVED,,A,22107,,1,MACARTHUR BL,2,,,A,W,50.0,MAYBELLE AV,F,,A,7/30/2024 6:28:40 PM,1/30/2025 9:48:38 AM,,,2,,,,,,,
2965178,20-033351,2,False,0109,7/8/2020 7:39:00 AM,739,05Y,14,109,Oakland,1,True,True,A,HEAD-ON,,Wednesday,,,M,,False,False,False,,I,FIXED OBJECT,,0,0,A,DAYLIGHT,,,,,,,A,NO PEDESTRIANS INVOLVED,,A,22107,,1,WOOD ST,1,,,A,N,33.0,17TH ST,F,,A,7/30/2024 6:28:40 PM,1/30/2025 9:48:38 AM,,,2,,,,,,,
2965045,20-021161,2,False,0109,4/26/2020 11:43:00 PM,2343,21X,14,109,Oakland,1,True,True,D,BROADSIDE,,Sunday,,,M,,False,False,False,,C,OTHER MOTOR VEHICLE,,0,0,C,DARK-STREET LIGHTS,,,,,,,A,NO PEDESTRIANS INVOLVED,,A,23152A,,1,FOOTHILL BL,1,,,A,,,FRUITVALE AV,,,A,7/30/2024 6:28:21 PM,1/30/2025 9:48:30 AM,,,2,,,,,,,
2965044,20-021327,2,False,0109,4/27/2020 9:15:00 PM,2115,26Y,14,109,Oakland,1,True,True,C,REAR END,,Monday,,,,,False,False,True,,C,OTHER MOTOR VEHICLE,,0,0,C,DARK-STREET LIGHTS,,,,,,,A,NO PEDESTRIANS INVOLVED,,A,23152A,,1,INTERNATION BL,2,,,A,W,5.0,73RD AV,F,,A,7/30/2024 6:28:21 PM,1/30/2025 9:48:30 AM,,,2,,,,,,,
2965043,20-020018,2,False,0109,4/19/2020 9:59:00 PM,2159,06X,14,109,Oakland,1,True,True,C,REAR END,,Sunday,,,M,,False,False,False,,E,PARKED MOTOR VEHICLE,,0,0,A,DAYLIGHT,,,,,,,A,NO PEDESTRIANS INVOLVED,,A,22106,,1,37TH ST,1,,,A,E,100.0,MARKET ST,F,,A,7/30/2024 6:28:21 PM,1/30/2025 9:48:30 AM,,,2,,,,,,,
2964974,20-033117,2,False,0109,7/7/2020 7:10:00 AM,710,02,14,109,Oakland,1,True,True,B,SIDE SWIPE,,Tuesday,,,,,False,False,True,,C,OTHER MOTOR VEHICLE,,2,0,A,DAYLIGHT,,,,,,,A,NO PEDESTRIANS INVOLVED,,A,21801A,,1,7THS T,1,,,A,,,MARKET ST,,,A,7/30/2024 6:28:12 PM,1/30/2025 9:48:26 AM,,,2,,,,,,,
2964973,20-033275,2,False,0109,7/7/2020 7:54:00 PM,1954,11,14,109,Oakland,1,True,True,C,REAR END,,Tuesday,,,,,False,False,True,,C,OTHER MOTOR VEHICLE,,2,0,A,DAYLIGHT,,,,,,,B,CROSSING IN CROSS WALK AT INTERSECTION,,A,22350,,1,SHATTUCK AV,1,,,A,,,59TH ST,,,A,7/30/2024 6:28:12 PM,1/30/2025 9:48:26 AM,,,2,,,,,,,
2964972,20-033673,2,False,0109,7/9/2020 6:45:00 PM,1845,29,14,109,Oakland,1,True,True,D,BROADSIDE,,Thursday,,,,,False,False,False,,C,OTHER MOTOR VEHICLE,,3,0,A,DAYLIGHT,,,,,,,A,NO PEDESTRIANS INVOLVED,,A,22450A,,1,SEMINARY AV,2,,,A,,,OVERDALE AV,,,A,7/30/2024 6:28:12 PM,1/30/2025 9:48:26 AM,,,2,,,,,,,
2964971,20-033675,2,False,0109,7/9/2020 7:12:00 PM,1912,29,14,109,Oakland,1,True,True,C,REAR END,,Thursday,,,,,False,False,True,,C,OTHER MOTOR VEHICLE,,3,0,A,DAYLIGHT,,,,,,,A,NO PEDESTRIANS INVOLVED,,A,21801A,,1,MACARTHUR BL,2,,,A,,,64TH AV,,,A,7/30/2024 6:28:12 PM,1/30/2025 9:48:26 AM,,,2,,,,,,,
2964970,20-032678,2,False,0109,7/4/2020 8:13:00 PM,2013,30,14,109,Oakland,1,True,True,D,BROADSIDE,,Saturday,,,,,False,False,True,,C,OTHER MOTOR VEHICLE,,3,0,B,DUSK-DAWN,,,,,,,A,NO PEDESTRIANS INVOLVED,,A,22450A,,1,HOLLY ST,2,,,A,,,80TH AV,,,A,7/30/2024 6:28:11 PM,1/30/2025 9:48:26 AM,,,2,,,,,,,
2964969,20-033472,2,False,0109,7/8/2020 8:41:00 PM,2041,11,14,109,Oakland,1,True,True,G,VEHICLE/PEDESTRAIN,,Wednesday,,,,,False,False,False,,B,PEDESTRIAN,,1,0,A,DAYLIGHT,,,,,,,B,CROSSING IN CROSS WALK AT INTERSECTION,,A,21456B,,1,ALCATRAZ AV,1,,,A,,,TELEGRAPH AV,,,A,7/30/2024 6:28:11 PM,1/30/2025 9:48:26 AM,,,2,,,,,,,
2964901,20-024913,2,False,0109,5/19/2020 5:18:00 PM,1718,21Y,14,109,Oakland,1,True,True,D,BROADSIDE,,Tuesday,,,,,False,False,False,,C,OTHER MOTOR VEHICLE,,0,0,A,DAYLIGHT,,,,,,,A,NO PEDESTRIANS INVOLVED,,A,,,1,FRUITVALE AV,1,,,A,N,12.0,BONA ST,F,,D,7/30/2024 6:27:59 PM,1/30/2025 9:48:22 AM,,,2,,,,,,,
2964900,20-022864,2,False,0109,5/7/2020 12:24:00 AM,24,29X,14,109,Oakland,1,True,True,B,SIDE SWIPE,,Thursday,,,M,,False,False,False,,E,PARKED MOTOR VEHICLE,,0,0,C,DARK-STREET LIGHTS,,,,,,,A,NO PEDESTRIANS INVOLVED,,A,23152A,,1,CAMDEN ST,2,,,A,E,75.0,60TH AV,F,,D,7/30/2024 6:27:59 PM,1/30/2025 9:48:22 AM,,,2,,,,,,,
2964888,20-026073,2,False,0109,5/26/2020 2:39:00 PM,1439,16X,14,109,Oakland,1,True,True,C,REAR END,,Tuesday,,,M,,False,False,False,,E,PARKED MOTOR VEHICLE,,0,0,A,DAYLIGHT,,,,,,,A,NO PEDESTRIANS INVOLVED,,A,22107,,1,MACARTHUR BL,1,,,A,E,25.0,MONTANA ST,F,,D,7/30/2024 6:27:58 PM,1/30/2025 9:48:21 AM,,,2,,,,,,,
2964885,20-026921,2,False,0109,5/31/2020 4:00:00 PM,1600,33X,14,109,Oakland,1,True,True,C,REAR END,,Sunday,,,M,,False,False,False,,C,OTHER MOTOR VEHICLE,,0,0,A,DAYLIGHT,,,,,,,A,NO PEDESTRIANS INVOLVED,,A,22350,,1,94TH AV,2,,,A,,,INTERNATIONAL BL,,,A,7/30/2024 6:27:58 PM,1/30/2025 9:48:21 AM,,,2,,,,,,,
2964830,20-033793,2,False,0109,7/10/2020 12:10:00 PM,1210,26,14,109,Oakland,1,True,True,G,VEHICLE/PEDESTRAIN,,Friday,,,M,,False,False,False,,B,PEDESTRIAN,,1,0,A,DAYLIGHT,,,,,,,F,NOT IN ROAD,,A,22107,,1,47TH AV,2,,,A,N,25.0,SAN LEANDRO ST,F,,D,7/30/2024 6:27:49 PM,1/30/2025 9:48:18 AM,,,2,,,,,,,
2964829,20-034142,2,False,0109,7/12/2020 1:38:00 PM,1338,19X,14,109,Oakland,1,True,True,B,SIDE SWIPE,,Sunday,,,F,,False,False,False,,C,OTHER MOTOR VEHICLE,,0,0,A,DAYLIGHT,,,,,,,A,NO PEDESTRIANS INVOLVED,,A,21802A,,1,E 15TH ST,1,,,A,,,3RD AV,,,D,7/30/2024 6:27:49 PM,1/30/2025 9:48:17 AM,,,2,,,,,,,