collision-id,report-number,report-version,is-preliminary,ncic-code,crash-date-time,crash-time-description,beat,city-id,city-code,city-name,county-code,city-is-active,city-is-incorporated,collision-type-code,collision-type-description,collision-type-other-desc,day-of-week,dispatch-notified,has-photographs,hit-run,is-attachments-mailed,is-deleted,is-highway-related,is-tow-away,judicial-district,motor-vehicle-involved-with-code,motor-vehicle-involved-with-desc,motor-vehicle-involved-with-other-desc,number-injured,number-killed,lighting-code,lighting-description,latitude,longitude,milepost-direction,milepost-distance,milepost-marker,milepost-unit-of-measure,pedestrian-action-code,pedestrian-action-desc,prepared-date,primary-collision-factor-code,primary-collision-factor-description,primary-collision-factor-is-cited,primary-collision-party-number,primary-road,reporting-district,reporting-district-code,reviewed-date,roadway-surface-code,secondary-direction,secondary-distance,secondary-road,secondary-unit-of-measure,sketch-desc,traffic-control-device-code,created-date,modified-date,is-county-road,is-freeway,chp-555-version,is-additonal-object-struck,notification-date,notification-time-description,has-digital-media-files,evidence-number,is-location-refer-to-narrative,is-aoi-one-same-as-location
3024731,20-056442,2,False,0109,11/16/2020 3:27:00 PM,1527,03Y,14,109,Oakland,1,True,True,C,REAR END,,Monday,,,,,False,False,False,,C,OTHER MOTOR VEHICLE,,0,0,A,DAYLIGHT,,,,,,,A,NO PEDESTRIANS INVOLVED,,A,22350,,1,CASTRO ST,1,,,A,N,20.0,11TH ST,F,,A,7/31/2024 11:35:44 AM,1/30/2025 1:31:58 PM,,,2,,,,,,,
3024729,20-056068,2,False,0109,11/14/2020 7:50:00 AM,750,29X,14,109,Oakland,1,True,True,D,BROADSIDE,,Saturday,,,,,False,False,True,,E,PARKED MOTOR VEHICLE,,0,0,A,DAYLIGHT,,,,,,,A,NO PEDESTRIANS INVOLVED,,A,22107,,1,CAMDEN ST,2,,,B,E,35.0,SEMINARY AV,F,,D,7/31/2024 11:35:44 AM,1/30/2025 1:31:58 PM,,,2,,,,,,,
3024377,20-056773,2,False,0109,11/17/2020 11:40:00 AM,1140,31X,14,109,Oakland,1,True,True,C,REAR END,,Tuesday,,,,,False,False,False,,C,OTHER MOTOR VEHICLE,,0,0,A,DAYLIGHT,,,,,,,A,NO PEDESTRIANS INVOLVED,,A,22350,,1,EDGEWATER DR,2,,,A,W,70.0,HEGENBERGER RD,F,,A,7/31/2024 11:35:17 AM,1/30/2025 1:31:45 PM,,,2,,,,,,,
3024310,20-057638,2,False,0109,11/23/2020 5:15:00 PM,1715,17X,14,109,Oakland,1,True,True,D,BROADSIDE,,Monday,,,M,,False,False,True,,C,OTHER MOTOR VEHICLE,,0,0,A,DAYLIGHT,,,,,,,A,NO PEDESTRIANS INVOLVED,,A,21801A,,1,MACARTHUR BL,1,,,A,,,PARK AV,,,A,7/31/2024 11:35:13 AM,1/30/2025 1:31:43 PM,,,2,,,,,,,
3024309,20-055846,2,False,0109,11/13/2020 1:03:00 AM,103,27X,14,109,Oakland,1,True,True,D,BROADSIDE,,Friday,,,M,,False,False,False,,C,OTHER MOTOR VEHICLE,,0,0,C,DARK-STREET LIGHTS,,,,,,,A,NO PEDESTRIANS INVOLVED,,A,22107,,1,FREMONT WY,2,,,A,S,30.0,FOOTHILL BL,F,,A,7/31/2024 11:35:13 AM,1/30/2025 1:31:43 PM,,,2,,,,,,,
3024308,20-055633,2,False,0109,11/11/2020 4:45:00 PM,1645,27X,14,109,Oakland,1,True,True,C,REAR END,,Wednesday,,,M,,False,False,False,,C,OTHER MOTOR VEHICLE,,0,0,A,DAYLIGHT,,,,,,,A,NO PEDESTRIANS INVOLVED,,A,22106,,1,INTERNATIONAL BL,2,,,A,W,20.0,50TH AV,F,,D,7/31/2024 11:35:13 AM,1/30/2025 1:31:43 PM,,,2,,,,,,,
3024077,20-044134,2,False,0109,9/4/2020 9:12:00 PM,2112,20X,14,109,Oakland,1,True,True,A,HEAD-ON,,Friday,,,M,,False,False,False,,C,OTHER MOTOR VEHICLE,,1,0,,,,,,,,,A,NO PEDESTRIANS INVOLVED,,A,22450A,,1,27TH AV,1,,,A,,,FOOTHILL BL,,,A,7/31/2024 11:34:58 AM,1/30/2025 1:31:37 PM,,,2,,,,,,,
3024074,20-046236,2,False,0109,9/17/2020 1:33:00 PM,1333,26X,14,109,Oakland,1,True,True,A,HEAD-ON,,Thursday,,,,,False,False,False,,C,OTHER MOTOR VEHICLE,,2,0,A,DAYLIGHT,,,,,,,A,NO PEDESTRIANS INVOLVED,,A,21804A,,1,SAN LEANDRO ST,2,,,A,W,200.0,66TH AV,F,,A,7/31/2024 11:34:57 AM,1/30/2025 1:31:36 PM,,,2,,,,,,,
3024068,20-047640,2,False,0109,9/25/2020 1:03:00 PM,1303,27X,14,109,Oakland,1,True,True,D,BROADSIDE,,Friday,,,,,False,False,True,,C,OTHER MOTOR VEHICLE,,1,0,A,DAYLIGHT,,,,,,,A,NO PEDESTRIANS INVOLVED,,A,22107,,1,FOOTHILL BL,2,,,A,S,20.0,50TH AV,F,,A,7/31/2024 11:34:57 AM,1/30/2025 1:31:36 PM,,,2,,,,,,,
3024056,20-011616,2,False,0109,2/29/2020 12:02:00 AM,2,20X,14,109,Oakland,1,True,True,B,SIDE SWIPE,,Saturday,,,F,,False,False,False,,E,PARKED MOTOR VEHICLE,,0,0,C,DARK-STREET LIGHTS,,,,,,,A,NO PEDESTRIANS INVOLVED,,A,22107,,1,27TH AV,1,,,A,N,150.0,E 17TH ST,F,,D,7/31/2024 11:34:56 AM,1/30/2025 1:31:36 PM,,,2,,,,,,,
3024050,20-047616,2,False,0109,9/25/2020 9:47:00 AM,947,30X,14,109,Oakland,1,True,True,C,REAR END,,Friday,,,,,False,False,False,,C,OTHER MOTOR VEHICLE,,1,0,A,DAYLIGHT,,,,,,,A,NO PEDESTRIANS INVOLVED,,A,22350,,1,73RD AV,2,,,A,S,15.0,MACARTHUR BL,F,,A,7/31/2024 11:34:56 AM,1/30/2025 1:31:36 PM,,,2,,,,,,,
3024044,20-051270,2,False,0109,10/17/2020 9:50:00 AM,950,23X,14,109,Oakland,1,True,True,G,VEHICLE/PEDESTRAIN,,Saturday,,,,,False,False,False,,B,PEDESTRIAN,,1,0,A,DAYLIGHT,,,,,,,B,CROSSING IN CROSS WALK AT INTERSECTION,,A,21950A,,1,33RDNAV,2,,,A,,,FARNAM ST,,,A,7/31/2024 11:34:55 AM,1/30/2025 1:31:36 PM,,,2,,,,,,,
3024041,20-051124,2,False,0109,10/16/2020 8:22:00 PM,2022,26X,14,109,Oakland,1,True,True,B,SIDE SWIPE,,Friday,,,,,False,False,True,,C,OTHER MOTOR VEHICLE,,0,0,A,DAYLIGHT,,,,,,,A,NO PEDESTRIANS INVOLVED,,A,22350,,1,INTERNATIONAL BL,2,,,A,,,46TH AV,,,A,7/31/2024 11:34:55 AM,1/30/2025 1:31:36 PM,,,2,,,,,,,
3024030,20-058152,2,False,0109,11/26/2020 3:27:00 PM,1527,26X,14,109,Oakland,1,True,True,C,REAR END,,Thursday,,,M,,False,False,False,,C,OTHER MOTOR VEHICLE,,1,0,A,DAYLIGHT,,,,,,,A,NO PEDESTRIANS INVOLVED,,A,22350,,1,INTERNATIONAL BL,2,,,A,W,200.0,53RD AV,F,,A,7/31/2024 11:34:54 AM,1/30/2025 1:31:35 PM,,,2,,,,,,,
3024025,20-030013,2,False,0109,6/19/2020 10:23:00 PM,2223,31X,14,109,Oakland,1,True,True,A,HEAD-ON,,Friday,,,,,False,False,False,,C,OTHER MOTOR VEHICLE,,0,0,C,DARK-STREET LIGHTS,,,,,,,A,NO PEDESTRIANS INVOLVED,,A,22350,,1,EMPIRE RD,2,,,A,W,403.0,WISTAR RD,F,,D,7/31/2024 11:34:54 AM,1/30/2025 1:31:35 PM,,,2,,,,,,,
3024021,19-066037,2,False,0109,12/19/2020 6:32:00 PM,1832,06X,14,109,Oakland,1,True,True,B,SIDE SWIPE,,Saturday,,,,,False,False,False,,G,BICYCLE,,1,0,C,DARK-STREET LIGHTS,,,,,,,A,NO PEDESTRIANS INVOLVED,,D,22107,,1,40TH ST,1,,,A,W,700.0,MARTIN LUTHER KING JR WY,F,,C,7/31/2024 11:34:54 AM,1/30/2025 1:31:35 PM,,,2,,,,,,,
3024018,20-045327,2,False,0109,9/12/2020 12:56:00 AM,56,03Y,14,109,Oakland,1,True,True,H,OTHER,,Saturday,,,M,,False,False,False,,C,OTHER MOTOR VEHICLE,,1,0,B,DUSK-DAWN,,,,,,,A,NO PEDESTRIANS INVOLVED,,A,22107,,1,10TH ST,1,,,A,W,10.0,CLAY ST,F,,A,7/31/2024 11:34:54 AM,1/30/2025 1:31:35 PM,,,2,,,,,,,
3024011,20-058857,2,False,0109,12/1/2020 11:16:00 AM,1116,31X,14,109,Oakland,1,True,True,D,BROADSIDE,,Tuesday,,,M,,False,False,False,,C,OTHER MOTOR VEHICLE,,0,0,A,DAYLIGHT,,,,,,,A,NO PEDESTRIANS INVOLVED,,A,21453A,,1,98TH AV,2,,,A,,,RT 880,,,A,7/31/2024 11:34:53 AM,1/30/2025 1:31:35 PM,,,2,,,,,,,
3024009,20-048692,2,False,0109,10/1/2020 4:10:00 PM,1610,26X,14,109,Oakland,1,True,True,B,SIDE SWIPE,,Thursday,,,,,False,False,True,,C,OTHER MOTOR VEHICLE,,1,0,A,DAYLIGHT,,,,,,,A,NO PEDESTRIANS INVOLVED,,A,22450A,,1,HAMILTON ST,2,,,A,S,20.0,75TH AV,F,,D,7/31/2024 11:34:53 AM,1/30/2025 1:31:35 PM,,,2,,,,,,,
3024006,20-028847,2,False,0109,6/13/2020 5:52:00 AM,552,31Y,14,109,Oakland,1,True,True,B,SIDE SWIPE,,Saturday,,,,,False,False,True,,E,PARKED MOTOR VEHICLE,,1,0,B,DUSK-DAWN,,,,,,,A,NO PEDESTRIANS INVOLVED,,A,22107,,1,98TH AV,2,,,A,S,150.0,MADDUX DR,F,,D,7/31/2024 11:34:53 AM,1/30/2025 1:31:35 PM,,,2,,,,,,,
3023968,20-058972,2,False,0109,12/1/2020 9:10:00 PM,2110,02X,14,109,Oakland,1,True,True,H,OTHER,,Tuesday,,,,,False,False,False,,E,PARKED MOTOR VEHICLE,,0,0,C,DARK-STREET LIGHTS,,,,,,,A,NO PEDESTRIANS INVOLVED,,A,22106,,1,UNION ST,1,,,A,S,100.0,12TH ST,F,,D,7/31/2024 11:34:50 AM,1/30/2025 1:31:33 PM,,,2,,,,,,,
3021781,20-050764,2,False,0109,10/14/2020 2:54:00 PM,1454,02Y,14,109,Oakland,1,True,True,C,REAR END,,Wednesday,,,,,False,False,True,,C,OTHER MOTOR VEHICLE,,1,0,A,DAYLIGHT,,,,,,,A,NO PEDESTRIANS INVOLVED,,A,,,1,7TH ST,1,,,A,,,WILLOW ST,,,A,7/31/2024 11:32:17 AM,1/30/2025 1:30:29 PM,,,2,,,,,,,
3021776,20-052385,2,False,0109,10/23/2020 6:41:00 PM,1841,06X,14,109,Oakland,1,True,True,B,SIDE SWIPE,,Friday,,,,,False,False,False,,C,OTHER MOTOR VEHICLE,,0,0,C,DARK-STREET LIGHTS,,,,,,,,,,A,21802A,,1,MARTIN LUTHER KING JR WY,1,,,A,,,30TH AV,,,A,7/31/2024 11:32:17 AM,1/30/2025 1:30:29 PM,,,2,,,,,,,
3021766,20-031885,2,False,0109,6/30/2020 11:18:00 AM,1118,13X,14,109,Oakland,1,True,True,B,SIDE SWIPE,,Tuesday,,,,,False,False,False,,E,PARKED MOTOR VEHICLE,,0,0,A,DAYLIGHT,,,,,,,A,NO PEDESTRIANS INVOLVED,,A,22107,,1,MOUNTAIN BL,1,,,A,E,36.0,MERCED ST,F,,D,7/31/2024 11:32:16 AM,1/30/2025 1:30:29 PM,,,2,,,,,,,
3021765,20-041191,2,False,0109,8/19/2020 1:30:00 PM,1330,03X,14,109,Oakland,1,True,True,D,BROADSIDE,,Wednesday,,,,,False,False,False,,C,OTHER MOTOR VEHICLE,,2,0,A,DAYLIGHT,,,,,,,,,,A,23152A,,1,7TH ST,1,,,A,,,MARTIN LUTHER KING JR WY,,,A,7/31/2024 11:32:16 AM,1/30/2025 1:30:29 PM,,,2,,,,,,,
3021710,20-041557,2,False,0109,8/21/2020 4:00:00 PM,1600,19,14,109,Oakland,1,True,True,E,HIT OBJECT,,Friday,,,,,False,False,True,,I,FIXED OBJECT,,0,0,A,DAYLIGHT,,,,,,,A,NO PEDESTRIANS INVOLVED,,D,,,,FOOTHILL BL,3,,,A,,,FOOTHILL BL 1300,,,A,7/31/2024 11:32:12 AM,1/30/2025 1:30:27 PM,,,2,,,,,,,
3021182,20-055710,2,False,0109,11/12/2020 8:56:00 AM,856,03X,14,109,Oakland,1,True,True,B,SIDE SWIPE,,Thursday,,,,,False,False,False,,C,OTHER MOTOR VEHICLE,,0,0,A,DAYLIGHT,,,,,,,A,NO PEDESTRIANS INVOLVED,,A,22100A,,1,WEBSTER ST,1,,,A,S,10.0,7TH ST,F,,A,7/31/2024 11:31:37 AM,1/30/2025 1:30:13 PM,,,2,,,,,,,
3021177,20-058568,2,False,0109,11/29/2020 4:39:00 PM,1639,17X,14,109,Oakland,1,True,True,A,HEAD-ON,,Sunday,,,,,False,False,False,,C,OTHER MOTOR VEHICLE,,0,0,A,DAYLIGHT,,,,,,,A,NO PEDESTRIANS INVOLVED,,A,21453A,,1,E 18TH ST,1,,,A,,,5TH AV,,,A,7/31/2024 11:31:37 AM,1/30/2025 1:30:13 PM,,,2,,,,,,,
3020921,20-053619,2,False,0109,10/30/2020 7:50:00 PM,1950,17Y,14,109,Oakland,1,True,True,D,BROADSIDE,,Friday,,,,,False,True,True,,C,OTHER MOTOR VEHICLE,,3,0,C,DARK-STREET LIGHTS,,,,,,,A,NO PEDESTRIANS INVOLVED,,A,21801A,,1,BEAUMONT AV,1,,,A,,,MACARTHUR BL,,,A,7/31/2024 11:31:18 AM,1/30/2025 1:30:05 PM,,,2,,,,,,,
3020372,20-055959,2,False,0109,11/13/2020 7:20:00 PM,1920,13X,14,109,Oakland,1,True,True,A,HEAD-ON,,Friday,,,,,False,False,True,,J,OTHER OBJECT,,1,0,D,DARK-NO STREET LIGHTS,,,,,,,A,NO PEDESTRIANS INVOLVED,,A,22350,,1,SHEPHERD CANYON RD,1,,,B,S,500.0,ESCHER DR,F,,D,7/31/2024 11:30:37 AM,1/30/2025 1:29:50 PM,,,2,,,,,,,
3020371,20-056432,2,False,0109,11/16/2020 2:39:00 PM,1439,03X,14,109,Oakland,1,True,True,D,BROADSIDE,,Monday,,,,,False,False,False,,C,OTHER MOTOR VEHICLE,,1,0,A,DAYLIGHT,,,,,,,A,NO PEDESTRIANS INVOLVED,,A,21453A,,1,13TH ST,1,,,A,,,JACKSON ST,,,A,7/31/2024 11:30:37 AM,1/30/2025 1:29:50 PM,,,2,,,,,,,
3020368,20-056289,2,False,0109,11/15/2020 4:22:00 PM,1622,26X,14,109,Oakland,1,True,True,G,VEHICLE/PEDESTRAIN,,Sunday,,,,,False,False,False,,B,PEDESTRIAN,,2,0,B,DUSK-DAWN,,,,,,,B,CROSSING IN CROSS WALK AT INTERSECTION,,A,21950A,,1,INTERNATIONAL BL,2,,,A,,,HIGH ST,,,A,7/31/2024 11:30:37 AM,1/30/2025 1:29:50 PM,,,2,,,,,,,
3020338,20-055631,2,False,0109,11/11/2020 4:35:00 PM,1635,18Y,14,109,Oakland,1,True,True,B,SIDE SWIPE,,Wednesday,,,,,False,False,False,,C,OTHER MOTOR VEHICLE,,1,0,A,DAYLIGHT,,,,,,,A,NO PEDESTRIANS INVOLVED,,A,21453A,,1,14TH AV,1,,,A,,,E 31ST ST,,,A,7/31/2024 11:30:35 AM,1/30/2025 1:29:49 PM,,,2,,,,,,,
3020337,20-055161,2,False,0109,11/8/2020 9:06:00 PM,2106,26X,14,109,Oakland,1,True,True,G,VEHICLE/PEDESTRAIN,,Sunday,,,F,,False,False,False,,B,PEDESTRIAN,,1,0,C,DARK-STREET LIGHTS,,,,,,,D,CROSSING - NOT IN CROSSWALK,,A,21954A,,1,INTERNATIONAL BL,2,,,A,,,46TH AV,,,A,7/31/2024 11:30:35 AM,1/30/2025 1:29:49 PM,,,2,,,,,,,
3020336,20-057179,2,False,0109,11/20/2020 5:03:00 PM,1703,08X,14,109,Oakland,1,True,True,C,REAR END,,Friday,,,,,False,False,False,,C,OTHER MOTOR VEHICLE,,1,0,A,DAYLIGHT,,,,,,,A,NO PEDESTRIANS INVOLVED,,A,22350,,1,W MACARTHUR BL,1,,,A,,,LATIMER PL,,,A,7/31/2024 11:30:35 AM,1/30/2025 1:29:49 PM,,,2,,,,,,,
3020334,20-056369,2,False,0109,11/16/2020 8:01:00 AM,801,02X,14,109,Oakland,1,True,True,D,BROADSIDE,,Monday,,,,,False,False,False,,G,BICYCLE,,1,0,A,DAYLIGHT,,,,,,,A,NO PEDESTRIANS INVOLVED,,A,21202A,,1,7TH ST,1,,,A,W,60.0,FILBERT ST,F,,D,7/31/2024 11:30:35 AM,1/30/2025 1:29:49 PM,,,2,,,,,,,
3020333,20-055215,2,False,0109,11/9/2020 7:35:00 AM,735,21X,14,109,Oakland,1,True,True,G,VEHICLE/PEDESTRAIN,,Monday,,,,,False,False,False,,B,PEDESTRIAN,,1,0,A,DAYLIGHT,,,,,,,B,CROSSING IN CROSS WALK AT INTERSECTION,,A,21950A,,1,DAVIS ST,1,,,A,,,FRUITVALE AV,,,A,7/31/2024 11:30:35 AM,1/30/2025 1:29:49 PM,,,2,,,,,,,
3020332,20-054182,2,False,0109,11/2/2020 5:46:00 PM,1746,06X,14,109,Oakland,1,True,True,G,VEHICLE/PEDESTRAIN,,Monday,,,,,False,False,False,,B,PEDESTRIAN,,1,0,C,DARK-STREET LIGHTS,,,,,,,B,CROSSING IN CROSS WALK AT INTERSECTION,,A,21950A,,1,SAN PABLO AV,1,,,A,,,MEAD AV,,,B,7/31/2024 11:30:34 AM,1/30/2025 1:29:49 PM,,,2,,,,,,,
3020331,20-055801,2,False,0109,11/12/2020 5:52:00 PM,1752,19X,14,109,Oakland,1,True,True,D,BROADSIDE,,Thursday,,,,,False,False,False,,C,OTHER MOTOR VEHICLE,,1,0,C,DARK-STREET LIGHTS,,,,,,,A,NO PEDESTRIANS INVOLVED,,D,21453A,,,5TH ST,1,,,A,,,E 8TH ST,,,A,7/31/2024 11:30:34 AM,1/30/2025 1:29:49 PM,,,2,,,,,,,
3020329,20-055586,2,False,0109,11/11/2020 9:30:00 AM,930,08X,14,109,Oakland,1,True,True,D,BROADSIDE,,Wednesday,,,,,False,False,False,,C,OTHER MOTOR VEHICLE,,1,0,A,DAYLIGHT,,,,,,,A,NO PEDESTRIANS INVOLVED,,D,22107,,1,MANILA AV,1,,,A,,,40TH ST WY,,,A,7/31/2024 11:30:34 AM,1/30/2025 1:29:49 PM,,,2,,,,,,,
3020328,20-054032,2,False,0109,11/1/2020 10:28:00 PM,2228,02Y,14,109,Oakland,1,True,True,D,BROADSIDE,,Sunday,,,,,False,False,False,,C,OTHER MOTOR VEHICLE,,1,0,B,DUSK-DAWN,,,,,,,A,NO PEDESTRIANS INVOLVED,,A,21800B,,1,8TH ST,1,,,A,W,5.0,CHESTER ST,F,,A,7/31/2024 11:30:34 AM,1/30/2025 1:29:49 PM,,,2,,,,,,,
3019890,20-005373,2,False,0109,11/10/2020 8:00:00 AM,800,30X,14,109,Oakland,1,True,True,D,BROADSIDE,,Tuesday,,,,,False,False,False,,C,OTHER MOTOR VEHICLE,,0,0,A,DAYLIGHT,,,,,,,A,NO PEDESTRIANS INVOLVED,,A,21453A,,,BANCROFT AV,2,,,A,,,73RD AV,,,A,7/31/2024 11:30:06 AM,1/30/2025 1:29:36 PM,,,2,,,,,,,
3019887,20-048806,2,False,0109,10/2/2020 11:40:00 AM,1140,30X,14,109,Oakland,1,True,True,C,REAR END,,Friday,,,,,False,False,False,,C,OTHER MOTOR VEHICLE,,0,0,A,DAYLIGHT,,,,,,,A,NO PEDESTRIANS INVOLVED,,D,,,,73RD AV,2,,,A,,,GARFIELD AV,,,A,7/31/2024 11:30:06 AM,1/30/2025 1:29:36 PM,,,2,,,,,,,
3019883,20-055957,2,False,0109,11/13/2020 6:36:00 PM,1836,11X,14,109,Oakland,1,True,True,D,BROADSIDE,,Friday,,,,,False,False,True,,C,OTHER MOTOR VEHICLE,,1,0,C,DARK-STREET LIGHTS,,,,,,,A,NO PEDESTRIANS INVOLVED,,A,21453A,,1,TELEGRAPH AV,1,,,B,,,56TH ST,,,A,7/31/2024 11:30:05 AM,1/30/2025 1:29:36 PM,,,2,,,,,,,
3019882,20-050815,2,False,0109,10/14/2020 7:32:00 PM,1932,02X,14,109,Oakland,1,True,True,D,BROADSIDE,,Wednesday,,,,,False,False,False,,C,OTHER MOTOR VEHICLE,,0,0,C,DARK-STREET LIGHTS,,,,,,,A,NO PEDESTRIANS INVOLVED,,A,21453A,,1,UNION ST,1,,,A,,,7TH ST,,,A,7/31/2024 11:30:05 AM,1/30/2025 1:29:36 PM,,,2,,,,,,,
3019879,20-055874,2,False,0109,11/13/2020 8:08:00 AM,808,03X,14,109,Oakland,1,True,True,B,SIDE SWIPE,,Friday,,,,,False,False,False,,C,OTHER MOTOR VEHICLE,,0,0,A,DAYLIGHT,,,,,,,A,NO PEDESTRIANS INVOLVED,,A,22107,,1,WEBSTER ST,1,,,A,,,6TH ST,,,D,7/31/2024 11:30:05 AM,1/30/2025 1:29:36 PM,,,2,,,,,,,
3019878,20-050944,2,False,0109,10/15/2020 1:37:00 PM,1337,23X,14,109,Oakland,1,True,True,D,BROADSIDE,,Thursday,,,,,False,False,False,,C,OTHER MOTOR VEHICLE,,0,0,A,DAYLIGHT,,,,,,,A,NO PEDESTRIANS INVOLVED,,A,22350,,1,E 16TH ST,1,,,A,W,30.0,34TH AV,F,,D,7/31/2024 11:30:05 AM,1/30/2025 1:29:36 PM,,,2,,,,,,,
3019875,20-050169,2,False,0109,10/10/2020 11:21:00 AM,1121,23X,14,109,Oakland,1,True,True,B,SIDE SWIPE,,Saturday,,,,,False,False,False,,C,OTHER MOTOR VEHICLE,,1,0,A,DAYLIGHT,,,,,,,A,NO PEDESTRIANS INVOLVED,,A,21750,,1,INTERNATIONAL BL,2,,,A,W,130.0,35TH AV,F,,D,7/31/2024 11:30:05 AM,1/30/2025 1:29:36 PM,,,2,,,,,,,
3019874,20-049163,2,False,0109,10/4/2020 6:45:00 PM,1845,33X,14,109,Oakland,1,True,True,B,SIDE SWIPE,,Sunday,,,M,,False,False,False,,C,OTHER MOTOR VEHICLE,,0,0,B,DUSK-DAWN,,,,,,,A,NO PEDESTRIANS INVOLVED,,A,22107,,1,INTERNATIONAL BL,2,,,A,W,30.0,81ST AV,F,,A,7/31/2024 11:30:05 AM,1/30/2025 1:29:36 PM,,,2,,,,,,,
3019871,20-054624,2,False,0109,11/5/2020 11:20:00 AM,1120,31X,14,109,Oakland,1,True,True,D,BROADSIDE,,Thursday,,,,,False,False,False,,C,OTHER MOTOR VEHICLE,,3,0,A,DAYLIGHT,,,,,,,A,NO PEDESTRIANS INVOLVED,,A,21453A,,1,DOOLITTLE DR,2,,,A,,,SWAN WY,,,A,7/31/2024 11:30:04 AM,1/30/2025 1:29:36 PM,,,2,,,,,,,
3019869,20-056120,2,False,0109,11/13/2020 11:00:00 AM,1100,18Y,14,109,Oakland,1,True,True,B,SIDE SWIPE,,Friday,,,M,,False,False,False,,E,PARKED MOTOR VEHICLE,,0,0,A,DAYLIGHT,,,,,,,A,NO PEDESTRIANS INVOLVED,,A,22107,,2,E 28TH ST,3,,,A,,,E 28TH ST 2151,,,D,7/31/2024 11:30:04 AM,1/30/2025 1:29:36 PM,,,2,,,,,,,
3019867,20-057200,2,False,0109,11/20/2020 9:22:00 PM,2122,30X,14,109,Oakland,1,True,True,G,VEHICLE/PEDESTRAIN,,Friday,,,,,False,False,False,,B,PEDESTRIAN,,1,0,C,DARK-STREET LIGHTS,,,,,,,F,NOT IN ROAD,,A,22107,,1,INTERNATIONAL BL,2,,,A,W,250.0,73RD AV,F,,D,7/31/2024 11:30:04 AM,1/30/2025 1:29:36 PM,,,2,,,,,,,
3019865,20-053557,2,False,0109,10/30/2020 11:21:00 AM,1121,27X,14,109,Oakland,1,True,True,C,REAR END,,Friday,,,,,False,False,False,,C,OTHER MOTOR VEHICLE,,2,0,A,DAYLIGHT,,,,,,,A,NO PEDESTRIANS INVOLVED,,A,22350,,1,INTERNATIONAL BL,2,,,A,E,25.0,57TH,F,,A,7/31/2024 11:30:04 AM,1/30/2025 1:29:36 PM,,,2,,,,,,,
3019863,20-054294,2,False,0109,11/3/2020 10:54:00 AM,1054,01X,14,109,Oakland,1,True,True,C,REAR END,,Tuesday,,,,,False,False,False,,C,OTHER MOTOR VEHICLE,,1,0,A,DAYLIGHT,,,,,,,A,NO PEDESTRIANS INVOLVED,,A,22350,,1,5TH ST,1,,,A,E,160.0,WASHINGTON ST,F,,A,7/31/2024 11:30:04 AM,1/30/2025 1:29:36 PM,,,2,,,,,,,
3019862,20-057114,2,False,0109,11/20/2020 6:55:00 AM,655,27X,14,109,Oakland,1,True,True,B,SIDE SWIPE,,Friday,,,,,False,False,False,,C,OTHER MOTOR VEHICLE,,0,0,A,DAYLIGHT,,,,,,,A,NO PEDESTRIANS INVOLVED,,A,22107,,1,INTERNATIONAL BL,2,,,A,W,90.0,55TH AV,F,,D,7/31/2024 11:30:04 AM,1/30/2025 1:29:36 PM,,,2,,,,,,,
3019860,20-055068,2,False,0109,11/8/2020 4:15:00 AM,415,27X,14,109,Oakland,1,True,True,C,REAR END,,Sunday,,,,,False,False,True,,C,OTHER MOTOR VEHICLE,,1,0,C,DARK-STREET LIGHTS,,,,,,,A,NO PEDESTRIANS INVOLVED,,A,22107,,1,INTERNATIONAL BL,2,,,A,W,20.0,48TH AV,F,,D,7/31/2024 11:30:04 AM,1/30/2025 1:29:36 PM,,,2,,,,,,,
3019858,20-054842,2,False,0109,11/6/2020 5:07:00 PM,1707,02X,14,109,Oakland,1,True,True,B,SIDE SWIPE,,Friday,,,M,,False,False,False,,C,OTHER MOTOR VEHICLE,,0,0,A,DAYLIGHT,,,,,,,A,NO PEDESTRIANS INVOLVED,,A,22107,,1,3RD ST,1,,,A,,,MARKET ST,,,A,7/31/2024 11:30:03 AM,1/30/2025 1:29:36 PM,,,2,,,,,,,
3019856,20-042772,2,False,0109,8/28/2020 4:21:00 PM,1621,29X,14,109,Oakland,1,True,True,C,REAR END,,Friday,,,M,,False,False,False,,C,OTHER MOTOR VEHICLE,,1,0,A,DAYLIGHT,,,,,,,A,NO PEDESTRIANS INVOLVED,,A,22107,,1,FOOTHILL BL,2,,,A,,,72ND AV,,,D,7/31/2024 11:30:03 AM,1/30/2025 1:29:36 PM,,,2,,,,,,,
3019855,20-051493,2,False,0109,10/18/2020 7:24:00 PM,1924,03X,14,109,Oakland,1,True,True,D,BROADSIDE,,Sunday,,,,,False,False,False,,C,OTHER MOTOR VEHICLE,,4,0,C,DARK-STREET LIGHTS,,,,,,,A,NO PEDESTRIANS INVOLVED,,A,21453A,,1,FRANKLIN ST,1,,,A,,,12TH ST,,,A,7/31/2024 11:30:03 AM,1/30/2025 1:29:36 PM,,,2,,,,,,,
3019852,20-023053,2,False,0109,5/8/2020 7:00:00 AM,700,02Y,14,109,Oakland,1,True,True,H,OTHER,,Friday,,,,,False,False,False,,C,OTHER MOTOR VEHICLE,,1,0,A,DAYLIGHT,,,,,,,A,NO PEDESTRIANS INVOLVED,,A,21453A,,1,7TH ST,1,,,A,,,FRONTAGE RD,,,A,7/31/2024 11:30:03 AM,1/30/2025 1:29:36 PM,,,2,,,,,,,
3019849,20-055958,2,False,0109,11/13/2020 4:51:00 PM,1651,32X,14,109,Oakland,1,True,True,D,BROADSIDE,,Friday,,,M,,False,False,False,,C,OTHER MOTOR VEHICLE,,0,0,B,DUSK-DAWN,,,,,,,A,NO PEDESTRIANS INVOLVED,,A,22450A,,1,105TH AV,2,,,B,,,ROYAL ANN ST,,,D,7/31/2024 11:30:03 AM,1/30/2025 1:29:36 PM,,,2,,,,,,,