collision-id,report-number,report-version,is-preliminary,ncic-code,crash-date-time,crash-time-description,beat,city-id,city-code,city-name,county-code,city-is-active,city-is-incorporated,collision-type-code,collision-type-description,collision-type-other-desc,day-of-week,dispatch-notified,has-photographs,hit-run,is-attachments-mailed,is-deleted,is-highway-related,is-tow-away,judicial-district,motor-vehicle-involved-with-code,motor-vehicle-involved-with-desc,motor-vehicle-involved-with-other-desc,number-injured,number-killed,lighting-code,lighting-description,latitude,longitude,milepost-direction,milepost-distance,milepost-marker,milepost-unit-of-measure,pedestrian-action-code,pedestrian-action-desc,prepared-date,primary-collision-factor-code,primary-collision-factor-description,primary-collision-factor-is-cited,primary-collision-party-number,primary-road,reporting-district,reporting-district-code,reviewed-date,roadway-surface-code,secondary-direction,secondary-distance,secondary-road,secondary-unit-of-measure,sketch-desc,traffic-control-device-code,created-date,modified-date,is-county-road,is-freeway,chp-555-version,is-additonal-object-struck,notification-date,notification-time-description,has-digital-media-files,evidence-number,is-location-refer-to-narrative,is-aoi-one-same-as-location
3025613,20-052384,2,False,0109,10/23/2020 6:07:00 PM,1807,14X,14,109,Oakland,1,True,True,D,BROADSIDE,,Friday,,,M,,False,False,False,,C,OTHER MOTOR VEHICLE,,1,0,B,DUSK-DAWN,,,,,,,A,NO PEDESTRIANS INVOLVED,,A,21453A,,1,GRAND AV,1,,,A,,,EL EMBARCADERO,,,A,7/31/2024 11:36:51 AM,1/30/2025 1:32:25 PM,,,2,,,,,,,
3025612,20-052408,2,False,0109,10/23/2020 10:05:00 PM,2205,29X,14,109,Oakland,1,True,True,C,REAR END,,Friday,,,M,,False,False,True,,C,OTHER MOTOR VEHICLE,,1,0,C,DARK-STREET LIGHTS,,,,,,,A,NO PEDESTRIANS INVOLVED,,A,22350,,1,HAVENSCOURT BL,2,,,A,S,50.0,FOOTHILL BL,F,,A,7/31/2024 11:36:51 AM,1/30/2025 1:32:25 PM,,,2,,,,,,,
3025611,20-052351,2,False,0109,10/23/2020 3:00:00 PM,1500,14X,14,109,Oakland,1,True,True,C,REAR END,,Friday,,,,,False,False,False,,E,PARKED MOTOR VEHICLE,,1,0,A,DAYLIGHT,,,,,,,A,NO PEDESTRIANS INVOLVED,,A,22107,,1,MACARTHUR BL,1,,,A,E,20.0,VAN BUREN ST,F,,D,7/31/2024 11:36:51 AM,1/30/2025 1:32:25 PM,,,2,,,,,,,
3025478,20-052856,2,False,0109,10/26/2020 4:29:00 PM,1629,21X,14,109,Oakland,1,True,True,A,HEAD-ON,,Monday,,,,,False,False,False,,E,PARKED MOTOR VEHICLE,,0,0,A,DAYLIGHT,,,,,,,A,NO PEDESTRIANS INVOLVED,,A,22350,,1,GRANDE VISTA AV,1,,,A,S,100.0,E 26TH ST,F,,D,7/31/2024 11:36:40 AM,1/30/2025 1:32:21 PM,,,2,,,,,,,
3025474,20-049854,2,False,0109,10/8/2020 1:25:00 PM,1325,32X,14,109,Oakland,1,True,True,H,OTHER,,Thursday,,,,,False,False,False,,G,BICYCLE,,1,0,A,DAYLIGHT,,,,,,,A,NO PEDESTRIANS INVOLVED,,A,22517,,1,INTERNATIONAL BL,2,,,A,W,25.0,104TH AV,F,,D,7/31/2024 11:36:40 AM,1/30/2025 1:32:21 PM,,,2,,,,,,,
3025469,20-038185,2,False,0109,8/3/2020 11:51:00 AM,1151,35X,14,109,Oakland,1,True,True,D,BROADSIDE,,Monday,,,M,,False,False,False,,C,OTHER MOTOR VEHICLE,,0,0,A,DAYLIGHT,,,,,,,A,NO PEDESTRIANS INVOLVED,,A,21453A,,1,82ND AV,2,,,A,,,BANCROFT AV,,,A,7/31/2024 11:36:40 AM,1/30/2025 1:32:21 PM,,,2,,,,,,,
3025321,20-054993,2,False,0109,11/7/2020 5:03:00 PM,1703,10X,14,109,Oakland,1,True,True,A,HEAD-ON,,Saturday,,,M,,False,False,True,,E,PARKED MOTOR VEHICLE,,0,0,B,DUSK-DAWN,,,,,,,A,NO PEDESTRIANS INVOLVED,,A,22107,,1,67TH ST,1,,,A,W,644.0,SAN PABLO AV,F,,D,7/31/2024 11:36:29 AM,1/30/2025 1:32:16 PM,,,2,,,,,,,
3025320,20-056929,2,False,0109,11/19/2020 8:22:00 AM,822,04X,14,109,Oakland,1,True,True,C,REAR END,,Thursday,,,,,False,False,False,,C,OTHER MOTOR VEHICLE,,0,0,A,DAYLIGHT,,,,,,,A,NO PEDESTRIANS INVOLVED,,A,22350,,1,TELEGRAPH AV,1,,,A,S,60.0,22ND ST,F,,A,7/31/2024 11:36:29 AM,1/30/2025 1:32:16 PM,,,2,,,,,,,
3025319,20-057211,2,False,0109,11/21/2020 10:30:00 PM,2230,21Y,14,109,Oakland,1,True,True,C,REAR END,,Saturday,,,M,,False,False,False,,E,PARKED MOTOR VEHICLE,,0,0,C,DARK-STREET LIGHTS,,,,,,,A,NO PEDESTRIANS INVOLVED,,A,22107,,1,COOLIDGE AV,1,,,A,N,25.0,BONA,F,,D,7/31/2024 11:36:29 AM,1/30/2025 1:32:16 PM,,,2,,,,,,,
3025318,20-057335,2,False,0109,11/22/2020 7:32:00 PM,1932,03X,14,109,Oakland,1,True,True,D,BROADSIDE,,Sunday,,,,,False,False,False,,C,OTHER MOTOR VEHICLE,,0,0,C,DARK-STREET LIGHTS,,,,,,,A,NO PEDESTRIANS INVOLVED,,A,21453A,,,9TH ST,1,,,A,,,JACKSON ST,,,A,7/31/2024 11:36:29 AM,1/30/2025 1:32:16 PM,,,2,,,,,,,
3025317,20-057371,2,False,0109,11/22/2020 1:29:00 AM,129,21X,14,109,Oakland,1,True,True,C,REAR END,,Sunday,,,M,,False,False,False,,E,PARKED MOTOR VEHICLE,,0,0,C,DARK-STREET LIGHTS,,,,,,,A,NO PEDESTRIANS INVOLVED,,A,22107,,1,FOOTHILL BL,1,,,A,E,10.0,25TH AV,F,,D,7/31/2024 11:36:29 AM,1/30/2025 1:32:16 PM,,,2,,,,,,,
3045204,20-050987,2,False,0109,10/15/2020 11:02:00 PM,2302,32X,14,109,Oakland,1,True,True,E,HIT OBJECT,,Thursday,,,,,False,False,False,,C,OTHER MOTOR VEHICLE,,0,0,C,DARK-STREET LIGHTS,,,,,,,A,NO PEDESTRIANS INVOLVED,,B,,,1,105TH AV,2,,,A,,,SA LEANDRO ST,,,A,7/31/2024 12:05:56 PM,1/30/2025 1:44:51 PM,,,2,,,,,,,
3045202,20-060607,2,False,0109,12/10/2020 6:39:00 PM,1839,21X,14,109,Oakland,1,True,True,D,BROADSIDE,,Thursday,,,,,False,True,True,,C,OTHER MOTOR VEHICLE,,1,0,C,DARK-STREET LIGHTS,,,,,,,,,,B,,,1,FRUITVALE AV,1,,,A,,,RT 580,,,A,7/31/2024 12:05:55 PM,1/30/2025 1:44:51 PM,,,2,,,,,,,
3045197,20-062245,2,False,0109,12/20/2020 4:25:00 PM,1625,,14,109,Oakland,1,True,True,E,HIT OBJECT,,Sunday,,,,,False,False,False,,I,FIXED OBJECT,,0,0,A,DAYLIGHT,,,,,,,A,NO PEDESTRIANS INVOLVED,,B,,,1,INTERNATIONAL BL,2,,,A,W,140.0,13TH AV,F,,D,7/31/2024 12:05:55 PM,1/30/2025 1:44:51 PM,,,2,,,,,,,
3045195,20-036839,2,False,0109,7/26/2020 11:17:00 PM,2317,34X,14,109,Oakland,1,True,True,B,SIDE SWIPE,,Sunday,,,,,False,False,False,,C,OTHER MOTOR VEHICLE,,0,0,C,DARK-STREET LIGHTS,,,,,,,A,NO PEDESTRIANS INVOLVED,,A,22107,,1,88TH AV,2,,,A,N,140.0,OLIVE ST,F,,D,7/31/2024 12:05:55 PM,1/30/2025 1:44:51 PM,,,2,,,,,,,
3045169,20-062210,2,False,0109,12/20/2020 12:49:00 PM,1249,29X,14,109,Oakland,1,True,True,D,BROADSIDE,,Sunday,,,,,False,False,False,,C,OTHER MOTOR VEHICLE,,1,0,A,DAYLIGHT,,,,,,,A,NO PEDESTRIANS INVOLVED,,A,21802A,,1,BANCROFT AV,2,,,A,,,AVENAL ST,,,A,7/31/2024 12:05:52 PM,1/30/2025 1:44:50 PM,,,2,,,,,,,
3045153,20-053225,2,False,0109,10/28/2020 2:04:00 PM,1404,19X,14,109,Oakland,1,True,True,D,BROADSIDE,,Wednesday,,,,,False,False,False,,C,OTHER MOTOR VEHICLE,,1,0,A,DAYLIGHT,,,,,,,A,NO PEDESTRIANS INVOLVED,,A,21802A,,1,21ST AV,1,,,A,,,FOOTHILL BL,,,A,7/31/2024 12:05:50 PM,1/30/2025 1:44:49 PM,,,2,,,,,,,
3045145,20-052662,2,False,0109,10/25/2020 2:07:00 PM,1407,06X,14,109,Oakland,1,True,True,D,BROADSIDE,,Sunday,,,,,False,False,False,,G,BICYCLE,,1,0,A,DAYLIGHT,,,,,,,A,NO PEDESTRIANS INVOLVED,,A,21453A,,1,36TH ST,1,,,A,,,MARKET ST,,,A,7/31/2024 12:05:49 PM,1/30/2025 1:44:49 PM,,,2,,,,,,,
3045073,20-061772,2,False,0109,12/18/2020 1:38:00 AM,138,32X,14,109,Oakland,1,True,True,A,HEAD-ON,,Friday,,,,,False,False,True,,C,OTHER MOTOR VEHICLE,,2,0,C,DARK-STREET LIGHTS,,,,,,,A,NO PEDESTRIANS INVOLVED,,A,21453A,,1,DURANT AV,2,,,A,,,INTERNATIONAL AV,,,A,7/31/2024 12:05:42 PM,1/30/2025 1:44:46 PM,,,2,,,,,,,
3045072,20-061782,2,False,0109,12/18/2020 6:50:00 AM,650,30X,14,109,Oakland,1,True,True,G,VEHICLE/PEDESTRAIN,,Friday,,,,,False,False,False,,B,PEDESTRIAN,,1,0,C,DARK-STREET LIGHTS,,,,,,,B,CROSSING IN CROSS WALK AT INTERSECTION,,A,21950A,,1,66TH AV,2,,,A,N,5.0,INTERNATIONAL BL,F,,B,7/31/2024 12:05:42 PM,1/30/2025 1:44:46 PM,,,2,,,,,,,
3045070,20-060483,2,False,0109,12/10/2020 9:54:00 AM,954,23X,14,109,Oakland,1,True,True,A,HEAD-ON,,Thursday,,,,,False,False,False,,D,MOTOR VEHICLE ON OTHER ROADWAY,,2,0,A,DAYLIGHT,,,,,,,A,NO PEDESTRIANS INVOLVED,,A,21801A,,1,HIGH ST,2,,,A,,,INTERNATIONAL BL,,,A,7/31/2024 12:05:42 PM,1/30/2025 1:44:46 PM,,,2,,,,,,,
3045068,20-061576,2,False,0109,12/16/2020 8:00:00 PM,2000,03X,14,109,Oakland,1,True,True,D,BROADSIDE,,Wednesday,,,F,,False,False,False,,G,BICYCLE,,1,0,C,DARK-STREET LIGHTS,,,,,,,A,NO PEDESTRIANS INVOLVED,,A,21801A,,1,10TH ST,1,,,B,,,JACKSON ST,,,A,7/31/2024 12:05:41 PM,1/30/2025 1:44:46 PM,,,2,,,,,,,
3045067,20-061646,2,False,0109,12/17/2020 9:50:00 AM,950,04X,14,109,Oakland,1,True,True,B,SIDE SWIPE,,Thursday,,,,,False,False,False,,G,BICYCLE,,1,0,A,DAYLIGHT,,,,,,,A,NO PEDESTRIANS INVOLVED,,A,21760C,,1,MADISON ST,1,,,B,,,MADISON ST 1438,,,D,7/31/2024 12:05:41 PM,1/30/2025 1:44:46 PM,,,2,,,,,,,
3045066,20-062263,2,False,0109,12/20/2020 7:57:00 PM,1957,30X,14,109,Oakland,1,True,True,G,VEHICLE/PEDESTRAIN,,Sunday,,,F,,False,False,False,,B,PEDESTRIAN,,1,0,C,DARK-STREET LIGHTS,,,,,,,D,CROSSING - NOT IN CROSSWALK,,A,21954A,,1,78TH AV,2,,,A,,,INTERNATIONAL BL,,,A,7/31/2024 12:05:41 PM,1/30/2025 1:44:46 PM,,,2,,,,,,,
3045065,20-061708,2,False,0109,12/17/2020 4:15:00 PM,1615,27Y,14,109,Oakland,1,True,True,D,BROADSIDE,,Thursday,,,,,False,False,False,,G,BICYCLE,,1,0,A,DAYLIGHT,,,,,,,A,NO PEDESTRIANS INVOLVED,,A,22107,,1,SEMINARY AV,2,,,A,,,SEMINARY CT,,,D,7/31/2024 12:05:41 PM,1/30/2025 1:44:46 PM,,,2,,,,,,,
3045064,20-061640,2,False,0109,12/16/2020 8:26:00 PM,2026,03Y,14,109,Oakland,1,True,True,G,VEHICLE/PEDESTRAIN,,Wednesday,,,F,,False,False,False,,B,PEDESTRIAN,,1,0,C,DARK-STREET LIGHTS,,,,,,,B,CROSSING IN CROSS WALK AT INTERSECTION,,A,21950A,,1,BROADWAY ST,1,,,A,,,11TH ST,,,A,7/31/2024 12:05:41 PM,1/30/2025 1:44:46 PM,,,2,,,,,,,
3045063,20-063691,2,False,0109,12/30/2020 12:11:00 PM,1211,26X,14,109,Oakland,1,True,True,D,BROADSIDE,,Wednesday,,,,,False,False,False,,,,,1,0,A,DAYLIGHT,,,,,,,A,NO PEDESTRIANS INVOLVED,,A,21802A,,1,SAN LEANDRO ST,2,,,A,W,100.0,66TH AV,F,,A,7/31/2024 12:05:41 PM,1/30/2025 1:44:46 PM,,,2,,,,,,,
3045062,20-063375,2,False,0109,12/28/2020 12:42:00 PM,1242,03X,14,109,Oakland,1,True,True,D,BROADSIDE,,Monday,,,,,False,False,False,,C,OTHER MOTOR VEHICLE,,1,0,A,DAYLIGHT,,,,,,,A,NO PEDESTRIANS INVOLVED,,A,21453A,,1,7TH ST,1,,,A,,,JACKSON ST,,,A,7/31/2024 12:05:40 PM,1/30/2025 1:44:46 PM,,,2,,,,,,,
3045025,20-059748,2,False,0109,12/5/2020 11:58:00 PM,2358,13Y,14,109,Oakland,1,True,True,E,HIT OBJECT,,Saturday,,,,,False,False,True,,I,FIXED OBJECT,,0,0,C,DARK-STREET LIGHTS,,,,,,,A,NO PEDESTRIANS INVOLVED,,A,22107,,1,MORAGA AV,1,,,A,S,450.0,HARBORD DR,F,,D,7/31/2024 12:05:37 PM,1/30/2025 1:44:45 PM,,,2,,,,,,,
3045023,20-062200,2,False,0109,12/19/2020 6:00:00 PM,1800,34X,14,109,Oakland,1,True,True,A,HEAD-ON,,Saturday,,,M,,False,False,False,,I,FIXED OBJECT,,0,0,C,DARK-STREET LIGHTS,,,,,,,A,NO PEDESTRIANS INVOLVED,,A,22350,,1,94TH AV,2,,,A,N,50.0,HOLLY ST,F,,D,7/31/2024 12:05:37 PM,1/30/2025 1:44:45 PM,,,2,,,,,,,
3045022,20-062819,2,False,0109,12/24/2020 9:30:00 AM,930,06X,14,109,Oakland,1,True,True,C,REAR END,,Thursday,,,M,,False,False,False,,E,PARKED MOTOR VEHICLE,,0,0,A,DAYLIGHT,,,,,,,A,NO PEDESTRIANS INVOLVED,,A,22107,,1,34TH ST,1,,,A,,,MARTIN LUTHER KING JR WY,,,D,7/31/2024 12:05:37 PM,1/30/2025 1:44:45 PM,,,2,,,,,,,
3045021,21-000194,2,False,0109,12/31/2020 10:27:00 PM,2227,27X,14,109,Oakland,1,True,True,E,HIT OBJECT,,Thursday,,,M,,False,False,False,,I,FIXED OBJECT,,0,0,C,DARK-STREET LIGHTS,,,,,,,A,NO PEDESTRIANS INVOLVED,,A,22107,,1,HIGH ST,1,,,A,N,60.0,GORDON ST,F,,D,7/31/2024 12:05:37 PM,1/30/2025 1:44:45 PM,,,2,,,,,,,
3045020,20-061537,2,False,0109,12/16/2020 3:00:00 PM,1500,34X,14,109,Oakland,1,True,True,E,HIT OBJECT,,Wednesday,,,M,,False,False,False,,I,FIXED OBJECT,,0,0,A,DAYLIGHT,,,,,,,A,NO PEDESTRIANS INVOLVED,,A,22107,,1,BANCROFT AV,2,,,A,E,70.0,82ND AV,F,,D,7/31/2024 12:05:37 PM,1/30/2025 1:44:45 PM,,,2,,,,,,,
3045019,20-061789,2,False,0109,12/18/2020 7:30:00 AM,730,04X,14,109,Oakland,1,True,True,A,HEAD-ON,,Friday,,,M,,False,False,True,,I,FIXED OBJECT,,0,0,A,DAYLIGHT,,,,,,,A,NO PEDESTRIANS INVOLVED,,A,22107,,1,17TH ST,1,,,A,,,TELEGRAPH,,,D,7/31/2024 12:05:37 PM,1/30/2025 1:44:45 PM,,,2,,,,,,,
3045018,20-063721,2,False,0109,12/30/2020 3:50:00 PM,1550,08X,14,109,Oakland,1,True,True,D,BROADSIDE,,Wednesday,,,,,False,False,False,,C,OTHER MOTOR VEHICLE,,0,0,A,DAYLIGHT,,,,,,,A,NO PEDESTRIANS INVOLVED,,A,21453A,,1,W GRAND AV,1,,,A,,,MARTIN LUTHER KING JR,,,A,7/31/2024 12:05:37 PM,1/30/2025 1:44:45 PM,,,2,,,,,,,
3045017,20-063034,2,False,0109,12/26/2020 4:26:00 AM,426,03X,14,109,Oakland,1,True,True,B,SIDE SWIPE,,Saturday,,,,,False,False,False,,C,OTHER MOTOR VEHICLE,,0,0,C,DARK-STREET LIGHTS,,,,,,,A,NO PEDESTRIANS INVOLVED,,A,22107,,1,OAK ST,1,,,B,N,41.0,9TH ST,F,,D,7/31/2024 12:05:37 PM,1/30/2025 1:44:44 PM,,,2,,,,,,,
3045016,20-063527,2,False,0109,12/29/2020 1:14:00 PM,1314,14X,14,109,Oakland,1,True,True,C,REAR END,,Tuesday,,,,,False,False,False,,C,OTHER MOTOR VEHICLE,,0,0,A,DAYLIGHT,,,,,,,A,NO PEDESTRIANS INVOLVED,,A,22350,,1,GRAND AV,1,,,A,,,EUCLID AV,,,A,7/31/2024 12:05:37 PM,1/30/2025 1:44:44 PM,,,2,,,,,,,
3045015,20-063331,2,False,0109,12/28/2020 7:49:00 AM,749,31Z,14,109,Oakland,1,True,True,D,BROADSIDE,,Monday,,,,,False,False,False,,C,OTHER MOTOR VEHICLE,,0,0,A,DAYLIGHT,,,,,,,A,NO PEDESTRIANS INVOLVED,,A,22107,,1,SAN LEANDRO ST,2,,,B,,,81ST,,,D,7/31/2024 12:05:36 PM,1/30/2025 1:44:45 PM,,,2,,,,,,,
3045014,20-063883,2,False,0109,12/31/2020 6:26:00 PM,1826,13X,14,109,Oakland,1,True,True,A,HEAD-ON,,Thursday,,,,,False,False,True,,I,FIXED OBJECT,,0,0,D,DARK-NO STREET LIGHTS,,,,,,,A,NO PEDESTRIANS INVOLVED,,A,22107,,1,GRIZZLY PEAK BL,1,,,D,E,1.0,CENTINNIAL DR,M,,A,7/31/2024 12:05:36 PM,1/30/2025 1:44:44 PM,,,2,,,,,,,
3045013,20-063015,2,False,0109,12/26/2020 1:00:00 AM,100,35X,14,109,Oakland,1,True,True,E,HIT OBJECT,,Saturday,,,,,False,False,True,,I,FIXED OBJECT,,0,0,C,DARK-STREET LIGHTS,,,,,,,A,NO PEDESTRIANS INVOLVED,,A,22350,,1,89TH AV,2,,,B,N,25.0,BANCROFT,F,,D,7/31/2024 12:05:36 PM,1/30/2025 1:44:45 PM,,,2,,,,,,,
3045012,20-063258,2,False,0109,12/27/2020 5:03:00 PM,1703,10X,14,109,Oakland,1,True,True,D,BROADSIDE,,Sunday,,,M,,False,False,False,,C,OTHER MOTOR VEHICLE,,0,0,B,DUSK-DAWN,,,,,,,A,NO PEDESTRIANS INVOLVED,,A,21453A,,1,55TH ST,1,,,A,,,MARTIN LUTHER KING JR WY,,,A,7/31/2024 12:05:36 PM,1/30/2025 1:44:45 PM,,,2,,,,,,,
3045011,20-062988,2,False,0109,12/25/2020 6:40:00 PM,1840,04X,14,109,Oakland,1,True,True,A,HEAD-ON,,Friday,,,,,False,False,False,,,,,0,0,C,DARK-STREET LIGHTS,,,,,,,A,NO PEDESTRIANS INVOLVED,,A,21453A,,,17TH ST,1,,,B,,,FRANKLIN ST,,,A,7/31/2024 12:05:36 PM,1/30/2025 1:44:44 PM,,,2,,,,,,,
3045010,20-0653759,2,False,0109,12/30/2020 9:01:00 PM,2101,35X,14,109,Oakland,1,True,True,E,HIT OBJECT,,Wednesday,,,M,,False,False,False,,I,FIXED OBJECT,,0,0,A,DAYLIGHT,,,,,,,A,NO PEDESTRIANS INVOLVED,,A,22107,,1,GOLF LINKS RD,2,,,B,E,2.0,FONTAINE ST,F,,A,7/31/2024 12:05:36 PM,1/30/2025 1:44:44 PM,,,2,,,,,,,
3044991,20-061118,2,False,0109,12/14/2020 12:10:00 AM,10,33X,14,109,Oakland,1,True,True,B,SIDE SWIPE,,Monday,,,F,,False,False,False,,,,,0,0,C,DARK-STREET LIGHTS,,,,,,,A,NO PEDESTRIANS INVOLVED,,A,20002,,1,89TH AV,2,,,B,,,INTERNATIONAL BL,,,D,7/31/2024 12:05:34 PM,1/30/2025 1:44:44 PM,,,2,,,,,,,
3044972,20-063101,2,False,0109,12/26/2020 3:46:00 PM,1546,19X,14,109,Oakland,1,True,True,C,REAR END,,Saturday,,,M,,False,False,False,,C,OTHER MOTOR VEHICLE,,0,0,A,DAYLIGHT,,,,,,,A,NO PEDESTRIANS INVOLVED,,A,22350,,1,EMBARCADERO,1,,,A,,,9TH AV,,,A,7/31/2024 12:05:32 PM,1/30/2025 1:44:43 PM,,,2,,,,,,,
3044971,20-063107,2,False,0109,12/26/2020 11:24:00 AM,1124,06X,14,109,Oakland,1,True,True,H,OTHER,,Saturday,,,M,,False,False,False,,J,OTHER OBJECT,,0,0,A,DAYLIGHT,,,,,,,A,NO PEDESTRIANS INVOLVED,,A,22107,,1,SAN PABLO AV,1,,,A,,,36TH ST,,,A,7/31/2024 12:05:32 PM,1/30/2025 1:44:43 PM,,,2,,,,,,,
3044970,20-063553,2,False,0109,12/29/2020 2:15:00 PM,1415,32Y,14,109,Oakland,1,True,True,D,BROADSIDE,,Tuesday,,,M,,False,False,False,,,,,0,0,A,DAYLIGHT,,,,,,,A,NO PEDESTRIANS INVOLVED,,A,22107,,1,FOOTHILL BL,2,,,A,E,200.0,106TH AV,F,,D,7/31/2024 12:05:32 PM,1/30/2025 1:44:43 PM,,,2,,,,,,,
3044969,20-063156,2,False,0109,12/26/2020 10:51:00 PM,2251,06X,14,109,Oakland,1,True,True,C,REAR END,,Saturday,,,M,,False,False,False,,E,PARKED MOTOR VEHICLE,,0,0,C,DARK-STREET LIGHTS,,,,,,,A,NO PEDESTRIANS INVOLVED,,A,22107,,1,30TH ST,1,,,A,,,WEST ST,,,A,7/31/2024 12:05:32 PM,1/30/2025 1:44:43 PM,,,2,,,,,,,
3044968,20-063124,2,False,0109,12/26/2020 7:30:00 PM,1930,31X,14,109,Oakland,1,True,True,B,SIDE SWIPE,,Saturday,,,M,,False,False,True,,E,PARKED MOTOR VEHICLE,,0,0,C,DARK-STREET LIGHTS,,,,,,,A,NO PEDESTRIANS INVOLVED,,A,22107,,1,SAN LEANDRO ST,2,,,A,W,100.0,85TH AV,F,,A,7/31/2024 12:05:32 PM,1/30/2025 1:44:43 PM,,,2,,,,,,,
3044967,20-063903,2,False,0109,12/31/2020 10:56:00 PM,2256,33X,14,109,Oakland,1,True,True,B,SIDE SWIPE,,Thursday,,,M,,False,False,False,,E,PARKED MOTOR VEHICLE,,0,0,C,DARK-STREET LIGHTS,,,,,,,A,NO PEDESTRIANS INVOLVED,,A,22107,,1,82ND AV,2,,,A,S,350.0,A ST,F,,D,7/31/2024 12:05:32 PM,1/30/2025 1:44:43 PM,,,2,,,,,,,
3044966,20-063167,2,False,0109,12/27/2020 12:49:00 AM,49,23X,14,109,Oakland,1,True,True,C,REAR END,,Sunday,,,M,,False,False,False,,E,PARKED MOTOR VEHICLE,,0,0,C,DARK-STREET LIGHTS,,,,,,,A,NO PEDESTRIANS INVOLVED,,A,22107,,1,BANCROFT AV,2,,,A,E,30.0,55TH AV,F,,D,7/31/2024 12:05:32 PM,1/30/2025 1:44:43 PM,,,2,,,,,,,
3044965,20-063856,2,False,0109,12/31/2020 3:17:00 PM,1517,20X,14,109,Oakland,1,True,True,B,SIDE SWIPE,,Thursday,,,M,,False,False,False,,C,OTHER MOTOR VEHICLE,,0,0,A,DAYLIGHT,,,,,,,A,NO PEDESTRIANS INVOLVED,,A,22450A,,1,DERBY AV,1,,,A,,,FORD ST,,,D,7/31/2024 12:05:32 PM,1/30/2025 1:44:43 PM,,,2,,,,,,,
3044964,20-061923,2,False,0109,12/19/2020 3:53:00 AM,353,35X,14,109,Oakland,1,True,True,A,HEAD-ON,,Saturday,,,,,False,False,False,,C,OTHER MOTOR VEHICLE,,0,0,D,DARK-NO STREET LIGHTS,,,,,,,A,NO PEDESTRIANS INVOLVED,,A,22350,,1,GOLF LINKS RD,2,,,A,N,48.0,MOUNTAIN BL,F,,D,7/31/2024 12:05:31 PM,1/30/2025 1:44:43 PM,,,2,,,,,,,
3044963,20-062972,2,False,0109,12/25/2020 3:41:00 PM,1541,33X,14,109,Oakland,1,True,True,C,REAR END,,Friday,,,M,,False,False,False,,C,OTHER MOTOR VEHICLE,,0,0,A,DAYLIGHT,,,,,,,A,NO PEDESTRIANS INVOLVED,,A,22350,,1,A ST,2,,,B,E,15.0,89TH,F,,D,7/31/2024 12:05:31 PM,1/30/2025 1:44:43 PM,,,2,,,,,,,
3044962,20-062998,2,False,0109,12/25/2020 9:36:00 PM,2136,31X,14,109,Oakland,1,True,True,G,VEHICLE/PEDESTRAIN,,Friday,,,F,,False,False,False,,B,PEDESTRIAN,,0,0,C,DARK-STREET LIGHTS,,,,,,,B,CROSSING IN CROSS WALK AT INTERSECTION,,A,21950A,,1,HEGENBERGER RD,2,,,B,N,20.0,EDES AV,F,,A,7/31/2024 12:05:31 PM,1/30/2025 1:44:43 PM,,,2,,,,,,,
3044961,20-062955,2,False,0109,12/25/2020 11:30:00 AM,1130,30X,14,109,Oakland,1,True,True,C,REAR END,,Friday,,,M,,False,False,False,,C,OTHER MOTOR VEHICLE,,0,0,A,DAYLIGHT,,,,,,,A,NO PEDESTRIANS INVOLVED,,A,22350,,1,68TH AV,2,,,B,S,10.0,FOOTHILL BL,F,,D,7/31/2024 12:05:31 PM,1/30/2025 1:44:43 PM,,,2,,,,,,,
3044960,20-061832,2,False,0109,12/18/2020 1:05:00 PM,1305,03X,14,109,Oakland,1,True,True,D,BROADSIDE,,Friday,,,,,False,False,False,,,,,0,0,A,DAYLIGHT,,,,,,,A,NO PEDESTRIANS INVOLVED,,A,21453A,,1,9TH ST,1,,,A,,,OAK ST,,,A,7/31/2024 12:05:31 PM,1/30/2025 1:44:43 PM,,,2,,,,,,,
3044959,20-061910,2,False,0109,12/19/2020 1:05:00 AM,105,18X,14,109,Oakland,1,True,True,D,BROADSIDE,,Saturday,,,M,,False,False,False,,C,OTHER MOTOR VEHICLE,,0,0,C,DARK-STREET LIGHTS,,,,,,,A,NO PEDESTRIANS INVOLVED,,A,22450A,,1,18TH AV,1,,,A,,,FOOTHILL BL,,,A,7/31/2024 12:05:31 PM,1/30/2025 1:44:43 PM,,,2,,,,,,,
3044958,20-062197,2,False,0109,12/20/2020 12:15:00 PM,1215,34X,14,109,Oakland,1,True,True,D,BROADSIDE,,Sunday,,,,,False,False,False,,C,OTHER MOTOR VEHICLE,,0,0,A,DAYLIGHT,,,,,,,A,NO PEDESTRIANS INVOLVED,,A,21802A,,1,WALNUT ST,2,,,D,,,9TH AV,,,A,7/31/2024 12:05:31 PM,1/30/2025 1:44:43 PM,,,2,,,,,,,
3044957,20-062135,2,False,0109,12/19/2020 10:50:00 PM,2250,27X,14,109,Oakland,1,True,True,B,SIDE SWIPE,,Saturday,,,,,False,False,False,,E,PARKED MOTOR VEHICLE,,0,0,A,DAYLIGHT,,,,,,,A,NO PEDESTRIANS INVOLVED,,A,22107,,,65TH AV,2,,,A,N,5.0,INTERNATIONAL BL,F,,A,7/31/2024 12:05:31 PM,1/30/2025 1:44:43 PM,,,2,,,,,,,
3044956,20-061912,2,False,0109,12/19/2020 12:31:00 AM,31,27X,14,109,Oakland,1,True,True,C,REAR END,,Saturday,,,M,,False,False,False,,C,OTHER MOTOR VEHICLE,,0,0,C,DARK-STREET LIGHTS,,,,,,,A,NO PEDESTRIANS INVOLVED,,A,22107,,1,FOOTHILL BL,2,,,A,W,15.0,CONGRESS,F,,A,7/31/2024 12:05:31 PM,1/30/2025 1:44:42 PM,,,2,,,,,,,
3044955,20-061811,2,False,0109,12/18/2020 10:40:00 AM,1040,03X,14,109,Oakland,1,True,True,B,SIDE SWIPE,,Friday,,,M,,False,False,False,,E,PARKED MOTOR VEHICLE,,0,0,A,DAYLIGHT,,,,,,,A,NO PEDESTRIANS INVOLVED,,A,22106,,1,WEBSTER ST,1,,,A,S,40.0,10TH ST,F,,D,7/31/2024 12:05:31 PM,1/30/2025 1:44:43 PM,,,2,,,,,,,