collision-id,report-number,report-version,is-preliminary,ncic-code,crash-date-time,crash-time-description,beat,city-id,city-code,city-name,county-code,city-is-active,city-is-incorporated,collision-type-code,collision-type-description,collision-type-other-desc,day-of-week,dispatch-notified,has-photographs,hit-run,is-attachments-mailed,is-deleted,is-highway-related,is-tow-away,judicial-district,motor-vehicle-involved-with-code,motor-vehicle-involved-with-desc,motor-vehicle-involved-with-other-desc,number-injured,number-killed,lighting-code,lighting-description,latitude,longitude,milepost-direction,milepost-distance,milepost-marker,milepost-unit-of-measure,pedestrian-action-code,pedestrian-action-desc,prepared-date,primary-collision-factor-code,primary-collision-factor-description,primary-collision-factor-is-cited,primary-collision-party-number,primary-road,reporting-district,reporting-district-code,reviewed-date,roadway-surface-code,secondary-direction,secondary-distance,secondary-road,secondary-unit-of-measure,sketch-desc,traffic-control-device-code,created-date,modified-date,is-county-road,is-freeway,chp-555-version,is-additonal-object-struck,notification-date,notification-time-description,has-digital-media-files,evidence-number,is-location-refer-to-narrative,is-aoi-one-same-as-location
3041235,20-063848,2,False,0109,12/31/2020 1:58:00 PM,1358,03X,14,109,Oakland,1,True,True,D,BROADSIDE,,Thursday,,,,,False,False,False,,C,OTHER MOTOR VEHICLE,,2,0,A,DAYLIGHT,,,,,,,A,NO PEDESTRIANS INVOLVED,,A,21453A,,,13TH ST,1,,,A,,,JACKSON ST,,,A,7/31/2024 11:59:25 AM,1/30/2025 1:42:36 PM,,,2,,,,,,,
3041186,20-055639,2,False,0109,11/11/2020 5:39:00 PM,1739,21X,14,109,Oakland,1,True,True,G,VEHICLE/PEDESTRAIN,,Wednesday,,,,,False,False,False,,B,PEDESTRIAN,,1,0,C,DARK-STREET LIGHTS,,,,,,,B,CROSSING IN CROSS WALK AT INTERSECTION,,A,21950A,,1,FRUITVALE AV,1,,,A,S,10.0,BROOKDALE AV,F,,D,7/31/2024 11:59:20 AM,1/30/2025 1:42:34 PM,,,2,,,,,,,
3041185,20-056500,2,False,0109,11/16/2020 11:35:00 PM,2335,26X,14,109,Oakland,1,True,True,E,HIT OBJECT,,Monday,,,,,False,False,False,,I,FIXED OBJECT,,1,0,C,DARK-STREET LIGHTS,,,,,,,A,NO PEDESTRIANS INVOLVED,,A,22107,,1,66TH AV,2,,,A,S,50.0,OAKPORT ST,F,,A,7/31/2024 11:59:19 AM,1/30/2025 1:42:34 PM,,,2,,,,,,,
3040867,20-063771,2,False,0109,12/31/2020 11:37:00 PM,2337,17X,14,109,Oakland,1,True,True,E,HIT OBJECT,,Thursday,,,,,False,False,False,,I,FIXED OBJECT,,0,0,C,DARK-STREET LIGHTS,,,,,,,A,NO PEDESTRIANS INVOLVED,,A,22107,,1,1ST AV,1,,,B,,,LAKESHORE AV,,,A,7/31/2024 11:58:47 AM,1/30/2025 1:42:24 PM,,,2,,,,,,,
3040863,20-057889,2,False,0109,11/24/2020 7:44:00 PM,1944,29X,14,109,Oakland,1,True,True,B,SIDE SWIPE,,Tuesday,,,M,,False,False,False,,C,OTHER MOTOR VEHICLE,,0,0,A,DAYLIGHT,,,,,,,A,NO PEDESTRIANS INVOLVED,,D,,,,55TH AV,2,,,A,N,10.0,HILTON ST,F,,D,7/31/2024 11:58:47 AM,1/30/2025 1:42:24 PM,,,2,,,,,,,
3040859,20-063165,2,False,0109,12/27/2020 12:22:00 AM,22,33X,14,109,Oakland,1,True,True,A,HEAD-ON,,Sunday,,,,,False,False,True,,E,PARKED MOTOR VEHICLE,,0,0,C,DARK-STREET LIGHTS,,,,,,,A,NO PEDESTRIANS INVOLVED,,A,22350,,1,E ST,2,,,A,W,10.0,ELMHURST AV,F,,A,7/31/2024 11:58:46 AM,1/30/2025 1:42:24 PM,,,2,,,,,,,
3040857,20-055094,2,False,0109,11/8/2020 9:02:00 PM,2102,02X,14,109,Oakland,1,True,True,A,HEAD-ON,,Sunday,,,M,,False,False,False,,E,PARKED MOTOR VEHICLE,,0,0,B,DUSK-DAWN,,,,,,,A,NO PEDESTRIANS INVOLVED,,A,22350,,1,3RD ST,1,,,A,W,100.0,LINDEN ST,F,,D,7/31/2024 11:58:46 AM,1/30/2025 1:42:24 PM,,,2,,,,,,,
3040846,20-063209,2,False,0109,12/27/2020 9:45:00 AM,945,31X,14,109,Oakland,1,True,True,E,HIT OBJECT,,Sunday,,,,,False,False,False,,E,PARKED MOTOR VEHICLE,,0,0,A,DAYLIGHT,,,,,,,A,NO PEDESTRIANS INVOLVED,,A,24002,,1,PENDELTON WY,2,,,A,S,40.0,CAPWELL DR,F,,D,7/31/2024 11:58:45 AM,1/30/2025 1:42:23 PM,,,2,,,,,,,
3040021,20-055489,2,False,0109,11/10/2020 6:17:00 PM,1817,01X,14,109,Oakland,1,True,True,B,SIDE SWIPE,,Tuesday,,,M,,False,False,False,,I,FIXED OBJECT,,0,0,C,DARK-STREET LIGHTS,,,,,,,A,NO PEDESTRIANS INVOLVED,,A,22107,,1,5TH ST,1,,,A,E,5.0,WASHINGTON ST,F,,A,7/31/2024 11:57:24 AM,1/30/2025 1:41:54 PM,,,2,,,,,,,
3039436,20-056167,2,False,0109,11/14/2020 3:34:00 PM,1534,05X,14,109,Oakland,1,True,True,D,BROADSIDE,,Saturday,,,,,False,False,False,,C,OTHER MOTOR VEHICLE,,0,0,A,DAYLIGHT,,,,,,,A,NO PEDESTRIANS INVOLVED,,A,21453A,,,14TH ST,1,,,A,,,MARKET ST,,,A,7/31/2024 11:56:30 AM,1/30/2025 1:41:33 PM,,,2,,,,,,,
3039275,20-056515,2,False,0109,11/17/2020 1:49:00 AM,149,24X,14,109,Oakland,1,True,True,B,SIDE SWIPE,,Tuesday,,,M,,False,False,False,,E,PARKED MOTOR VEHICLE,,0,0,C,DARK-STREET LIGHTS,,,,,,,A,NO PEDESTRIANS INVOLVED,,A,22107,,1,VIOLA ST,2,,,A,N,175.0,SUTTER ST,F,,D,7/31/2024 11:56:14 AM,1/30/2025 1:41:27 PM,,,2,,,,,,,
3039273,20-058391,2,False,0109,11/28/2020 11:13:00 AM,1113,22X,14,109,Oakland,1,True,True,B,SIDE SWIPE,,Saturday,,,,,False,False,False,,C,OTHER MOTOR VEHICLE,,0,0,A,DAYLIGHT,,,,,,,A,NO PEDESTRIANS INVOLVED,,A,22107,,1,REDWOOD RD,1,,,A,E,200.0,MOUNTAIN BL,F,,A,7/31/2024 11:56:14 AM,1/30/2025 1:41:26 PM,,,2,,,,,,,
3038993,20-063779,2,False,0109,12/31/2020 11:46:00 PM,2346,34X,14,109,Oakland,1,True,True,C,REAR END,,Thursday,,,M,,False,False,False,,C,OTHER MOTOR VEHICLE,,0,0,C,DARK-STREET LIGHTS,,,,,,,A,NO PEDESTRIANS INVOLVED,,A,21703,,1,INTERNATIONAL BL,1,,,B,E,40.0,83RD AV,F,,D,7/31/2024 11:55:47 AM,1/30/2025 1:41:17 PM,,,2,,,,,,,
3038991,20-059908,2,False,0109,12/7/2020 1:00:00 AM,100,19X,14,109,Oakland,1,True,True,D,BROADSIDE,,Monday,,,M,,False,False,False,,C,OTHER MOTOR VEHICLE,,0,0,C,DARK-STREET LIGHTS,,,,,,,A,NO PEDESTRIANS INVOLVED,,A,22107,,1,LAKESHORE AV,1,,,A,W,50.0,1ST AV,F,,A,7/31/2024 11:55:47 AM,1/30/2025 1:41:17 PM,,,2,,,,,,,
3038990,20-060032,2,False,0109,12/7/2020 4:49:00 PM,1649,04X,14,109,Oakland,1,True,True,C,REAR END,,Monday,,,M,,False,False,False,,G,BICYCLE,,0,0,A,DAYLIGHT,,,,,,,A,NO PEDESTRIANS INVOLVED,,A,22350,,1,WEST GRAND AV,1,,,A,W,50.0,MARTIN LUTHER KING JR WY,F,,D,7/31/2024 11:55:47 AM,1/30/2025 1:41:17 PM,,,2,,,,,,,
3038989,20-061062,2,False,0109,12/13/2020 6:06:00 PM,1806,07X,14,109,Oakland,1,True,True,E,HIT OBJECT,,Sunday,,,,,False,False,False,,I,FIXED OBJECT,,0,0,C,DARK-STREET LIGHTS,,,,,,,A,NO PEDESTRIANS INVOLVED,,A,22107,,1,MANDELA PKWY,1,,,B,N,300.0,32ND ST,F,,D,7/31/2024 11:55:47 AM,1/30/2025 1:41:17 PM,,,2,,,,,,,
3038988,20-060416,2,False,0109,12/9/2020 8:17:00 PM,2017,35X,14,109,Oakland,1,True,True,E,HIT OBJECT,,Wednesday,,,,,False,False,False,,I,FIXED OBJECT,,0,0,C,DARK-STREET LIGHTS,,,,,,,A,NO PEDESTRIANS INVOLVED,,A,22107,,1,THERMAL ST,2,,,A,E,100.0,90TH AV,F,,D,7/31/2024 11:55:46 AM,1/30/2025 1:41:17 PM,,,2,,,,,,,
3038859,20-033455,2,False,0109,7/8/2020 5:47:00 PM,1747,17X,14,109,Oakland,1,True,True,D,BROADSIDE,,Wednesday,,,,,False,True,True,,C,OTHER MOTOR VEHICLE,,1,0,A,DAYLIGHT,,,,,,,A,NO PEDESTRIANS INVOLVED,,A,21801A,,1,MACARTHUR BL,1,,,A,,,CHATHAM RD,,,A,7/31/2024 11:55:35 AM,1/30/2025 1:41:12 PM,,,2,,,,,,,
3038432,20-045596,2,False,0109,9/13/2020 11:41:00 PM,2341,03X,14,109,Oakland,1,True,True,D,BROADSIDE,,Sunday,,,,,False,False,False,,C,OTHER MOTOR VEHICLE,,2,0,C,DARK-STREET LIGHTS,,,,,,,,,,B,,,,OAK ST,1,,,A,,,7TH ST,,,A,7/31/2024 11:54:54 AM,1/30/2025 1:40:59 PM,,,2,,,,,,,
3038428,20-037623,2,False,0109,7/30/2020 8:00:00 PM,2000,20X,14,109,Oakland,1,True,True,D,BROADSIDE,,Thursday,,,,,False,False,False,,C,OTHER MOTOR VEHICLE,,0,0,A,DAYLIGHT,,,,,,,,,,B,,,1,FOOTHILL BL,1,,,A,,,FRUITVALE AV,,,A,7/31/2024 11:54:54 AM,1/30/2025 1:40:59 PM,,,2,,,,,,,
3038427,20-060693,2,False,0109,12/11/2020 10:00:00 AM,1000,31Z,14,109,Oakland,1,True,True,D,BROADSIDE,,Friday,,,,,False,False,False,,A,NON-COLLISION,,0,0,A,DAYLIGHT,,,,,,,,,,A,21453A,,1,105TH AV,2,,,A,,,EDES AV,,,A,7/31/2024 11:54:54 AM,1/30/2025 1:40:59 PM,,,2,,,,,,,
3038423,20-056204,2,False,0109,11/14/2020 11:08:00 PM,2308,24Y,14,109,Oakland,1,True,True,D,BROADSIDE,,Saturday,,,,,False,True,False,,C,OTHER MOTOR VEHICLE,,0,0,C,DARK-STREET LIGHTS,,,,,,,A,NO PEDESTRIANS INVOLVED,,B,,,1,35TH AV,2,,,A,,,RT 580,,,A,7/31/2024 11:54:53 AM,1/30/2025 1:40:58 PM,,,2,,,,,,,
3038376,20-056450,2,False,0109,11/16/2020 4:54:00 PM,1654,17X,14,109,Oakland,1,True,True,B,SIDE SWIPE,,Monday,,,M,,False,False,False,,A,NON-COLLISION,,0,0,A,DAYLIGHT,,,,,,,,,,A,22450A,,1,E 17TH ST,1,,,A,,,13TH AV,,,A,7/31/2024 11:54:49 AM,1/30/2025 1:40:57 PM,,,2,,,,,,,
3038375,20-052680,2,False,0109,10/25/2020 3:57:00 PM,1557,32Y,14,109,Oakland,1,True,True,H,OTHER,,Sunday,,,,,False,False,False,,C,OTHER MOTOR VEHICLE,,0,0,A,DAYLIGHT,,,,,,,A,NO PEDESTRIANS INVOLVED,,B,,,1,107TH AV,2,,,A,,,VOLTAIRE AV,,,D,7/31/2024 11:54:49 AM,1/30/2025 1:40:57 PM,,,2,,,,,,,
3038373,20-048902,2,False,0109,10/2/2020 11:15:00 PM,2315,02X,14,109,Oakland,1,True,True,B,SIDE SWIPE,,Friday,,,M,,False,False,False,,E,PARKED MOTOR VEHICLE,,0,0,C,DARK-STREET LIGHTS,,,,,,,A,NO PEDESTRIANS INVOLVED,,A,22107,,1,ADELINE ST,1,,,A,S,89.0,8TH ST,F,,A,7/31/2024 11:54:49 AM,1/30/2025 1:40:57 PM,,,2,,,,,,,
3038369,20-026060,2,False,0109,5/26/2020 2:28:00 PM,1428,26X,14,109,Oakland,1,True,True,B,SIDE SWIPE,,Tuesday,,,M,,False,False,False,,E,PARKED MOTOR VEHICLE,,0,0,A,DAYLIGHT,,,,,,,A,NO PEDESTRIANS INVOLVED,,A,21751,,1,79TH AV,2,,,A,N,10.0,RUDSDALE ST,F,,A,7/31/2024 11:54:49 AM,1/30/2025 1:40:57 PM,,,2,,,,,,,
3038320,20-054000,2,False,0109,11/1/2020 6:18:00 PM,1818,06X,14,109,Oakland,1,True,True,E,HIT OBJECT,,Sunday,,,,,False,False,True,,C,OTHER MOTOR VEHICLE,,0,0,C,DARK-STREET LIGHTS,,,,,,,A,NO PEDESTRIANS INVOLVED,,B,,,1,27TH STREET,1,,,A,W,10.0,MARTIN LUTHER KING JR WY,F,,A,7/31/2024 11:54:44 AM,1/30/2025 1:40:55 PM,,,2,,,,,,,
3038319,20-044327,2,False,0109,9/6/2020 12:08:00 AM,8,34X,14,109,Oakland,1,True,True,E,HIT OBJECT,,Sunday,,,,,False,False,False,,A,NON-COLLISION,,0,0,C,DARK-STREET LIGHTS,,,,,,,A,NO PEDESTRIANS INVOLVED,,A,21802A,,1,BANCROFT AV,2,,,A,,,88TH AV,,,D,7/31/2024 11:54:44 AM,1/30/2025 1:40:55 PM,,,2,,,,,,,
3038318,20-052139,2,False,0109,10/22/2020 8:35:00 AM,835,02X,14,109,Oakland,1,True,True,B,SIDE SWIPE,,Thursday,,,,,False,False,True,,E,PARKED MOTOR VEHICLE,,0,0,A,DAYLIGHT,,,,,,,A,NO PEDESTRIANS INVOLVED,,B,,,1,ADELINE ST,1,,,A,S,200.0,3RD ST,F,,A,7/31/2024 11:54:44 AM,1/30/2025 1:40:55 PM,,,2,,,,,,,
3038286,20-058085,2,False,0109,11/26/2020 5:07:00 AM,507,03X,14,109,Oakland,1,True,True,B,SIDE SWIPE,,Thursday,,,,,False,False,True,,C,OTHER MOTOR VEHICLE,,0,0,C,DARK-STREET LIGHTS,,,,,,,A,NO PEDESTRIANS INVOLVED,,A,21658A,,1,RT 880,1,,,A,S,0.45,BROADWAY,M,,D,7/31/2024 11:54:41 AM,1/30/2025 1:40:54 PM,,,2,,,,,,,
3038284,20-053809,2,False,0109,10/31/2020 2:12:00 PM,1412,04X,14,109,Oakland,1,True,True,B,SIDE SWIPE,,Saturday,,,,,False,False,False,,I,FIXED OBJECT,,0,0,A,DAYLIGHT,,,,,,,A,NO PEDESTRIANS INVOLVED,,C,,,,HARRISON ST,1,,,A,,,12TH ST,,,A,7/31/2024 11:54:41 AM,1/30/2025 1:40:54 PM,,,2,,,,,,,
3038280,20-045595,2,False,0109,9/13/2020 11:33:00 PM,2333,19X,14,109,Oakland,1,True,True,A,HEAD-ON,,Sunday,,,,,False,False,False,,C,OTHER MOTOR VEHICLE,,3,0,C,DARK-STREET LIGHTS,,,,,,,,,,A,23152A,,1,LAKESHORE AV,1,,,A,W,98.0,1ST AV,F,,D,7/31/2024 11:54:41 AM,1/30/2025 1:40:54 PM,,,2,,,,,,,
3038171,20-016766,2,False,0109,3/29/2020 6:51:00 PM,1851,27X,14,109,Oakland,1,True,True,B,SIDE SWIPE,,Sunday,,,F,,False,False,False,,E,PARKED MOTOR VEHICLE,,3,1,B,DUSK-DAWN,,,,,,,F,NOT IN ROAD,,A,23152G,,1,BANCROFT AV,2,,,A,W,100.0,COLE ST,F,,D,7/31/2024 11:54:29 AM,1/30/2025 1:40:50 PM,,,2,,,,,,,
3036949,20-049182,2,False,0109,10/5/2020 8:03:00 PM,2003,23X,14,109,Oakland,1,True,True,B,SIDE SWIPE,,Monday,,,,,False,False,True,,C,OTHER MOTOR VEHICLE,,0,0,C,DARK-STREET LIGHTS,,,,,,,A,NO PEDESTRIANS INVOLVED,,A,22107,,1,INTERNATIONAL AV,2,,,A,,,39TH ST,,,A,7/31/2024 11:52:37 AM,1/30/2025 1:40:11 PM,,,2,,,,,,,
3036948,20-052805,2,False,0109,10/26/2020 11:17:00 AM,1117,22X,14,109,Oakland,1,True,True,C,REAR END,,Monday,,,,,False,False,False,,E,PARKED MOTOR VEHICLE,,0,0,A,DAYLIGHT,,,,,,,A,NO PEDESTRIANS INVOLVED,,A,22107,,1,FRUITVALE AV,1,,,A,N,60.0,MACARTHUR BL,F,,A,7/31/2024 11:52:37 AM,1/30/2025 1:40:11 PM,,,2,,,,,,,
3036947,20-053461,2,False,0109,10/29/2020 8:56:00 PM,2056,32X,14,109,Oakland,1,True,True,D,BROADSIDE,,Thursday,,,M,,False,False,False,,C,OTHER MOTOR VEHICLE,,0,0,C,DARK-STREET LIGHTS,,,,,,,A,NO PEDESTRIANS INVOLVED,,A,21802A,,1,MACARTHUR,2,,,A,,,99TH AV,,,D,7/31/2024 11:52:37 AM,1/30/2025 1:40:11 PM,,,2,,,,,,,
3036946,20-053875,2,False,0109,10/31/2020 11:58:00 PM,2358,27X,14,109,Oakland,1,True,True,A,HEAD-ON,,Saturday,,,F,,False,False,False,,,,,0,0,C,DARK-STREET LIGHTS,,,,,,,A,NO PEDESTRIANS INVOLVED,,A,22450A,,1,16TH ST,2,,,A,,,SEMINARY AV,,,A,7/31/2024 11:52:37 AM,1/30/2025 1:40:11 PM,,,2,,,,,,,
3036945,20-053767,2,False,0109,10/31/2020 10:37:00 AM,1037,12Y,14,109,Oakland,1,True,True,B,SIDE SWIPE,,Saturday,,,,,False,False,False,,C,OTHER MOTOR VEHICLE,,0,0,A,DAYLIGHT,,,,,,,A,NO PEDESTRIANS INVOLVED,,A,21453A,,,COLLEGE AV,1,,,A,,,MILES AV,,,A,7/31/2024 11:52:37 AM,1/30/2025 1:40:11 PM,,,2,,,,,,,
3036944,20-053395,2,False,0109,10/29/2020 12:50:00 PM,1250,17X,14,109,Oakland,1,True,True,D,BROADSIDE,,Thursday,,,M,,False,False,False,,C,OTHER MOTOR VEHICLE,,0,0,A,DAYLIGHT,,,,,,,A,NO PEDESTRIANS INVOLVED,,A,21802A,,1,11TH AV,1,,,A,,,E 18TH ST,,,A,7/31/2024 11:52:37 AM,1/30/2025 1:40:11 PM,,,2,,,,,,,
3036943,20-053186,2,False,0109,10/28/2020 10:41:00 AM,1041,19X,14,109,Oakland,1,True,True,C,REAR END,,Wednesday,,,M,,False,False,False,,D,MOTOR VEHICLE ON OTHER ROADWAY,,0,0,A,DAYLIGHT,,,,,,,A,NO PEDESTRIANS INVOLVED,,A,22350,,1,14TH AV,1,,,A,,,INTERNATIONAL BL,,,A,7/31/2024 11:52:37 AM,1/30/2025 1:40:11 PM,,,2,,,,,,,
3036942,20-053865,2,False,0109,10/31/2020 6:46:00 PM,1846,31Y,14,109,Oakland,1,True,True,A,HEAD-ON,,Saturday,,,M,,False,False,True,,E,PARKED MOTOR VEHICLE,,0,0,A,DAYLIGHT,,,,,,,A,NO PEDESTRIANS INVOLVED,,A,22107,,1,EDES AV,2,,,A,W,30.0,CLARA ST,F,,A,7/31/2024 11:52:37 AM,1/30/2025 1:40:11 PM,,,2,,,,,,,
3036941,20-050464,2,False,0109,10/12/2020 5:00:00 PM,1700,27X,14,109,Oakland,1,True,True,C,REAR END,,Monday,,,M,,False,False,False,,C,OTHER MOTOR VEHICLE,,0,0,A,DAYLIGHT,,,,,,,A,NO PEDESTRIANS INVOLVED,,A,22450A,,1,BOND ST,2,,,A,,,46TH AV,,,A,7/31/2024 11:52:37 AM,1/30/2025 1:40:11 PM,,,2,,,,,,,
3036931,20-053466,2,False,0109,10/29/2020 12:00:00 AM,2500,32Y,14,109,Oakland,1,True,True,E,HIT OBJECT,,Thursday,,,,,False,False,True,,I,FIXED OBJECT,,0,0,C,DARK-STREET LIGHTS,,,,,,,A,NO PEDESTRIANS INVOLVED,,A,22107,,1,2551 DURANT AV,1,,,A,S,45.0,HOLLISTER CT,F,,D,7/31/2024 11:52:36 AM,1/30/2025 1:40:11 PM,,,2,,,,,,,
3036930,20-053463,2,False,0109,10/29/2020 6:30:00 PM,1830,07X,14,109,Oakland,1,True,True,A,HEAD-ON,,Thursday,,,M,,False,False,False,,E,PARKED MOTOR VEHICLE,,0,0,B,DUSK-DAWN,,,,,,,A,NO PEDESTRIANS INVOLVED,,A,22107,,1,26TH ST,1,,,A,E,5.0,MYRTLE ST,F,,D,7/31/2024 11:52:36 AM,1/30/2025 1:40:11 PM,,,2,,,,,,,
3036928,20-053864,2,False,0109,10/31/2020 10:00:00 PM,2200,02Y,14,109,Oakland,1,True,True,C,REAR END,,Saturday,,,M,,False,False,False,,E,PARKED MOTOR VEHICLE,,0,0,C,DARK-STREET LIGHTS,,,,,,,A,NO PEDESTRIANS INVOLVED,,A,22106,,1,CENTER ST,1,,,A,N,215.0,9TH,F,,A,7/31/2024 11:52:36 AM,1/30/2025 1:40:10 PM,,,2,,,,,,,
3036878,20-051594,2,False,0109,10/19/2020 10:25:00 AM,1025,27X,14,109,Oakland,1,True,True,A,HEAD-ON,,Monday,,,M,,False,False,True,,C,OTHER MOTOR VEHICLE,,0,0,A,DAYLIGHT,,,,,,,A,NO PEDESTRIANS INVOLVED,,A,21651B,,1,HAYES AV,2,,,A,E,120.0,62ND AV,F,,A,7/31/2024 11:52:32 AM,1/30/2025 1:39:22 PM,,,2,,,,,,,
3036876,20-049742,2,False,0109,10/7/2020 8:28:00 PM,2028,16X,14,109,Oakland,1,True,True,B,SIDE SWIPE,,Wednesday,,,,,False,False,False,,E,PARKED MOTOR VEHICLE,,0,0,C,DARK-STREET LIGHTS,,,,,,,A,NO PEDESTRIANS INVOLVED,,A,23152A,,1,BALFOUR AV,1,,,A,W,35.0,ROSAL AV,F,,D,7/31/2024 11:52:32 AM,1/30/2025 1:39:22 PM,,,2,,,,,,,
3036873,20-053586,2,False,0109,10/30/2020 2:35:00 PM,1435,29X,14,109,Oakland,1,True,True,C,REAR END,,Friday,,,M,,False,False,False,,C,OTHER MOTOR VEHICLE,,0,0,A,DAYLIGHT,,,,,,,A,NO PEDESTRIANS INVOLVED,,A,22450A,,1,OVERDALE AV,2,,,A,,,SEMINARY AV,,,A,7/31/2024 11:52:32 AM,1/30/2025 1:39:22 PM,,,2,,,,,,,
3036848,20-049005,2,False,0109,10/3/2020 5:44:00 PM,1744,23X,14,109,Oakland,1,True,True,D,BROADSIDE,,Saturday,,,,,False,False,False,,C,OTHER MOTOR VEHICLE,,0,0,A,DAYLIGHT,,,,,,,A,NO PEDESTRIANS INVOLVED,,A,21802A,,1,35TH AV,2,,,A,,,18TH ST,,,A,7/31/2024 11:52:29 AM,1/30/2025 1:38:34 PM,,,2,,,,,,,
3036791,20-52713,2,False,0109,10/25/2020 8:06:00 PM,2006,03X,14,109,Oakland,1,True,True,A,HEAD-ON,,Sunday,,,,,False,False,False,,C,OTHER MOTOR VEHICLE,,1,0,C,DARK-STREET LIGHTS,,,,,,,A,NO PEDESTRIANS INVOLVED,,A,21453A,,1,13TH ST,1,,,A,,,JACKSON ST,,,A,7/31/2024 11:52:25 AM,1/30/2025 1:38:32 PM,,,2,,,,,,,
3036790,20-051675,2,False,0109,10/19/2020 5:25:00 PM,1725,12Y,14,109,Oakland,1,True,True,B,SIDE SWIPE,,Monday,,,,,False,False,True,,E,PARKED MOTOR VEHICLE,,1,0,A,DAYLIGHT,,,,,,,A,NO PEDESTRIANS INVOLVED,,A,22107,,1,TELEGRAPH AV,1,,,A,N,159.0,65TH ST,F,,A,7/31/2024 11:52:25 AM,1/30/2025 1:38:32 PM,,,2,,,,,,,
3036789,20-053796,2,False,0109,10/31/2020 12:27:00 PM,1227,21Y,14,109,Oakland,1,True,True,H,OTHER,,Saturday,,,M,,False,False,False,,G,BICYCLE,,1,0,A,DAYLIGHT,,,,,,,A,NO PEDESTRIANS INVOLVED,,A,216501,,1,ARKANSAS ST,1,,,A,E,361.0,LAUREL ST,F,,D,7/31/2024 11:52:25 AM,1/30/2025 1:38:32 PM,,,2,,,,,,,
3036788,20-052667,2,False,0109,10/25/2020 2:33:00 PM,1433,06X,14,109,Oakland,1,True,True,D,BROADSIDE,,Sunday,,,M,,False,False,False,,C,OTHER MOTOR VEHICLE,,1,0,A,DAYLIGHT,,,,,,,A,NO PEDESTRIANS INVOLVED,,A,21453A,,1,27TH AV,1,,,A,,,27TH ST 600,,,A,7/31/2024 11:52:24 AM,1/30/2025 1:38:32 PM,,,2,,,,,,,
3036787,20-052054,2,False,0109,10/21/2020 6:57:00 PM,1857,27X,14,109,Oakland,1,True,True,G,VEHICLE/PEDESTRAIN,,Wednesday,,,F,,False,False,False,,B,PEDESTRIAN,,1,0,C,DARK-STREET LIGHTS,,,,,,,B,CROSSING IN CROSS WALK AT INTERSECTION,,A,21950A,,1,INTERNATIONAL BL,2,,,A,E,25.0,64TH AV,F,,A,7/31/2024 11:52:24 AM,1/30/2025 1:38:32 PM,,,2,,,,,,,
3036760,20-052965,2,False,0109,10/27/2020 10:00:00 AM,1000,31X,14,109,Oakland,1,True,True,B,SIDE SWIPE,,Tuesday,,,,,False,False,False,,C,OTHER MOTOR VEHICLE,,1,0,A,DAYLIGHT,,,,,,,A,NO PEDESTRIANS INVOLVED,,A,22107,,1,HEGENBERGER RD,2,,,A,N,600.0,DOOLITTLE DR,F,,D,7/31/2024 11:52:22 AM,1/30/2025 1:38:31 PM,,,2,,,,,,,
3036759,20-049030,2,False,0109,10/3/2020 10:33:00 PM,2233,28X,14,109,Oakland,1,True,True,,,,Saturday,,,,,False,False,False,,F,TRAIN,,1,0,A,DAYLIGHT,,,,,,,A,NO PEDESTRIANS INVOLVED,,A,22107,,1,MACARTHUR BL,2,,,A,E,60.0,55TH AV,F,,A,7/31/2024 11:52:22 AM,1/30/2025 1:38:31 PM,,,2,,,,,,,
3036758,20-053713,2,False,0109,10/31/2020 7:39:00 AM,739,30X,14,109,Oakland,1,True,True,B,SIDE SWIPE,,Saturday,,,,,False,False,True,,E,PARKED MOTOR VEHICLE,,1,0,A,DAYLIGHT,,,,,,,A,NO PEDESTRIANS INVOLVED,,A,22107,,1,75TH AV,2,,,A,S,50.0,NEY AV,F,,D,7/31/2024 11:52:22 AM,1/30/2025 1:38:31 PM,,,2,,,,,,,
3036757,20-053458,2,False,0109,10/29/2020 9:15:00 PM,2115,26Y,14,109,Oakland,1,True,True,D,BROADSIDE,,Thursday,,,,,False,False,True,,C,OTHER MOTOR VEHICLE,,3,0,C,DARK-STREET LIGHTS,,,,,,,A,NO PEDESTRIANS INVOLVED,,A,21802A,,1,69TH AV,2,,,A,,,HAWLEY ST,,,A,7/31/2024 11:52:21 AM,1/30/2025 1:38:31 PM,,,2,,,,,,,
3036756,20-053820,2,False,0109,10/31/2020 4:35:00 PM,1635,26X,14,109,Oakland,1,True,True,G,VEHICLE/PEDESTRAIN,,Saturday,,,M,,False,False,False,,B,PEDESTRIAN,,1,0,A,DAYLIGHT,,,,,,,E,IN ROAD - INCLUDES SHOULDER,,A,22350,,1,SAN LEANDRO ST,2,,,A,E,30.0,54TH AV,F,,D,7/31/2024 11:52:21 AM,1/30/2025 1:38:31 PM,,,2,,,,,,,
3036755,20-052767,2,False,0109,10/26/2020 4:50:00 AM,450,17X,14,109,Oakland,1,True,True,D,BROADSIDE,,Monday,,,M,,False,False,False,,C,OTHER MOTOR VEHICLE,,2,0,A,DAYLIGHT,,,,,,,A,NO PEDESTRIANS INVOLVED,,A,22450A,,1,FOOTHILL BL,1,,,A,,,11TH AV,,,A,7/31/2024 11:52:21 AM,1/30/2025 1:38:31 PM,,,2,,,,,,,
3036754,20-05145,2,False,0109,10/18/2020 10:55:00 AM,1055,22X,14,109,Oakland,1,True,True,A,HEAD-ON,,Sunday,,,F,,False,False,True,,C,OTHER MOTOR VEHICLE,,1,0,A,DAYLIGHT,,,,,,,A,NO PEDESTRIANS INVOLVED,,A,21802A,,1,MACARTHUR BL,1,,,A,,,RHODA AV,,,A,7/31/2024 11:52:21 AM,1/30/2025 1:38:30 PM,,,2,,,,,,,
3036753,20-051831,2,False,0109,10/20/2020 4:05:00 PM,1605,33X,14,109,Oakland,1,True,True,B,SIDE SWIPE,,Tuesday,,,M,,False,False,False,,C,OTHER MOTOR VEHICLE,,1,0,A,DAYLIGHT,,,,,,,A,NO PEDESTRIANS INVOLVED,,A,22107,,1,SAN LEANDRO ST,2,,,A,E,50.0,92ND AV,F,,A,7/31/2024 11:52:21 AM,1/30/2025 1:38:30 PM,,,2,,,,,,,