collision-id,report-number,report-version,is-preliminary,ncic-code,crash-date-time,crash-time-description,beat,city-id,city-code,city-name,county-code,city-is-active,city-is-incorporated,collision-type-code,collision-type-description,collision-type-other-desc,day-of-week,dispatch-notified,has-photographs,hit-run,is-attachments-mailed,is-deleted,is-highway-related,is-tow-away,judicial-district,motor-vehicle-involved-with-code,motor-vehicle-involved-with-desc,motor-vehicle-involved-with-other-desc,number-injured,number-killed,lighting-code,lighting-description,latitude,longitude,milepost-direction,milepost-distance,milepost-marker,milepost-unit-of-measure,pedestrian-action-code,pedestrian-action-desc,prepared-date,primary-collision-factor-code,primary-collision-factor-description,primary-collision-factor-is-cited,primary-collision-party-number,primary-road,reporting-district,reporting-district-code,reviewed-date,roadway-surface-code,secondary-direction,secondary-distance,secondary-road,secondary-unit-of-measure,sketch-desc,traffic-control-device-code,created-date,modified-date,is-county-road,is-freeway,chp-555-version,is-additonal-object-struck,notification-date,notification-time-description,has-digital-media-files,evidence-number,is-location-refer-to-narrative,is-aoi-one-same-as-location
3049638,20-062383,2,False,0109,12/21/2020 2:00:00 PM,1400,23X,14,109,Oakland,1,True,True,G,VEHICLE/PEDESTRAIN,,Monday,,,M,,False,False,False,,B,PEDESTRIAN,,1,0,A,DAYLIGHT,,,,,,,B,CROSSING IN CROSS WALK AT INTERSECTION,,A,21950A,,1,INTERNATIONAL BL,2,,,A,,,37TH AV,,,D,7/31/2024 12:13:24 PM,1/30/2025 1:47:11 PM,,,2,,,,,,,
3049633,,2,False,0109,12/31/2020 7:30:00 PM,1930,,14,109,Oakland,1,True,True,D,BROADSIDE,,Thursday,,,M,,False,False,False,,E,PARKED MOTOR VEHICLE,,0,0,C,DARK-STREET LIGHTS,,,,,,,A,NO PEDESTRIANS INVOLVED,,A,22350,,1,MACARTHUR BL,,,,A,E,50.0,MADRONE PATH,F,,A,7/31/2024 12:13:24 PM,1/30/2025 1:47:11 PM,,,2,,,,,,,
3049632,20-062718,2,False,0109,12/23/2020 4:26:00 PM,1626,34X,14,109,Oakland,1,True,True,A,HEAD-ON,,Wednesday,,,,,False,False,False,,E,PARKED MOTOR VEHICLE,,0,0,A,DAYLIGHT,,,,,,,A,NO PEDESTRIANS INVOLVED,,A,22107,,1,PLYMOUTH ST,2,,,A,W,5.0,86TH AV,F,,D,7/31/2024 12:13:24 PM,1/30/2025 1:47:11 PM,,,2,,,,,,,
3049617,20-051004,2,False,0109,10/16/2020 1:17:00 AM,117,34X,14,109,Oakland,1,True,True,A,HEAD-ON,,Friday,,,,,False,False,True,,C,OTHER MOTOR VEHICLE,,2,0,C,DARK-STREET LIGHTS,,,,,,,A,NO PEDESTRIANS INVOLVED,,A,23152A,,1,94TH AV,2,,,A,S,300.0,INTERNATIONAL BL,F,,D,7/31/2024 12:13:22 PM,1/30/2025 1:47:10 PM,,,2,,,,,,,
3049613,20-052933,2,False,0109,10/27/2020 6:44:00 AM,644,03X,14,109,Oakland,1,True,True,D,BROADSIDE,,Tuesday,,,,,False,False,False,,C,OTHER MOTOR VEHICLE,,1,0,C,DARK-STREET LIGHTS,,,,,,,A,NO PEDESTRIANS INVOLVED,,A,21453A,,,7TH ST,1,,,A,,,JACKSON ST,,,A,7/31/2024 12:13:22 PM,1/30/2025 1:47:11 PM,,,2,,,,,,,
3049599,20-060397,2,False,0109,12/9/2020 5:50:00 PM,1750,30X,14,109,Oakland,1,True,True,A,HEAD-ON,,Wednesday,,,,,False,False,True,,I,FIXED OBJECT,,0,0,B,DUSK-DAWN,,,,,,,A,NO PEDESTRIANS INVOLVED,,A,22107,,1,INTERNATIONAL,2,,,A,N,10.0,73RD AV,F,,A,7/31/2024 12:13:21 PM,1/30/2025 1:47:10 PM,,,2,,,,,,,
3049548,20-011894,2,False,0109,3/1/2020 6:55:00 PM,1855,08X,14,109,Oakland,1,True,True,C,REAR END,,Sunday,,,,,False,False,False,,C,OTHER MOTOR VEHICLE,,0,0,C,DARK-STREET LIGHTS,,,,,,,A,NO PEDESTRIANS INVOLVED,,A,22350,,1,27TH ST,1,,,A,W,100.0,TELEGRAPH AV,F,,A,7/31/2024 12:13:16 PM,1/30/2025 1:47:09 PM,,,2,,,,,,,
3049539,20-058632,2,False,0109,11/30/2020 12:35:00 AM,35,10X,14,109,Oakland,1,True,True,C,REAR END,,Monday,,,M,,False,False,True,,,,,0,0,B,DUSK-DAWN,,,,,,,A,NO PEDESTRIANS INVOLVED,,A,22107,,1,63RD ST,1,,,A,,,BAKER ST,,,D,7/31/2024 12:13:15 PM,1/30/2025 1:47:08 PM,,,2,,,,,,,
3049537,20-054706,2,False,0109,11/5/2020 9:20:00 PM,2120,19X,14,109,Oakland,1,True,True,D,BROADSIDE,,Thursday,,,M,,False,False,True,,C,OTHER MOTOR VEHICLE,,0,0,C,DARK-STREET LIGHTS,,,,,,,A,NO PEDESTRIANS INVOLVED,,A,21453A,,1,INTERNATIONAL BL,1,,,A,,,23RD AV,,,A,7/31/2024 12:13:15 PM,1/30/2025 1:47:08 PM,,,2,,,,,,,
3049500,20-038034,2,False,0109,8/2/2020 1:22:00 PM,1322,26Y,14,109,Oakland,1,True,True,B,SIDE SWIPE,,Sunday,,,,,False,False,False,,E,PARKED MOTOR VEHICLE,,0,0,A,DAYLIGHT,,,,,,,A,NO PEDESTRIANS INVOLVED,,A,22107,,1,73RD AV,2,,,A,N,260.0,HAMILTON ST,F,,D,7/31/2024 12:13:11 PM,1/30/2025 1:47:07 PM,,,2,,,,,,,
3049363,20-059256,2,False,0109,12/3/2020 2:56:00 PM,1456,27X,14,109,Oakland,1,True,True,B,SIDE SWIPE,,Thursday,,,,,False,False,False,,C,OTHER MOTOR VEHICLE,,0,1,A,DAYLIGHT,,,,,,,A,NO PEDESTRIANS INVOLVED,,A,22107,,1,TRASK ST,2,,,A,,,MONTICELLO AV,,,A,7/31/2024 12:12:56 PM,1/30/2025 1:47:03 PM,,,2,,,,,,,
3049361,20-041609,2,False,0109,8/22/2020 12:39:00 AM,39,05Y,14,109,Oakland,1,True,True,C,REAR END,,Saturday,,,,,False,False,False,,E,PARKED MOTOR VEHICLE,,2,1,C,DARK-STREET LIGHTS,,,,,,,A,NO PEDESTRIANS INVOLVED,,A,22107,,1,FRONTAGE RD,1,,,A,,,14TH ST,,,D,7/31/2024 12:12:56 PM,1/30/2025 1:47:03 PM,,,2,,,,,,,
3049360,20-057617,2,False,0109,11/23/2020 1:59:00 PM,1359,16Y,14,109,Oakland,1,True,True,A,HEAD-ON,,Monday,,,,,False,False,False,,C,OTHER MOTOR VEHICLE,,0,1,A,DAYLIGHT,,,,,,,A,NO PEDESTRIANS INVOLVED,,D,,,,EXCELSIOR AV,1,,,A,E,25.0,MACARTHUR,F,,A,7/31/2024 12:12:56 PM,1/30/2025 1:47:03 PM,,,2,,,,,,,
3049359,20-046306,2,False,0109,9/17/2020 10:11:00 PM,2211,22Y,14,109,Oakland,1,True,True,E,HIT OBJECT,,Thursday,,,,,False,False,True,,I,FIXED OBJECT,,1,1,C,DARK-STREET LIGHTS,,,,,,,A,NO PEDESTRIANS INVOLVED,,A,23152A,,1,SKYLINE BL,1,,,A,E,271.0,KIMBERLIN HEIGHTS DR,F,,D,7/31/2024 12:12:56 PM,1/30/2025 1:47:03 PM,,,2,,,,,,,
3049358,20-026319,2,False,0109,5/27/2020 9:37:00 PM,2137,07X,14,109,Oakland,1,True,True,G,VEHICLE/PEDESTRAIN,,Wednesday,,,,,False,False,True,,B,PEDESTRIAN,,0,1,C,DARK-STREET LIGHTS,,,,,,,B,CROSSING IN CROSS WALK AT INTERSECTION,,A,21950A,,1,SAN PABLO AV,1,,,A,N,3.0,FILBERT ST,F,,D,7/31/2024 12:12:56 PM,1/30/2025 1:47:03 PM,,,2,,,,,,,
3049343,21-008073,2,False,0109,12/14/2020 9:08:00 PM,2108,19X,14,109,Oakland,1,True,True,E,HIT OBJECT,,Monday,,,,,False,False,False,,I,FIXED OBJECT,,1,0,C,DARK-STREET LIGHTS,,,,,,,A,NO PEDESTRIANS INVOLVED,,A,22107,,1,E 12TH ST,1,,,A,E,15.0,11TH AV,F,,A,7/31/2024 12:12:54 PM,1/30/2025 1:47:02 PM,,,2,,,,,,,
3049323,20-032772,2,False,0109,7/5/2020 9:36:00 AM,936,13X,14,109,Oakland,1,True,True,H,OTHER,,Sunday,,,,,False,False,False,,G,BICYCLE,,1,0,A,DAYLIGHT,,,,,,,A,NO PEDESTRIANS INVOLVED,,A,21802A,,1,HARBORD DR,1,,,A,,,MORAGA AV,,,A,7/31/2024 12:12:51 PM,1/30/2025 1:47:02 PM,,,2,,,,,,,
3049298,20-035425,2,False,0109,7/19/2020 1:38:00 PM,1338,34X,14,109,Oakland,1,True,True,C,REAR END,,Sunday,,,,,False,False,False,,E,PARKED MOTOR VEHICLE,,0,0,A,DAYLIGHT,,,,,,,A,NO PEDESTRIANS INVOLVED,,A,22107,,1,96TH AV,2,,,A,,,BIRCH ST,,,A,7/31/2024 12:12:49 PM,1/30/2025 1:47:01 PM,,,2,,,,,,,
3049297,20-041888,2,False,0109,8/23/2020 6:14:00 PM,1814,27X,14,109,Oakland,1,True,True,C,REAR END,,Sunday,,,,,False,False,False,,C,OTHER MOTOR VEHICLE,,0,0,B,DUSK-DAWN,,,,,,,A,NO PEDESTRIANS INVOLVED,,A,22107,,1,BANCROFT AV,2,,,A,E,50.0,51ST AV,F,,D,7/31/2024 12:12:49 PM,1/30/2025 1:47:01 PM,,,2,,,,,,,
3049296,20-052525,2,False,0109,10/24/2020 6:34:00 PM,1834,23X,14,109,Oakland,1,True,True,B,SIDE SWIPE,,Saturday,,,M,,False,False,False,,I,FIXED OBJECT,,0,0,C,DARK-STREET LIGHTS,,,,,,,A,NO PEDESTRIANS INVOLVED,,A,22107,,1,42ND AV,2,,,A,S,192.0,BOND ST,F,,D,7/31/2024 12:12:49 PM,1/30/2025 1:47:01 PM,,,2,,,,,,,
3049274,20-041059,2,False,0109,8/18/2020 7:00:00 PM,1900,19X,14,109,Oakland,1,True,True,B,SIDE SWIPE,,Tuesday,,,,,False,False,False,,E,PARKED MOTOR VEHICLE,,0,0,A,DAYLIGHT,,,,,,,A,NO PEDESTRIANS INVOLVED,,A,22107,,1,18TH AV,1,,,A,N,300.0,FOOTHILL BL,F,,D,7/31/2024 12:12:47 PM,1/30/2025 1:47:00 PM,,,2,,,,,,,
3049271,20-051505,2,False,0109,10/18/2020 7:22:00 PM,1922,06X,14,109,Oakland,1,True,True,C,REAR END,,Sunday,,,M,,False,False,False,,E,PARKED MOTOR VEHICLE,,0,0,C,DARK-STREET LIGHTS,,,,,,,A,NO PEDESTRIANS INVOLVED,,A,22350,,1,MACARTHUR BL,1,,,A,,,WEST ST,,,D,7/31/2024 12:12:47 PM,1/30/2025 1:47:00 PM,,,2,,,,,,,
3049269,20-038127,2,False,0109,8/3/2020 5:37:00 AM,537,17X,14,109,Oakland,1,True,True,B,SIDE SWIPE,,Monday,,,M,,False,False,True,,C,OTHER MOTOR VEHICLE,,0,0,A,DAYLIGHT,,,,,,,A,NO PEDESTRIANS INVOLVED,,A,23152A,,1,BEAUMONT AV,1,,,A,S,60.0,MACARTHUR BL,F,,D,7/31/2024 12:12:46 PM,1/30/2025 1:47:00 PM,,,2,,,,,,,
3049268,20-017615,2,False,0109,4/3/2020 11:29:00 PM,2329,19X,14,109,Oakland,1,True,True,C,REAR END,,Friday,,,M,,False,False,False,,C,OTHER MOTOR VEHICLE,,0,0,C,DARK-STREET LIGHTS,,,,,,,A,NO PEDESTRIANS INVOLVED,,A,22350,,1,FOOTHILL BL,1,,,A,,,18TH AV,,,D,7/31/2024 12:12:46 PM,1/30/2025 1:47:00 PM,,,2,,,,,,,
3049266,20-036525,2,False,0109,7/24/2020 11:49:00 PM,2349,20X,14,109,Oakland,1,True,True,B,SIDE SWIPE,,Friday,,,M,,False,False,True,,C,OTHER MOTOR VEHICLE,,0,0,C,DARK-STREET LIGHTS,,,,,,,A,NO PEDESTRIANS INVOLVED,,A,22107,,1,INTERNATIONAL BL,1,,,A,E,60.0,28TH AV,F,,A,7/31/2024 12:12:46 PM,1/30/2025 1:47:00 PM,,,2,,,,,,,
3049264,20-024688,2,False,0109,5/15/2020 5:58:00 PM,1758,32X,14,109,Oakland,1,True,True,B,SIDE SWIPE,,Friday,,,M,,False,False,False,,C,OTHER MOTOR VEHICLE,,0,0,A,DAYLIGHT,,,,,,,A,NO PEDESTRIANS INVOLVED,,A,22107,,1,MACARTHUR BL,2,,,A,E,10.0,100TH AV,F,,A,7/31/2024 12:12:46 PM,1/30/2025 1:47:00 PM,,,2,,,,,,,
3049250,20-059421,2,False,0109,12/4/2020 11:46:00 AM,1146,19X,14,109,Oakland,1,True,True,C,REAR END,,Friday,,,M,,False,False,False,,C,OTHER MOTOR VEHICLE,,0,0,A,DAYLIGHT,,,,,,,A,NO PEDESTRIANS INVOLVED,,A,22350,,1,E 12TH ST,1,,,A,W,5.0,22ND AV,F,,D,7/31/2024 12:12:45 PM,1/30/2025 1:47:00 PM,,,2,,,,,,,
3049249,20-037987,2,False,0109,8/2/2020 3:50:00 AM,350,06X,14,109,Oakland,1,True,True,B,SIDE SWIPE,,Sunday,,,,,False,False,False,,E,PARKED MOTOR VEHICLE,,0,0,C,DARK-STREET LIGHTS,,,,,,,A,NO PEDESTRIANS INVOLVED,,A,22350,,1,W MACARTHUR BL,1,,,A,W,100.0,WEST ST,F,,A,7/31/2024 12:12:45 PM,1/30/2025 1:46:59 PM,,,2,,,,,,,
3049225,20-027856,2,False,0109,6/7/2020 12:01:00 AM,1,23X,14,109,Oakland,1,True,True,C,REAR END,,Sunday,,,,,False,False,False,,C,OTHER MOTOR VEHICLE,,0,0,C,DARK-STREET LIGHTS,,,,,,,F,NOT IN ROAD,,A,22350,,1,ALAMEDA AV,2,,,A,,,FRUITVALE AV,,,D,7/31/2024 12:12:42 PM,1/30/2025 1:46:58 PM,,,2,,,,,,,
3049222,20-038677,2,False,0109,8/5/2020 7:46:00 PM,1946,31X,14,109,Oakland,1,True,True,B,SIDE SWIPE,,Wednesday,,,,,False,False,False,,E,PARKED MOTOR VEHICLE,,0,0,B,DUSK-DAWN,,,,,,,A,NO PEDESTRIANS INVOLVED,,C,,,,NOVELDA DR,2,,,A,E,100.0,BERGEDO DR,F,,D,7/31/2024 12:12:42 PM,1/30/2025 1:46:58 PM,,,2,,,,,,,
3049219,20-014286,2,False,0109,3/13/2020 3:56:00 PM,1556,26X,14,109,Oakland,1,True,True,D,BROADSIDE,,Friday,,,,,False,False,True,,C,OTHER MOTOR VEHICLE,,0,0,A,DAYLIGHT,,,,,,,A,NO PEDESTRIANS INVOLVED,,A,22350,,1,INTERNATIONAL BL,2,,,A,W,110.0,65TH AV,F,,D,7/31/2024 12:12:41 PM,1/30/2025 1:46:58 PM,,,2,,,,,,,
3049218,20-037407,2,False,0109,7/29/2020 7:17:00 PM,1917,06X,14,109,Oakland,1,True,True,B,SIDE SWIPE,,Wednesday,,,,,False,False,False,,E,PARKED MOTOR VEHICLE,,0,0,A,DAYLIGHT,,,,,,,A,NO PEDESTRIANS INVOLVED,,A,22107,,1,35TH ST,1,,,A,W,50.0,SAN PABLO AV,F,,A,7/31/2024 12:12:41 PM,1/30/2025 1:46:58 PM,,,2,,,,,,,
3049197,20-063097,2,False,0109,12/26/2020 3:10:00 PM,1510,20X,14,109,Oakland,1,True,True,B,SIDE SWIPE,,Saturday,,,,,False,False,False,,C,OTHER MOTOR VEHICLE,,0,0,A,DAYLIGHT,,,,,,,A,NO PEDESTRIANS INVOLVED,,A,21453A,,,INTERNATIONAL BL,1,,,A,,,DERY AV,,,A,7/31/2024 12:12:39 PM,1/30/2025 1:46:57 PM,,,2,,,,,,,
3049193,20-051868,2,False,0109,10/20/2020 6:49:00 PM,1849,05X,14,109,Oakland,1,True,True,C,REAR END,,Tuesday,,,,,False,False,False,,C,OTHER MOTOR VEHICLE,,1,0,C,DARK-STREET LIGHTS,,,,,,,A,NO PEDESTRIANS INVOLVED,,A,22107,,,BRUSH ST,1,,,A,N,45.0,17TH ST,F,,A,7/31/2024 12:12:39 PM,1/30/2025 1:46:57 PM,,,2,,,,,,,
3049176,20-062960,2,False,0109,12/25/2020 12:33:00 PM,1233,30X,14,109,Oakland,1,True,True,D,BROADSIDE,,Friday,,,,,False,False,False,,C,OTHER MOTOR VEHICLE,,1,0,A,DAYLIGHT,,,,,,,A,NO PEDESTRIANS INVOLVED,,A,21802A,,1,HILLSIDE ST,2,,,B,,,79TH AV,,,A,7/31/2024 12:12:37 PM,1/30/2025 1:46:57 PM,,,2,,,,,,,
3048924,21-013248,2,False,0109,10/22/2020 12:30:00 PM,1230,29X,14,109,Oakland,1,True,True,G,VEHICLE/PEDESTRAIN,,Thursday,,,M,,False,False,False,,B,PEDESTRIAN,,1,0,A,DAYLIGHT,,,,,,,B,CROSSING IN CROSS WALK AT INTERSECTION,,A,21950A,,1,FOOTHILL BL,2,,,A,E,20.0,HAVENSCOURT BL,F,,A,7/31/2024 12:12:10 PM,1/30/2025 1:46:49 PM,,,2,,,,,,,
3048897,20-046316,2,False,0109,9/18/2020 12:39:00 AM,39,31Y,14,109,Oakland,1,True,True,D,BROADSIDE,,Friday,,,,,False,False,True,,C,OTHER MOTOR VEHICLE,,1,0,C,DARK-STREET LIGHTS,,,,,,,A,NO PEDESTRIANS INVOLVED,,A,23152B,,1,85TH AV,2,,,A,,,RAILROAD AV,,,A,7/31/2024 12:12:07 PM,1/30/2025 1:46:48 PM,,,2,,,,,,,
3048831,20-051821,2,False,0109,10/20/2020 2:15:00 PM,1415,17Y,14,109,Oakland,1,True,True,B,SIDE SWIPE,,Tuesday,,,,,False,False,True,,C,OTHER MOTOR VEHICLE,,0,0,A,DAYLIGHT,,,,,,,A,NO PEDESTRIANS INVOLVED,,B,,,1,CHATHAM RD,1,,,A,E,5.0,13TH AV,F,,A,7/31/2024 12:12:00 PM,1/30/2025 1:46:46 PM,,,2,,,,,,,
3048824,20-06153,2,False,0109,12/16/2020 3:16:00 PM,1516,02X,14,109,Oakland,1,True,True,B,SIDE SWIPE,,Wednesday,,,,,False,False,False,,E,PARKED MOTOR VEHICLE,,0,0,A,DAYLIGHT,,,,,,,A,NO PEDESTRIANS INVOLVED,,B,,,1,CAMPBELL ST,1,,,A,N,65.0,7TH ST,F,,D,7/31/2024 12:12:00 PM,1/30/2025 1:46:46 PM,,,2,,,,,,,
3048821,20-08019,2,False,0109,8/4/2020 12:10:00 PM,1210,ODSL,14,109,Oakland,1,True,True,C,REAR END,,Tuesday,,,,,False,False,False,,C,OTHER MOTOR VEHICLE,,1,0,A,DAYLIGHT,37.80382,122.17731,,,,,A,NO PEDESTRIANS INVOLVED,,A,21703,,1,REDWOOD RD,REDWO,,,A,,,SKYLINE BL,,,A,7/31/2024 12:11:59 PM,1/30/2025 1:46:46 PM,,,2,,,,,,,
3048613,20-062918,2,False,0109,12/25/2020 2:44:00 AM,244,16X,14,109,Oakland,1,True,True,B,SIDE SWIPE,,Friday,,,,,False,False,True,,E,PARKED MOTOR VEHICLE,,0,0,C,DARK-STREET LIGHTS,,,,,,,A,NO PEDESTRIANS INVOLVED,,A,23152A,,1,GLEN PARK RD,1,,,A,N,69.0,MACARTHUR BL,F,,A,7/31/2024 12:11:40 PM,1/30/2025 1:46:40 PM,,,2,,,,,,,
3048476,20-055457,2,False,0109,11/10/2020 3:29:00 PM,1529,05X,14,109,Oakland,1,True,True,D,BROADSIDE,,Tuesday,,,,,False,False,False,,C,OTHER MOTOR VEHICLE,,0,0,A,DAYLIGHT,,,,,,,A,NO PEDESTRIANS INVOLVED,,A,21802A,,1,14TH ST,0,,,A,,,WILLOW ST,,,A,7/31/2024 12:11:26 PM,1/30/2025 1:46:36 PM,,,2,,,,,,,
3047815,201013012,2,False,0109,10/13/2020 7:27:00 PM,1927,,14,109,Oakland,1,True,True,D,BROADSIDE,,Tuesday,,,M,,False,False,True,,C,OTHER MOTOR VEHICLE,,0,0,C,DARK-STREET LIGHTS,,,,,,,A,NO PEDESTRIANS INVOLVED,,A,22350,,1,81ST AV,,,,A,,,HOLLY ST,,,D,7/31/2024 12:10:18 PM,1/30/2025 1:46:16 PM,,,2,,,,,,,
3047763,20-061406,2,False,0109,12/15/2020 6:32:00 PM,1832,21X,14,109,Oakland,1,True,True,D,BROADSIDE,,Tuesday,,,M,,False,False,True,,,,,0,0,C,DARK-STREET LIGHTS,,,,,,,A,NO PEDESTRIANS INVOLVED,,A,21802A,,1,FRUITVALE AV,1,,,A,,,GALINDO ST,,,D,7/31/2024 12:10:13 PM,1/30/2025 1:46:15 PM,,,2,,,,,,,
3047753,20-041351,2,False,0109,8/20/2020 10:41:00 AM,1041,30X,14,109,Oakland,1,True,True,C,REAR END,,Thursday,,,M,,False,False,False,,,,,0,0,A,DAYLIGHT,,,,,,,A,NO PEDESTRIANS INVOLVED,,A,22350,,1,INTERNATIONAL AV,2,,,A,E,5.0,72ND AVE,F,,A,7/31/2024 12:10:12 PM,1/30/2025 1:46:14 PM,,,2,,,,,,,
3047752,20-029020,2,False,0109,7/5/2020 11:00:00 AM,1100,33X,14,109,Oakland,1,True,True,B,SIDE SWIPE,,Sunday,,,F,,False,False,False,,,,,0,0,C,DARK-STREET LIGHTS,,,,,,,A,NO PEDESTRIANS INVOLVED,,A,22107,,1,INTERNATION BL,0,,,A,,,93RD AV,,,A,7/31/2024 12:10:12 PM,1/30/2025 1:46:14 PM,,,2,,,,,,,
3047751,20-042024,2,False,0109,8/24/2020 1:40:00 PM,1340,27X,14,109,Oakland,1,True,True,D,BROADSIDE,,Monday,,,,,False,False,False,,C,OTHER MOTOR VEHICLE,,0,0,A,DAYLIGHT,,,,,,,A,NO PEDESTRIANS INVOLVED,,A,21453A,,1,INTRNATIONAL BL,2,,,A,,,54TH AV,,,A,7/31/2024 12:10:12 PM,1/30/2025 1:46:14 PM,,,2,,,,,,,
3047747,20-001979,2,False,0109,1/11/2020 5:34:00 PM,1734,29X,14,109,Oakland,1,True,True,C,REAR END,,Saturday,,,,,False,False,False,,C,OTHER MOTOR VEHICLE,,0,0,A,DAYLIGHT,,,,,,,A,NO PEDESTRIANS INVOLVED,,A,21703,,1,SEMINARY AV,2,,,A,,,MACARTHUR BL,,,A,7/31/2024 12:10:12 PM,1/30/2025 1:46:14 PM,,,2,,,,,,,
3047733,20-055653,2,False,0109,11/11/2020 7:55:00 PM,1955,34X,14,109,Oakland,1,True,True,B,SIDE SWIPE,,Wednesday,,,,,False,False,False,,C,OTHER MOTOR VEHICLE,,1,0,C,DARK-STREET LIGHTS,,,,,,,A,NO PEDESTRIANS INVOLVED,,A,22450A,,1,92ND AV,2,,,A,,,WALNUT ST,,,A,7/31/2024 12:10:10 PM,1/30/2025 1:46:14 PM,,,2,,,,,,,
3047709,20-054450,2,False,0109,11/4/2020 5:51:00 PM,1751,35Y,14,109,Oakland,1,True,True,B,SIDE SWIPE,,Wednesday,,,M,,False,False,False,,C,OTHER MOTOR VEHICLE,,0,0,C,DARK-STREET LIGHTS,,,,,,,A,NO PEDESTRIANS INVOLVED,,A,22450A,,1,HILLSIDE ST,2,,,A,,,9OTH AV,,,D,7/31/2024 12:10:08 PM,1/30/2025 1:46:13 PM,,,2,,,,,,,
3047704,20-049063,2,False,0109,10/4/2020 3:32:00 AM,332,30X,14,109,Oakland,1,True,True,G,VEHICLE/PEDESTRAIN,,Sunday,,,F,,False,False,False,,B,PEDESTRIAN,,1,0,C,DARK-STREET LIGHTS,,,,,,,E,IN ROAD - INCLUDES SHOULDER,,B,,,,69TH AV,2,,,A,S,20.0,LOCKWOOD ST,F,,D,7/31/2024 12:10:07 PM,1/30/2025 1:46:13 PM,,,2,,,,,,,
3047698,20-024417,2,False,0109,5/16/2020 7:38:00 PM,1938,34X,14,109,Oakland,1,True,True,D,BROADSIDE,,Saturday,,,,,False,False,False,,C,OTHER MOTOR VEHICLE,,1,0,A,DAYLIGHT,,,,,,,A,NO PEDESTRIANS INVOLVED,,A,22450A,,1,96TH AV,2,,,A,,,OLIVE ST,,,D,7/31/2024 12:10:06 PM,1/30/2025 1:46:13 PM,,,2,,,,,,,
3047697,20-022456,2,False,0109,5/4/2020 10:08:00 PM,2208,35X,14,109,Oakland,1,True,True,C,REAR END,,Monday,,,M,,False,False,False,,E,PARKED MOTOR VEHICLE,,2,0,C,DARK-STREET LIGHTS,,,,,,,A,NO PEDESTRIANS INVOLVED,,A,,,1,MACARTHUR BL,2,,,A,W,0.2,ALVINGROOM CT,M,,D,7/31/2024 12:10:06 PM,1/30/2025 1:46:13 PM,,,2,,,,,,,
3047689,20-015715,2,False,0109,3/23/2020 4:34:00 PM,1634,35X,14,109,Oakland,1,True,True,B,SIDE SWIPE,,Monday,,,,,False,False,False,,E,PARKED MOTOR VEHICLE,,0,0,A,DAYLIGHT,,,,,,,,,,A,23152A,,1,87TH AV,2,,,A,N,15.0,DOWLING ST,F,,D,7/31/2024 12:10:05 PM,1/30/2025 1:46:13 PM,,,2,,,,,,,
3047688,20-052082,2,False,0109,10/21/2020 11:25:00 PM,2325,21Y,14,109,Oakland,1,True,True,D,BROADSIDE,,Wednesday,,,,,False,False,True,,E,PARKED MOTOR VEHICLE,,0,0,C,DARK-STREET LIGHTS,,,,,,,A,NO PEDESTRIANS INVOLVED,,A,23152A,,1,PLEASANT ST,1,,,A,E,15.0,CHAMPION ST,F,,A,7/31/2024 12:10:05 PM,1/30/2025 1:46:13 PM,,,2,,,,,,,
3047614,20-052054,2,False,0109,10/21/2020 6:57:00 PM,1857,26X,14,109,Oakland,1,True,True,G,VEHICLE/PEDESTRAIN,,Wednesday,,,F,,False,False,False,,B,PEDESTRIAN,,0,1,C,DARK-STREET LIGHTS,,,,,,,C,CROSSING IN CROSS WALK - NOT AT INTERSECTION,,A,21950A,,1,INTERNATIONAL BL,2,,,A,W,20.0,64TH AV,F,,A,7/31/2024 12:09:57 PM,1/30/2025 1:46:10 PM,,,2,,,,,,,
3047613,20-048454,2,False,0109,9/30/2020 9:25:00 AM,925,20X,14,109,Oakland,1,True,True,A,HEAD-ON,,Wednesday,,,,,False,False,False,,C,OTHER MOTOR VEHICLE,,2,1,A,DAYLIGHT,,,,,,,A,NO PEDESTRIANS INVOLVED,,A,22107,,1,29TH AV,1,,,A,S,298.0,GLASCOCK,F,,D,7/31/2024 12:09:57 PM,1/30/2025 1:46:10 PM,,,2,,,,,,,
3047612,20-045037,2,False,0109,9/10/2020 6:11:00 AM,611,08X,14,109,Oakland,1,True,True,G,VEHICLE/PEDESTRAIN,,Thursday,,,,,False,False,False,,B,PEDESTRIAN,,0,1,C,DARK-STREET LIGHTS,,,,,,,E,IN ROAD - INCLUDES SHOULDER,,A,21956,,1,TELEGRAPH AV,1,,,A,S,90.0,40TH ST,F,,D,7/31/2024 12:09:57 PM,1/30/2025 1:46:10 PM,,,2,,,,,,,
3047611,20-041782,2,False,0109,8/23/2020 12:12:00 AM,12,31X,14,109,Oakland,1,True,True,G,VEHICLE/PEDESTRAIN,,Sunday,,,F,,False,False,False,,B,PEDESTRIAN,,0,1,C,DARK-STREET LIGHTS,,,,,,,E,IN ROAD - INCLUDES SHOULDER,,A,22350,,1,105TH AV,2,,,A,S,40.0,PEARMAIN ST,F,,D,7/31/2024 12:09:56 PM,1/30/2025 1:46:10 PM,,,2,,,,,,,
3047608,20-034763,2,False,0109,7/15/2020 6:53:00 PM,1853,03X,14,109,Oakland,1,True,True,A,HEAD-ON,,Wednesday,,,,,False,False,False,,I,FIXED OBJECT,,0,1,A,DAYLIGHT,,,,,,,A,NO PEDESTRIANS INVOLVED,,A,22107,,1,8TH ST,1,,,A,E,93.0,HARRISON ST,F,,A,7/31/2024 12:09:56 PM,1/30/2025 1:46:10 PM,,,2,,,,,,,
3047606,20-013556,2,False,0109,3/10/2020 6:54:00 AM,654,27Y,14,109,Oakland,1,True,True,G,VEHICLE/PEDESTRAIN,,Tuesday,,,F,,False,False,False,,B,PEDESTRIAN,,0,1,C,DARK-STREET LIGHTS,,,,,,,D,CROSSING - NOT IN CROSSWALK,,A,21954A,,1,BANCROFT AV,2,,,A,E,54.0,62ND AV,F,,D,7/31/2024 12:09:56 PM,1/30/2025 1:46:10 PM,,,2,,,,,,,