collision-id,report-number,report-version,is-preliminary,ncic-code,crash-date-time,crash-time-description,beat,city-id,city-code,city-name,county-code,city-is-active,city-is-incorporated,collision-type-code,collision-type-description,collision-type-other-desc,day-of-week,dispatch-notified,has-photographs,hit-run,is-attachments-mailed,is-deleted,is-highway-related,is-tow-away,judicial-district,motor-vehicle-involved-with-code,motor-vehicle-involved-with-desc,motor-vehicle-involved-with-other-desc,number-injured,number-killed,lighting-code,lighting-description,latitude,longitude,milepost-direction,milepost-distance,milepost-marker,milepost-unit-of-measure,pedestrian-action-code,pedestrian-action-desc,prepared-date,primary-collision-factor-code,primary-collision-factor-description,primary-collision-factor-is-cited,primary-collision-party-number,primary-road,reporting-district,reporting-district-code,reviewed-date,roadway-surface-code,secondary-direction,secondary-distance,secondary-road,secondary-unit-of-measure,sketch-desc,traffic-control-device-code,created-date,modified-date,is-county-road,is-freeway,chp-555-version,is-additonal-object-struck,notification-date,notification-time-description,has-digital-media-files,evidence-number,is-location-refer-to-narrative,is-aoi-one-same-as-location
3045744,20-028989,2,False,0109,6/13/2020 11:14:00 PM,2314,10X,14,109,Oakland,1,True,True,B,SIDE SWIPE,,Saturday,,,,,False,False,False,,C,OTHER MOTOR VEHICLE,,0,0,C,DARK-STREET LIGHTS,,,,,,,A,NO PEDESTRIANS INVOLVED,,A,21453A,,1,55TH ST,1,,,A,N,20.0,MARTIN LUTHER KING JR WY,F,,A,7/31/2024 12:06:49 PM,1/30/2025 1:45:10 PM,,,2,,,,,,,
3045742,20-028828,2,False,0109,2/13/2020 10:50:00 PM,2250,24X,14,109,Oakland,1,True,True,D,BROADSIDE,,Thursday,,,M,,False,False,False,,C,OTHER MOTOR VEHICLE,,0,0,C,DARK-STREET LIGHTS,,,,,,,A,NO PEDESTRIANS INVOLVED,,A,22103,,1,35TH AV,2,,,A,S,5.0,DAVIS ST,F,,D,7/31/2024 12:06:49 PM,1/30/2025 1:45:10 PM,,,2,,,,,,,
3045739,20-028125,2,False,0109,6/8/2020 10:51:00 PM,2251,23X,14,109,Oakland,1,True,True,D,BROADSIDE,,Monday,,,M,,False,False,True,,C,OTHER MOTOR VEHICLE,,0,0,C,DARK-STREET LIGHTS,,,,,,,A,NO PEDESTRIANS INVOLVED,,A,21453A,,1,HIGH ST,2,,,A,,,FOOTHILL BL,,,A,7/31/2024 12:06:49 PM,1/30/2025 1:45:10 PM,,,2,,,,,,,
3045738,20-028947,2,False,0109,5/27/2020 5:00:00 AM,500,31Y,14,109,Oakland,1,True,True,B,SIDE SWIPE,,Wednesday,,,M,,False,False,True,,C,OTHER MOTOR VEHICLE,,0,0,C,DARK-STREET LIGHTS,,,,,,,A,NO PEDESTRIANS INVOLVED,,A,22107,,1,WALTER AV,2,,,A,W,100.0,NEVADA ST,F,,C,7/31/2024 12:06:49 PM,1/30/2025 1:45:10 PM,,,2,,,,,,,
3045737,20-019249,2,False,0109,4/14/2020 7:11:00 PM,1911,32X,14,109,Oakland,1,True,True,B,SIDE SWIPE,,Tuesday,,,M,,False,False,False,,E,PARKED MOTOR VEHICLE,,0,0,A,DAYLIGHT,,,,,,,A,NO PEDESTRIANS INVOLVED,,D,,,,PLYMOUTH ST,2,,,A,W,10.0,101ST AV,F,,A,7/31/2024 12:06:49 PM,1/30/2025 1:45:10 PM,,,2,,,,,,,
3045721,20-044564,2,False,0109,9/7/2020 10:06:00 AM,1006,10X,14,109,Oakland,1,True,True,C,REAR END,,Monday,,,,,False,False,False,,C,OTHER MOTOR VEHICLE,,0,0,A,DAYLIGHT,,,,,,,A,NO PEDESTRIANS INVOLVED,,A,23152A,,1,MARTIN LUTHER KING JR WY,1,,,A,S,20.0,45TH ST,F,,A,7/31/2024 12:06:47 PM,1/30/2025 1:45:09 PM,,,2,,,,,,,
3045720,20-046200,2,False,0109,9/16/2020 4:10:00 PM,1610,35X,14,109,Oakland,1,True,True,C,REAR END,,Wednesday,,,M,,False,False,False,,E,PARKED MOTOR VEHICLE,,0,0,A,DAYLIGHT,,,,,,,A,NO PEDESTRIANS INVOLVED,,A,22107,,1,BANCROFT AV,2,,,A,E,60.0,92ND,F,,D,7/31/2024 12:06:47 PM,1/30/2025 1:45:09 PM,,,2,,,,,,,
3045719,20-041505,2,False,0109,8/21/2020 10:17:00 AM,1017,29X,14,109,Oakland,1,True,True,D,BROADSIDE,,Friday,,,M,,False,False,False,,E,PARKED MOTOR VEHICLE,,0,0,A,DAYLIGHT,,,,,,,A,NO PEDESTRIANS INVOLVED,,A,21755,,1,BANCROFT AV,2,,,A,E,65.0,57TH AV,F,,D,7/31/2024 12:06:47 PM,1/30/2025 1:45:09 PM,,,2,,,,,,,
3045718,20-038889,2,False,0109,8/7/2020 4:26:00 AM,426,31X,14,109,Oakland,1,True,True,D,BROADSIDE,,Friday,,,M,,False,False,True,,C,OTHER MOTOR VEHICLE,,0,0,C,DARK-STREET LIGHTS,,,,,,,A,NO PEDESTRIANS INVOLVED,,A,21453A,,1,98TH AV,2,,,A,,,DENSLOW AV,,,A,7/31/2024 12:06:47 PM,1/30/2025 1:45:09 PM,,,2,,,,,,,
3045717,20-047993,2,False,0109,9/20/2020 5:23:00 AM,523,28X,14,109,Oakland,1,True,True,B,SIDE SWIPE,,Sunday,,,M,,False,False,False,,C,OTHER MOTOR VEHICLE,,0,0,C,DARK-STREET LIGHTS,,,,,,,A,NO PEDESTRIANS INVOLVED,,A,22107,,1,55TH AV,2,,,A,,,FOOTHILL BL,,,A,7/31/2024 12:06:47 PM,1/30/2025 1:45:09 PM,,,2,,,,,,,
3045716,20-047367,2,False,0109,9/23/2020 4:48:00 PM,1648,04X,14,109,Oakland,1,True,True,D,BROADSIDE,,Wednesday,,,,,False,False,False,,G,BICYCLE,,1,0,A,DAYLIGHT,,,,,,,A,NO PEDESTRIANS INVOLVED,,A,21453A,,1,14TH ST,1,,,A,,,HARRISON ST,,,A,7/31/2024 12:06:47 PM,1/30/2025 1:45:09 PM,,,2,,,,,,,
3045714,20-047870,2,False,0109,9/27/2020 10:05:00 PM,2205,27X,14,109,Oakland,1,True,True,G,VEHICLE/PEDESTRAIN,,Sunday,,,M,,False,False,False,,B,PEDESTRIAN,,1,0,C,DARK-STREET LIGHTS,,,,,,,E,IN ROAD - INCLUDES SHOULDER,,A,21950B,,1,BANCROFT AV,2,,,A,W,25.0,46TH AV,F,,C,7/31/2024 12:06:46 PM,1/30/2025 1:45:09 PM,,,2,,,,,,,
3045713,20-043910,2,False,0109,9/1/2020 12:50:00 PM,1250,12X,14,109,Oakland,1,True,True,D,BROADSIDE,,Tuesday,,,,,False,False,False,,G,BICYCLE,,1,0,A,DAYLIGHT,,,,,,,A,NO PEDESTRIANS INVOLVED,,D,,,,42ND ST,1,,,A,,,TELEGRAPH AV,,,A,7/31/2024 12:06:46 PM,1/30/2025 1:45:09 PM,,,2,,,,,,,
3045712,20-044947,2,False,0109,9/9/2020 2:15:00 PM,1415,27Y,14,109,Oakland,1,True,True,C,REAR END,,Wednesday,,,,,False,False,True,,E,PARKED MOTOR VEHICLE,,1,0,A,DAYLIGHT,,,,,,,A,NO PEDESTRIANS INVOLVED,,A,23152B,,1,BANCROFT AV,2,,,A,W,125.0,COLE ST,F,,D,7/31/2024 12:06:46 PM,1/30/2025 1:45:09 PM,,,2,,,,,,,
3045694,20-020720,2,False,0109,4/24/2020 6:15:00 AM,615,02X,14,109,Oakland,1,True,True,D,BROADSIDE,,Friday,,,,,False,False,False,,C,OTHER MOTOR VEHICLE,,1,0,A,DAYLIGHT,,,,,,,A,NO PEDESTRIANS INVOLVED,,A,21453A,,,ADELINE ST,1,,,A,,,14TH ST,,,A,7/31/2024 12:06:44 PM,1/30/2025 1:45:08 PM,,,2,,,,,,,
3045692,20-060226,2,False,0109,12/8/2020 6:00:00 PM,1800,24X,14,109,Oakland,1,True,True,H,OTHER,,Tuesday,,,M,,False,False,False,,J,OTHER OBJECT,,0,0,C,DARK-STREET LIGHTS,,,,,,,A,NO PEDESTRIANS INVOLVED,,A,22107,,1,38TH AV,2,,,A,,,LYON ST,,,A,7/31/2024 12:06:44 PM,1/30/2025 1:45:08 PM,,,2,,,,,,,
3045691,20-062608,2,False,0109,12/22/2020 10:29:00 PM,2229,09X,14,109,Oakland,1,True,True,D,BROADSIDE,,Tuesday,,,,,False,False,False,,C,OTHER MOTOR VEHICLE,,0,0,B,DUSK-DAWN,,,,,,,A,NO PEDESTRIANS INVOLVED,,A,21453A,,,BROADWAY,1,,,A,,,PLEASANT VALLEY AV,,,A,7/31/2024 12:06:44 PM,1/30/2025 1:45:08 PM,,,2,,,,,,,
3045690,20-062648,2,False,0109,12/23/2020 7:28:00 AM,728,31Z,14,109,Oakland,1,True,True,D,BROADSIDE,,Wednesday,,,M,,False,False,False,,C,OTHER MOTOR VEHICLE,,0,0,A,DAYLIGHT,,,,,,,A,NO PEDESTRIANS INVOLVED,,A,22106,,1,PERMAIN ST,2,,,A,E,50.0,107TH AV,M,,D,7/31/2024 12:06:44 PM,1/30/2025 1:45:08 PM,,,2,,,,,,,
3045689,20-062594,2,False,0109,12/22/2020 9:49:00 PM,2149,30X,14,109,Oakland,1,True,True,A,HEAD-ON,,Tuesday,,,,,False,False,True,,C,OTHER MOTOR VEHICLE,,0,0,C,DARK-STREET LIGHTS,,,,,,,A,NO PEDESTRIANS INVOLVED,,A,21453A,,1,82ND AV,2,,,A,,,MACARTHUR BL,,,A,7/31/2024 12:06:44 PM,1/30/2025 1:45:08 PM,,,2,,,,,,,
3045688,20-062878,2,False,0109,12/24/2020 9:45:00 PM,2145,19X,14,109,Oakland,1,True,True,C,REAR END,,Thursday,,,,,False,False,True,,C,OTHER MOTOR VEHICLE,,0,0,C,DARK-STREET LIGHTS,,,,,,,A,NO PEDESTRIANS INVOLVED,,A,22350,,1,INTERNATION BL,1,,,A,,,10TH AV,,,A,7/31/2024 12:06:44 PM,1/30/2025 1:45:08 PM,,,2,,,,,,,
3045687,20-062233,2,False,0109,12/20/2020 2:26:00 PM,1426,19X,14,109,Oakland,1,True,True,D,BROADSIDE,,Sunday,,,,,False,False,False,,C,OTHER MOTOR VEHICLE,,0,0,A,DAYLIGHT,,,,,,,A,NO PEDESTRIANS INVOLVED,,A,22106,,1,E 12TH ST,1,,,A,E,30.0,16TH AV,F,,A,7/31/2024 12:06:44 PM,1/30/2025 1:45:08 PM,,,2,,,,,,,
3045686,20-062215,2,False,0109,12/20/2020 1:22:00 PM,1322,32X,14,109,Oakland,1,True,True,C,REAR END,,Sunday,,,,,False,False,False,,C,OTHER MOTOR VEHICLE,,0,0,A,DAYLIGHT,,,,,,,A,NO PEDESTRIANS INVOLVED,,A,22350,,1,INTERNATIONAL BL,2,,,A,W,15.0,104TH AV,F,,A,7/31/2024 12:06:44 PM,1/30/2025 1:45:08 PM,,,2,,,,,,,
3045685,20-062874,2,False,0109,12/24/2020 9:27:00 PM,2127,31X,14,109,Oakland,1,True,True,D,BROADSIDE,,Thursday,,,M,,False,False,False,,C,OTHER MOTOR VEHICLE,,0,0,C,DARK-STREET LIGHTS,,,,,,,A,NO PEDESTRIANS INVOLVED,,A,21453A,,1,PARDEE DR,2,,,A,,,HEGENBERGER RD,,,A,7/31/2024 12:06:44 PM,1/30/2025 1:45:08 PM,,,2,,,,,,,
3045684,20-062691,2,False,0109,12/23/2020 12:49:00 PM,1249,28X,14,109,Oakland,1,True,True,F,OVERTURNED,,Wednesday,,,M,,False,False,True,,E,PARKED MOTOR VEHICLE,,0,0,A,DAYLIGHT,,,,,,,A,NO PEDESTRIANS INVOLVED,,A,22107,,1,HIGH ST,2,,,A,S,5.0,PENNIMAN,F,,D,7/31/2024 12:06:43 PM,1/30/2025 1:45:08 PM,,,2,,,,,,,
3045682,20-056215,2,False,0109,11/15/2020 1:29:00 AM,129,29X,14,109,Oakland,1,True,True,D,BROADSIDE,,Sunday,,,,,False,False,False,,C,OTHER MOTOR VEHICLE,,0,0,C,DARK-STREET LIGHTS,,,,,,,A,NO PEDESTRIANS INVOLVED,,A,21453A,,,SEMINARY AV,2,,,A,N,30.0,BANCROFT AV,F,,A,7/31/2024 12:06:43 PM,1/30/2025 1:45:08 PM,,,2,,,,,,,
3045681,20-058466,2,False,0109,11/28/2020 10:58:00 PM,2258,33X,14,109,Oakland,1,True,True,C,REAR END,,Saturday,,,M,,False,False,False,,E,PARKED MOTOR VEHICLE,,0,0,C,DARK-STREET LIGHTS,,,,,,,A,NO PEDESTRIANS INVOLVED,,A,22107,,1,98TH AV,2,,,A,S,200.0,SUNNYSIDE ST,F,,A,7/31/2024 12:06:43 PM,1/30/2025 1:45:08 PM,,,2,,,,,,,
3045679,20-057088,2,False,0109,11/20/2020 12:08:00 AM,8,20X,14,109,Oakland,1,True,True,B,SIDE SWIPE,,Friday,,,,,False,False,True,,C,OTHER MOTOR VEHICLE,,0,0,B,DUSK-DAWN,,,,,,,A,NO PEDESTRIANS INVOLVED,,A,22450A,,,27TH AV,1,,,A,,,E 16TH ST,,,A,7/31/2024 12:06:43 PM,1/30/2025 1:45:08 PM,,,2,,,,,,,
3045678,20-058354,2,False,0109,11/28/2020 3:25:00 AM,325,19X,14,109,Oakland,1,True,True,C,REAR END,,Saturday,,,M,,False,False,False,,E,PARKED MOTOR VEHICLE,,0,0,C,DARK-STREET LIGHTS,,,,,,,A,NO PEDESTRIANS INVOLVED,,A,22107,,1,INTERNATIONAL AV,1,,,A,E,50.0,16TH AV,F,,D,7/31/2024 12:06:43 PM,1/30/2025 1:45:08 PM,,,2,,,,,,,
3045677,20-051914,2,False,0109,10/21/2020 2:47:00 AM,247,29X,14,109,Oakland,1,True,True,C,REAR END,,Wednesday,,,M,,False,False,False,,E,PARKED MOTOR VEHICLE,,0,0,C,DARK-STREET LIGHTS,,,,,,,A,NO PEDESTRIANS INVOLVED,,A,22107,,1,FOOTHILL BL,2,,,A,,,55TH AV,,,D,7/31/2024 12:06:43 PM,1/30/2025 1:45:08 PM,,,2,,,,,,,
3045676,20-055622,2,False,0109,11/11/2020 3:23:00 PM,1523,32X,14,109,Oakland,1,True,True,B,SIDE SWIPE,,Wednesday,,,,,False,False,False,,E,PARKED MOTOR VEHICLE,,0,0,A,DAYLIGHT,,,,,,,A,NO PEDESTRIANS INVOLVED,,B,,,1,B ST,2,,,A,E,50.0,98TH AV,F,,A,7/31/2024 12:06:43 PM,1/30/2025 1:45:08 PM,,,2,,,,,,,
3045659,20-060201,2,False,0109,12/8/2020 3:14:00 PM,1514,35X,14,109,Oakland,1,True,True,D,BROADSIDE,,Tuesday,,,,,False,False,True,,C,OTHER MOTOR VEHICLE,,2,0,A,DAYLIGHT,,,,,,,A,NO PEDESTRIANS INVOLVED,,A,22450A,,1,BANCROFT AV,2,,,A,,,96TH AV,,,A,7/31/2024 12:06:41 PM,1/30/2025 1:45:07 PM,,,2,,,,,,,
3045636,20-062515,2,False,0109,12/22/2020 9:45:00 AM,945,29X,14,109,Oakland,1,True,True,D,BROADSIDE,,Tuesday,,,,,False,False,False,,C,OTHER MOTOR VEHICLE,,1,0,A,DAYLIGHT,,,,,,,A,NO PEDESTRIANS INVOLVED,,A,22107,,1,FOOTHILL BL,1,,,A,W,150.0,HAVENSCOURT BL,F,,D,7/31/2024 12:06:39 PM,1/30/2025 1:45:06 PM,,,2,,,,,,,
3045635,20-059820,2,False,0109,12/6/2020 1:40:00 PM,1340,26X,14,109,Oakland,1,True,True,B,SIDE SWIPE,,Sunday,,,,,False,False,False,,C,OTHER MOTOR VEHICLE,,1,0,A,DAYLIGHT,,,,,,,A,NO PEDESTRIANS INVOLVED,,A,21802A,,1,44TH AV,2,,,A,,,E 12TH ST,,,D,7/31/2024 12:06:38 PM,1/30/2025 1:45:06 PM,,,2,,,,,,,
3045634,20-059453,2,False,0109,12/4/2020 3:40:00 PM,1540,23X,14,109,Oakland,1,True,True,D,BROADSIDE,,Friday,,,,,False,False,False,,C,OTHER MOTOR VEHICLE,,3,0,A,DAYLIGHT,,,,,,,A,NO PEDESTRIANS INVOLVED,,A,21453A,,1,42ND AV,2,,,A,,,BOND ST,,,A,7/31/2024 12:06:38 PM,1/30/2025 1:45:06 PM,,,2,,,,,,,
3045632,20-062156,2,False,0109,12/20/2020 2:23:00 AM,223,26X,14,109,Oakland,1,True,True,B,SIDE SWIPE,,Sunday,,,,,False,False,False,,E,PARKED MOTOR VEHICLE,,3,0,C,DARK-STREET LIGHTS,,,,,,,A,NO PEDESTRIANS INVOLVED,,A,22107,,1,INTERNATIONAL BL,2,,,A,W,30.0,47TH AV,F,,A,7/31/2024 12:06:38 PM,1/30/2025 1:45:06 PM,,,2,,,,,,,
3045631,20-060207,2,False,0109,12/8/2020 4:17:00 PM,1617,26X,14,109,Oakland,1,True,True,D,BROADSIDE,,Tuesday,,,,,False,False,True,,C,OTHER MOTOR VEHICLE,,2,0,B,DUSK-DAWN,,,,,,,A,NO PEDESTRIANS INVOLVED,,A,21802A,,1,SAN LEANDRO ST,2,,,A,,,45TH AV,,,A,7/31/2024 12:06:38 PM,1/30/2025 1:45:06 PM,,,2,,,,,,,
3045630,20-062238,2,False,0109,12/20/2020 4:49:00 PM,1649,30X,14,109,Oakland,1,True,True,D,BROADSIDE,,Sunday,,,,,False,False,False,,,,,1,0,A,DAYLIGHT,,,,,,,A,NO PEDESTRIANS INVOLVED,,A,21453A,,1,73RD AV,2,,,A,,,BANCROFT AV,,,A,7/31/2024 12:06:38 PM,1/30/2025 1:45:06 PM,,,2,,,,,,,
3045629,20-060299,2,False,0109,12/9/2020 8:04:00 AM,804,04X,14,109,Oakland,1,True,True,G,VEHICLE/PEDESTRAIN,,Wednesday,,,,,False,False,False,,B,PEDESTRIAN,,1,0,A,DAYLIGHT,,,,,,,B,CROSSING IN CROSS WALK AT INTERSECTION,,A,21950,,1,22ND ST,1,,,A,W,5.0,TELEGRAPH AV,F,,C,7/31/2024 12:06:38 PM,1/30/2025 1:45:06 PM,,,2,,,,,,,
3045628,20-062873,2,False,0109,12/24/2020 9:10:00 PM,2110,08X,14,109,Oakland,1,True,True,A,HEAD-ON,,Thursday,,,,,False,False,False,,B,PEDESTRIAN,,1,0,C,DARK-STREET LIGHTS,,,,,,,D,CROSSING - NOT IN CROSSWALK,,A,21955,,1,TELEGRAPH AV,1,,,A,N,94.0,24TH ST,F,,D,7/31/2024 12:06:38 PM,1/30/2025 1:45:06 PM,,,2,,,,,,,
3045627,20-060760,2,False,0109,12/11/2020 4:24:00 PM,1624,30X,14,109,Oakland,1,True,True,D,BROADSIDE,,Friday,,,,,False,False,False,,C,OTHER MOTOR VEHICLE,,1,0,A,DAYLIGHT,,,,,,,A,NO PEDESTRIANS INVOLVED,,A,21453A,,,73RD AV,2,,,B,,,BANCROFT AV,,,A,7/31/2024 12:06:38 PM,1/30/2025 1:45:06 PM,,,2,,,,,,,
3045626,20-062609,2,False,0109,12/22/2020 9:30:00 AM,930,19X,14,109,Oakland,1,True,True,C,REAR END,,Tuesday,,,M,,False,False,False,,C,OTHER MOTOR VEHICLE,,1,0,C,DARK-STREET LIGHTS,,,,,,,A,NO PEDESTRIANS INVOLVED,,A,22350,,1,INTERNATIONAL BL,1,,,A,,,21ST AV,,,B,7/31/2024 12:06:37 PM,1/30/2025 1:45:06 PM,,,2,,,,,,,
3045616,20-057823,2,False,0109,11/24/2020 1:55:00 PM,1355,19X,14,109,Oakland,1,True,True,A,HEAD-ON,,Tuesday,,,,,False,False,False,,C,OTHER MOTOR VEHICLE,,2,0,A,DAYLIGHT,,,,,,,A,NO PEDESTRIANS INVOLVED,,A,21801A,,1,KENNEDY ST,1,,,A,,,E 7TH ST,,,A,7/31/2024 12:06:36 PM,1/30/2025 1:45:06 PM,,,2,,,,,,,
3045462,20-059720,2,False,0109,12/5/2020 8:47:00 PM,2047,22Y,14,109,Oakland,1,True,True,E,HIT OBJECT,,Saturday,,,,,False,False,False,,I,FIXED OBJECT,,1,0,A,DAYLIGHT,,,,,,,A,NO PEDESTRIANS INVOLVED,,A,22107,,1,CARLSEN ST,1,,,A,E,25.0,WILSHIRE BL,F,,D,7/31/2024 12:06:22 PM,1/30/2025 1:45:00 PM,,,2,,,,,,,
3045457,20-054003,2,False,0109,11/1/2020 6:46:00 PM,1846,31X,14,109,Oakland,1,True,True,G,VEHICLE/PEDESTRAIN,,Sunday,,,,,False,False,False,,G,BICYCLE,,1,0,C,DARK-STREET LIGHTS,,,,,,,B,CROSSING IN CROSS WALK AT INTERSECTION,,A,21950A,,1,INTERNATIONAL BL,2,,,A,,,80TH AV,,,D,7/31/2024 12:06:21 PM,1/30/2025 1:45:00 PM,,,2,,,,,,,
3045455,20-056420,2,False,0109,11/16/2020 12:39:00 PM,1239,11X,14,109,Oakland,1,True,True,A,HEAD-ON,,Monday,,,,,False,False,False,,B,PEDESTRIAN,,1,0,A,DAYLIGHT,,,,,,,B,CROSSING IN CROSS WALK AT INTERSECTION,,A,21950A,,1,55TH ST,1,,,A,,,DOVER ST,,,D,7/31/2024 12:06:21 PM,1/30/2025 1:45:00 PM,,,2,,,,,,,
3045454,20-055910,2,False,0109,11/13/2020 11:34:00 AM,1134,30X,14,109,Oakland,1,True,True,H,OTHER,,Friday,,,M,,False,False,False,,C,OTHER MOTOR VEHICLE,,1,0,A,DAYLIGHT,,,,,,,D,CROSSING - NOT IN CROSSWALK,,A,22106,,1,67TH AV,2,,,A,S,20.0,FLORA ST,F,,B,7/31/2024 12:06:21 PM,1/30/2025 1:45:00 PM,,,2,,,,,,,
3045453,20-056542,2,False,0109,11/17/2020 6:13:00 AM,613,31X,14,109,Oakland,1,True,True,C,REAR END,,Tuesday,,,F,,False,False,False,,C,OTHER MOTOR VEHICLE,,1,0,A,DAYLIGHT,,,,,,,A,NO PEDESTRIANS INVOLVED,,A,22350,,1,DOOLITTLE DR,2,,,A,E,440.0,BESSIE COLEMAN,F,,D,7/31/2024 12:06:21 PM,1/30/2025 1:44:59 PM,,,2,,,,,,,
3045452,20-058414,2,False,0109,11/28/2020 3:06:00 PM,1506,23X,14,109,Oakland,1,True,True,B,SIDE SWIPE,,Saturday,,,,,False,False,False,,C,OTHER MOTOR VEHICLE,,1,0,A,DAYLIGHT,,,,,,,A,NO PEDESTRIANS INVOLVED,,A,22107,,1,42ND AV,2,,,A,,,BOND ST,,,A,7/31/2024 12:06:21 PM,1/30/2025 1:45:00 PM,,,2,,,,,,,
3045451,20-057192,2,False,0109,11/20/2020 7:00:00 PM,1900,13Z,14,109,Oakland,1,True,True,F,OVERTURNED,,Friday,,,,,False,False,True,,I,FIXED OBJECT,,1,0,D,DARK-NO STREET LIGHTS,,,,,,,A,NO PEDESTRIANS INVOLVED,,A,22107,,1,ASCOT DR,1,,,A,S,30.0,MASTLANDS DR,F,,D,7/31/2024 12:06:21 PM,1/30/2025 1:45:00 PM,,,2,,,,,,,
3045450,20-057030,2,False,0109,11/19/2020 4:09:00 PM,1609,31Y,14,109,Oakland,1,True,True,B,SIDE SWIPE,,Thursday,,,F,,False,False,False,,B,PEDESTRIAN,,1,0,A,DAYLIGHT,,,,,,,E,IN ROAD - INCLUDES SHOULDER,,A,21954B,,1,85TH AV,2,,,A,N,90.0,ENTERPRISE WY,F,,D,7/31/2024 12:06:20 PM,1/30/2025 1:45:00 PM,,,2,,,,,,,
3045449,20-057008,2,False,0109,11/19/2020 2:48:00 PM,1448,13X,14,109,Oakland,1,True,True,B,SIDE SWIPE,,Thursday,,,M,,False,False,False,,C,OTHER MOTOR VEHICLE,,1,0,A,DAYLIGHT,,,,,,,A,NO PEDESTRIANS INVOLVED,,A,22107,,1,MORAGA AV,1,,,A,W,200.0,THORNHILL DR,F,,A,7/31/2024 12:06:20 PM,1/30/2025 1:44:59 PM,,,2,,,,,,,
3045448,20-057348,2,False,0109,11/21/2020 8:44:00 PM,2044,31Z,14,109,Oakland,1,True,True,A,HEAD-ON,,Saturday,,,M,,False,True,False,,C,OTHER MOTOR VEHICLE,,1,0,C,DARK-STREET LIGHTS,,,,,,,A,NO PEDESTRIANS INVOLVED,,A,21453A,,1,98TH AV,2,,,A,,,RT 880,,,A,7/31/2024 12:06:20 PM,1/30/2025 1:44:59 PM,,,2,,,,,,,
3045446,20-052084,2,False,0109,10/21/2020 11:45:00 PM,2345,10X,14,109,Oakland,1,True,True,G,VEHICLE/PEDESTRAIN,,Wednesday,,,F,,False,False,False,,B,PEDESTRIAN,,1,0,D,DARK-NO STREET LIGHTS,,,,,,,B,CROSSING IN CROSS WALK AT INTERSECTION,,D,,,,STANFORD AV,1,,,A,S,10.0,59TH ST,F,,D,7/31/2024 12:06:20 PM,1/30/2025 1:44:59 PM,,,2,,,,,,,
3045445,20-062272,2,False,0109,12/20/2020 8:47:00 PM,2047,33X,14,109,Oakland,1,True,True,A,HEAD-ON,,Sunday,,,,,False,False,False,,,,,1,0,C,DARK-STREET LIGHTS,,,,,,,A,NO PEDESTRIANS INVOLVED,,A,22107,,1,86TH AV,2,,,A,,,D ST,,,D,7/31/2024 12:06:20 PM,1/30/2025 1:44:59 PM,,,2,,,,,,,
3045444,20-053233,2,False,0109,10/28/2020 3:01:00 PM,1501,04X,14,109,Oakland,1,True,True,A,HEAD-ON,,Wednesday,,,,,False,False,True,,I,FIXED OBJECT,,2,0,A,DAYLIGHT,,,,,,,A,NO PEDESTRIANS INVOLVED,,A,22107,,1,14TH ST,1,,,A,E,60.0,OAK ST,F,,A,7/31/2024 12:06:20 PM,1/30/2025 1:44:59 PM,,,2,,,,,,,
3045443,20-059247,2,False,0109,12/3/2020 2:14:00 PM,1414,26X,14,109,Oakland,1,True,True,D,BROADSIDE,,Thursday,,,M,,False,False,True,,C,OTHER MOTOR VEHICLE,,1,0,A,DAYLIGHT,,,,,,,A,NO PEDESTRIANS INVOLVED,,A,21453A,,1,INTERNATIONAL BL,2,,,A,,,46TH AV,,,A,7/31/2024 12:06:20 PM,1/30/2025 1:44:59 PM,,,2,,,,,,,
3045441,20-060674,2,False,0109,12/11/2020 8:33:00 AM,833,26X,14,109,Oakland,1,True,True,B,SIDE SWIPE,,Friday,,,F,,False,False,False,,C,OTHER MOTOR VEHICLE,,1,0,A,DAYLIGHT,,,,,,,A,NO PEDESTRIANS INVOLVED,,A,22450A,,1,SEMINARY AV,2,,,A,,,EASTLAWN ST,,,D,7/31/2024 12:06:19 PM,1/30/2025 1:44:59 PM,,,2,,,,,,,
3045440,20-060268,2,False,0109,12/9/2020 1:10:00 AM,110,32Y,14,109,Oakland,1,True,True,D,BROADSIDE,,Wednesday,,,M,,False,False,True,,C,OTHER MOTOR VEHICLE,,1,0,C,DARK-STREET LIGHTS,,,,,,,A,NO PEDESTRIANS INVOLVED,,A,21453A,,1,MACARTHUR BL,2,,,A,,,98TH AV,,,A,7/31/2024 12:06:19 PM,1/30/2025 1:44:59 PM,,,2,,,,,,,
3045439,20-060435,2,False,0109,12/9/2020 11:10:00 PM,2310,30X,14,109,Oakland,1,True,True,G,VEHICLE/PEDESTRAIN,,Wednesday,,,F,,False,False,False,,B,PEDESTRIAN,,1,0,C,DARK-STREET LIGHTS,,,,,,,D,CROSSING - NOT IN CROSSWALK,,A,22107,,1,HALLIDAY AV,2,,,A,W,75.0,73RD AV,F,,D,7/31/2024 12:06:19 PM,1/30/2025 1:44:59 PM,,,2,,,,,,,
3045437,20-059709,2,False,0109,12/5/2020 6:54:00 PM,1854,19X,14,109,Oakland,1,True,True,A,HEAD-ON,,Saturday,,,M,,False,False,False,,C,OTHER MOTOR VEHICLE,,2,0,B,DUSK-DAWN,,,,,,,A,NO PEDESTRIANS INVOLVED,,A,22107,,1,MACARTHUR BL,1,,,A,,,BEAUMONT AV,,,A,7/31/2024 12:06:19 PM,1/30/2025 1:44:59 PM,,,2,,,,,,,
3045436,20-061099,2,False,0109,12/13/2020 9:36:00 PM,2136,30X,14,109,Oakland,1,True,True,B,SIDE SWIPE,,Sunday,,,M,,False,False,False,,C,OTHER MOTOR VEHICLE,,1,0,B,DUSK-DAWN,,,,,,,A,NO PEDESTRIANS INVOLVED,,A,22107,,1,WELD ST,2,,,B,W,40.0,79TH AV,F,,D,7/31/2024 12:06:19 PM,1/30/2025 1:44:59 PM,,,2,,,,,,,